name,brand,calories_per_100g,protein_per_100g,carbs_per_100g,fat_per_100g,fiber_per_100g,water_per_100g,portion_name,portion_grams,source,external_id
Aceite de naranja,,8.47,0.1,1.77,0.11,0.52,97.2,,,INCMNSZ/CONABIO 2019 (fibra bruta),3073
Acelga,,20,2.6,2.96,0.34,0.9,91.2,,,INCMNSZ/CONABIO 2019 (fibra bruta),3495
Achiote,,266,14.2,55.54,3.96,13.8,8,,,INCMNSZ/CONABIO 2019 (fibra bruta),3498
Aguacate Hoja,,295.6,18.9,49.6,2.4,17.9,5,,,INCMNSZ/CONABIO 2019 (fibra bruta),3499
Ajo,,151,3.5,36.15,0.34,1.61,52.7,,,INCMNSZ/CONABIO 2019 (fibra bruta),2962
Ajo Deshidratado Y Molido,,304,14.33,60.24,0.66,7.49,8.37,,,INCMNSZ/CONABIO 2019 (fibra bruta),2966
"Ajo, fresco",,108.33,4.79,21.64,0.29,0.38,71.3,,,INCMNSZ/CONABIO 2019 (fibra bruta),2965
Ajonjoli Garapiñado,,547,16.4,31.7,39.4,7.45,1.2,,,INCMNSZ/CONABIO 2019 (fibra bruta),1740
Ajonjoli Grano,,551,20.6,13.29,50.91,6.3,4.1,,,INCMNSZ/CONABIO 2019 (fibra bruta),1741
Ajonjoli Grano,,529,19.05,10.92,50.05,9.42,4.65,,,INCMNSZ/CONABIO 2019 (fibra bruta),1743
Ajonjoli Harina,,337,44.8,35.2,2.2,61.6,4.6,,,INCMNSZ/CONABIO 2019,1745
Ajonjoli Harina Residual,,282.5,32.9,26.5,5.5,57.8,8.9,,,INCMNSZ/CONABIO 2019,1746
"Ajonjoli Harina, Semilla Descascarrillada",,313,44.25,31.34,3.87,5.2,7.68,,,INCMNSZ/CONABIO 2019 (fibra bruta),1747
Alcachofa,,14,3.29,1.42,0.1,3.45,82.62,,,INCMNSZ/CONABIO 2019 (fibra bruta),3500
Alelon Grano,,325,8.3,67.33,2.67,11.3,10.1,,,INCMNSZ/CONABIO 2019 (fibra bruta),1749
Alfalfa,,30,3.66,4.84,0.48,3.12,86.5,,,INCMNSZ/CONABIO 2019 (fibra bruta),3503
Alga Spirulina Maxima,,263,61.8,11.1,7.5,0,7.2,,,INCMNSZ/CONABIO 2019 (fibra bruta),10
Alga Spirulina Maxima,,365,63.9,14.7,5.6,2.1,7.9,,,INCMNSZ/CONABIO 2019 (fibra bruta),11
Alga spirulina máxima,,467,61.76,16.3,2.87,0,7.7,,,INCMNSZ/CONABIO 2019 (fibra bruta),12
Almendra,,539,24.46,23.38,42.92,2.7,3.54,,,INCMNSZ/CONABIO 2019 (fibra bruta),1751
Almendra Almendrón,,568,27.5,3.85,54.6,9.2,2.7,,,INCMNSZ/CONABIO 2019 (fibra bruta),1753
Aloe Vera Jugo,,6.5,0.1,0.4,0.5,0.1,98.5,,,INCMNSZ/CONABIO 2019 (fibra bruta),3074
"Alubia Fabada, Enlatada",,73,4,5.6,4.4,5.8,79.1,,,INCMNSZ/CONABIO 2019 (fibra bruta),2628
Alubia Harina,,325,19.4,58.62,2.78,6.6,7.7,,,INCMNSZ/CONABIO 2019 (fibra bruta),2635
Alubia Puré,,130,5.9,19,3.9,0.1,68.5,,,INCMNSZ/CONABIO 2019 (fibra bruta),2636
Amaranto Alegría,,359,7.2,76.5,3.8,2.5,8.4,,,INCMNSZ/CONABIO 2019 (fibra bruta),1754
Amaranto Barra Con Chocolate,,515,4.7,64.9,26.2,1.2,1.4,,,INCMNSZ/CONABIO 2019 (fibra bruta),1757
Amaranto Barra Energética,,494.62,9.95,52.37,27.26,2.87,5.4,,,INCMNSZ/CONABIO 2019 (fibra bruta),1758
Amaranto Barra Tipo Alegría,,395,8,80.8,3.68,1.58,4.65,,,INCMNSZ/CONABIO 2019 (fibra bruta),1759
Amaranto Barrita Con Chocolate,,389,5.1,84.3,3.3,1.9,4.3,,,INCMNSZ/CONABIO 2019 (fibra bruta),1760
Amaranto Barrita Con Chocolate Y Nuez,,398,9.6,69,10,4.6,5.5,,,INCMNSZ/CONABIO 2019 (fibra bruta),1761
Amaranto Cereal Con Miel Y Azúcar,,394,7.3,81.7,4.3,2.8,2.4,,,INCMNSZ/CONABIO 2019 (fibra bruta),1763
Amaranto Con Cacahuate Y Pepita,,468.4,12.8,62.9,18.4,0.7,3.7,,,INCMNSZ/CONABIO 2019 (fibra bruta),1765
Amaranto Con Chocolate,,437,7.7,73.2,12.6,3.4,1.8,,,INCMNSZ/CONABIO 2019 (fibra bruta),1766
Amaranto Con Chocolate,,514.11,5.44,64.52,26.03,1.43,1,,,INCMNSZ/CONABIO 2019 (fibra bruta),1767
Amaranto Con Moka,,366.13,14.52,68.44,3.81,2.31,8.78,,,INCMNSZ/CONABIO 2019 (fibra bruta),1768
Amaranto con Palomitas de Maíz,,425.37,5.8,75.23,11.25,1.23,5.2,,,INCMNSZ/CONABIO 2019 (fibra bruta),1769
"Amaranto En Dulce, Barra",,388,7.8,78.4,4.8,1.6,6,,,INCMNSZ/CONABIO 2019 (fibra bruta),1770
Amaranto Enriquecido Con Miel De Abeja,,399,8.1,80.4,5,3.7,1.6,,,INCMNSZ/CONABIO 2019 (fibra bruta),1771
Amaranto Galleta,,486.65,7.76,66.36,21.13,0.22,3.1,,,INCMNSZ/CONABIO 2019 (fibra bruta),1773
Amaranto Grano,,360,13,65,6,4,10,,,INCMNSZ/CONABIO 2019 (fibra bruta),1774
Amaranto Grano,,372,14.1,67.2,6,2.9,7.1,,,INCMNSZ/CONABIO 2019 (fibra bruta),1775
Amaranto Grano,,366.91,13.05,64.3,6.39,2.98,9.9,,,INCMNSZ/CONABIO 2019 (fibra bruta),1778
Amaranto Granola,,530.83,14.27,55.93,23.53,1.18,3.1,,,INCMNSZ/CONABIO 2019 (fibra bruta),1780
Amaranto Harina,,380.57,14.55,65.54,6.69,5.17,3.7,,,INCMNSZ/CONABIO 2019 (fibra bruta),1782
Amaranto Harina,,388.05,16.19,65.14,6.97,4.35,4.3,,,INCMNSZ/CONABIO 2019 (fibra bruta),1783
Amaranto Harina Germinada,,348,18.3,57.3,6.2,3.7,11.8,,,INCMNSZ/CONABIO 2019 (fibra bruta),1784
Amaranto Harina Integral,,369,14.5,64.7,6.6,3,8.7,,,INCMNSZ/CONABIO 2019 (fibra bruta),1785
Amaranto Harina Reventada,,384,14.8,68.1,6.7,3.2,4.2,,,INCMNSZ/CONABIO 2019 (fibra bruta),1786
Amaranto Hoja,,59.86,5.57,7.46,0.86,2.35,79.7,,,INCMNSZ/CONABIO 2019 (fibra bruta),1787
Amaranto Mazapan Con Cacahuate,,511.47,19.43,39.88,30.47,2.49,2.1,,,INCMNSZ/CONABIO 2019 (fibra bruta),1788
Amaranto Oblea,,379.03,9.67,84.66,0.19,1.69,2.9,,,INCMNSZ/CONABIO 2019 (fibra bruta),1789
Amaranto Palanqueta,,393.5,8.3,81.3,3.9,2.3,2.9,,,INCMNSZ/CONABIO 2019 (fibra bruta),1790
Amaranto Palanqueta,,432.4,12.1,68.1,12.4,3.1,2.8,,,INCMNSZ/CONABIO 2019 (fibra bruta),1791
Amaranto Palanqueta,,368,8.3,80.1,1.6,4.8,3.7,,,INCMNSZ/CONABIO 2019 (fibra bruta),1792
Amaranto Palanqueta,,407,9.2,71.3,12.5,1.9,2.6,,,INCMNSZ/CONABIO 2019 (fibra bruta),1793
Amaranto Palanqueta,,396,9,73.9,8.7,2.4,4.3,,,INCMNSZ/CONABIO 2019 (fibra bruta),1794
Amaranto Palanqueta,,392.18,6.55,79.66,5.26,0.2,6,,,INCMNSZ/CONABIO 2019 (fibra bruta),1795
Amaranto Panqué,,407.11,8.9,46.91,20.43,0.14,22.6,,,INCMNSZ/CONABIO 2019 (fibra bruta),1797
Amaranto Pepitoria,,401.76,9.93,78.18,5.48,0.92,4.3,,,INCMNSZ/CONABIO 2019 (fibra bruta),1796
"Amaranto Polvo Para Malteada Con Amaranto, Sabor Chocolate",,407,8.72,79.78,5.28,1.63,2.39,,,INCMNSZ/CONABIO 2019 (fibra bruta),1799
Amaranto Procesado,,383,10.9,74.9,4.4,3.9,3,,,INCMNSZ/CONABIO 2019 (fibra bruta),1800
Amaranto Reventado Al 100%,,411.73,13.74,71.35,7.93,3.27,0.9,,,INCMNSZ/CONABIO 2019 (fibra bruta),1802
Amaranto Reventado Al 50%,,368.33,14.86,63.34,6.17,6.31,3,,,INCMNSZ/CONABIO 2019 (fibra bruta),1803
Amaranto semilla,,365.34,7.11,78.96,2.34,1.72,8.1,,,INCMNSZ/CONABIO 2019 (fibra bruta),1779
Amaranto Solo,,425.4,16.6,63.2,11.8,2.9,3,,,INCMNSZ/CONABIO 2019 (fibra bruta),1804
"Amaranto, Alegria Con Cacahuate",,409.35,9.48,75.15,7.87,4.07,2,,,INCMNSZ/CONABIO 2019,1755
"Amaranto, Alegria Con Chocolate",,409.62,6.23,76.96,8.54,10.95,2,,,INCMNSZ/CONABIO 2019,1756
"Amaranto, Botana Extrudida En Forma De Churrito",,481.99,10.33,53.94,24.99,2.52,4.5,,,INCMNSZ/CONABIO 2019 (fibra bruta),1762
"Amaranto, Cereal Para Desayuno, Hojuela Con Chocolate",,466.64,7.97,68.9,17.66,0,3,,,INCMNSZ/CONABIO 2019 (fibra bruta),1764
Angu (Quimbombo),,49,2.31,12.12,0.2,1.17,83,,,INCMNSZ/CONABIO 2019 (fibra bruta),3508
Antojitos Cemita De Jamón,,174,7.14,19.83,7.34,0.38,63.18,,,INCMNSZ/CONABIO 2019 (fibra bruta),3075
Antojitos Cemita De Milanesa,,282,13.44,23.04,15.16,0.5,45.46,,,INCMNSZ/CONABIO 2019 (fibra bruta),3076
Antojitos Chalupas,,172,5.8,17.84,8.59,0.58,66.31,,,INCMNSZ/CONABIO 2019 (fibra bruta),3077
Antojitos Chanclas O Pambazos,,131,4.5,12.2,7.16,1.08,72.47,,,INCMNSZ/CONABIO 2019 (fibra bruta),3078
Antojitos Crepas Poblanas,,216,13.85,8.04,14.31,0.39,63.41,,,INCMNSZ/CONABIO 2019 (fibra bruta),3079
Antojitos Gordita de Chicharrón,,306.6,12.69,23.64,14.09,0.57,47,,,INCMNSZ/CONABIO 2019 (fibra bruta),3080
Antojitos Gordita De Chicharrón,,382.19,17.14,24.36,20.24,0.26,35.6,,,INCMNSZ/CONABIO 2019 (fibra bruta),3081
Antojitos Gordita De Chicharrón,,446.06,14.3,25.2,18.33,0.44,39.2,,,INCMNSZ/CONABIO 2019 (fibra bruta),3082
Antojitos Gordita De Chicharrón,,339.69,20.95,25.46,13.31,0.75,38,,,INCMNSZ/CONABIO 2019 (fibra bruta),3083
Antojitos Gordita De Chicharrón,,289.21,9.66,24.74,17.35,0.5,46.2,,,INCMNSZ/CONABIO 2019 (fibra bruta),3084
Antojitos Gordita De Chicharrón,,234.93,8.75,23.81,10.3,0.44,53.9,,,INCMNSZ/CONABIO 2019 (fibra bruta),3085
Antojitos Gordita De Chicharrón,,370.44,12,27.07,21.93,0.38,36,,,INCMNSZ/CONABIO 2019 (fibra bruta),3086
Antojitos Gordita De Chicharrón,,328.92,13.91,20.5,17.6,0.48,45.9,,,INCMNSZ/CONABIO 2019 (fibra bruta),3087
Antojitos Gordita De Chicharrón,,286.31,11.72,24.23,11.66,0.49,49.9,,,INCMNSZ/CONABIO 2019 (fibra bruta),3088
Antojitos Gordita De Chicharrón,,386.14,16.4,29.34,17.67,0.23,35,,,INCMNSZ/CONABIO 2019 (fibra bruta),3089
Antojitos Mejoralitos,,225,3.36,24.88,12.42,1.18,58.32,,,INCMNSZ/CONABIO 2019 (fibra bruta),3090
Antojitos Memelas,,182,3.4,28.33,6.07,0.78,61.42,,,INCMNSZ/CONABIO 2019 (fibra bruta),3091
Antojitos Memelas,,196,3.89,30.74,6.39,1.02,57.96,,,INCMNSZ/CONABIO 2019 (fibra bruta),3092
Antojitos Molotes,,221,3.18,12.81,17.42,0.47,64.95,,,INCMNSZ/CONABIO 2019 (fibra bruta),3093
Antojitos Pambazo De Papa Y Chorizo,,209.42,4.83,29.42,6.51,0.07,57.3,,,INCMNSZ/CONABIO 2019 (fibra bruta),3094
Antojitos Pambazo De Papa Y Chorizo,,222.46,4.36,24.65,9.26,0.4,59.5,,,INCMNSZ/CONABIO 2019 (fibra bruta),3095
Antojitos Pambazo De Papa Y Chorizo,,175.4,4.82,25.18,4.46,0.28,63.3,,,INCMNSZ/CONABIO 2019 (fibra bruta),3096
Antojitos Pambazo De Papa Y Longaniza,,245.32,5.87,27.87,10.58,0.13,53.8,,,INCMNSZ/CONABIO 2019 (fibra bruta),3097
Antojitos Pambazo De Pollo,,183.28,10.26,20.45,3.87,0,63.5,,,INCMNSZ/CONABIO 2019 (fibra bruta),3098
Antojitos Pambazo De Pollo,,184.61,9.47,16.25,6.21,0.34,65.7,,,INCMNSZ/CONABIO 2019 (fibra bruta),3099
Antojitos Pambazo De Pollo,,262.84,15.26,20.23,9.64,0.11,53.3,,,INCMNSZ/CONABIO 2019 (fibra bruta),3100
Antojitos Pambazo De Pollo,,184.23,8.08,20.4,6.17,0.08,63.5,,,INCMNSZ/CONABIO 2019 (fibra bruta),3101
Antojitos Pambazo De Pollo,,240.69,10.22,21.13,10.47,0.11,56.4,,,INCMNSZ/CONABIO 2019 (fibra bruta),3102
Antojitos Pambazo De Pollo (Tinga),,205.75,7.95,21.67,6.99,0.23,61.8,,,INCMNSZ/CONABIO 2019 (fibra bruta),3103
Antojitos Quesadilla De Champiñón,,166.93,3.88,24.05,5.13,0.3,65.3,,,INCMNSZ/CONABIO 2019 (fibra bruta),3105
Antojitos Quesadilla De Champiñón,,214.74,3.93,21.71,12.48,0.49,60,,,INCMNSZ/CONABIO 2019 (fibra bruta),3106
Antojitos Quesadilla De Champiñón,,148.83,5.89,25.84,2.88,1.2,62.5,,,INCMNSZ/CONABIO 2019 (fibra bruta),3107
Antojitos Quesadilla De Champiñón,,161.29,3.85,25.73,3.38,1.05,64.7,,,INCMNSZ/CONABIO 2019 (fibra bruta),3108
Antojitos Quesadilla De Champiñón,,221.71,4.38,25.53,9.78,2.15,56.8,,,INCMNSZ/CONABIO 2019 (fibra bruta),3109
Antojitos Quesadilla De Champiñón,,157.21,4.23,22.39,3.5,1.07,67.4,,,INCMNSZ/CONABIO 2019 (fibra bruta),3110
Antojitos Quesadilla De Hongos,,263.7,10.12,21.92,11.45,0.36,53.3,,,INCMNSZ/CONABIO 2019 (fibra bruta),3111
Antojitos Quesadilla De Hongos,,177.33,4.56,21.06,9.7,0.48,61.8,,,INCMNSZ/CONABIO 2019 (fibra bruta),3112
Antojitos Quesadilla De Hongos,,186.69,3.8,23.17,5.77,0.82,64.7,,,INCMNSZ/CONABIO 2019 (fibra bruta),3113
Antojitos Quesadilla De Hongos Con Queso,,226.5,4.47,22.38,12.1,0.45,58.3,,,INCMNSZ/CONABIO 2019 (fibra bruta),3114
Antojitos Quesadilla De Papa,,168.06,3.89,29.58,3.15,0.61,61,,,INCMNSZ/CONABIO 2019 (fibra bruta),3115
Antojitos Quesadilla De Papa,,160.51,3.62,28.2,2.84,0.78,63.4,,,INCMNSZ/CONABIO 2019 (fibra bruta),3116
Antojitos Quesadilla De Papa,,288.84,2.99,20.97,19.19,0.21,55.4,,,INCMNSZ/CONABIO 2019 (fibra bruta),3117
Antojitos Quesadilla De Papa,,257.01,4.44,36.43,8.48,0.51,48.8,,,INCMNSZ/CONABIO 2019 (fibra bruta),3118
Antojitos Quesadilla De Papa,,167.6,3.35,22.23,5.9,0.71,66.4,,,INCMNSZ/CONABIO 2019 (fibra bruta),3119
Antojitos Quesadilla De Papa,,186.3,3.41,31.1,5.07,0.33,59,,,INCMNSZ/CONABIO 2019 (fibra bruta),3120
Antojitos Quesadilla De Papa,,160.15,3.04,26.55,2.55,0.79,65.4,,,INCMNSZ/CONABIO 2019 (fibra bruta),3121
Antojitos Quesadilla De Papa Con Queso Manchego,,275.41,9.04,27.79,12.31,0.19,48,,,INCMNSZ/CONABIO 2019 (fibra bruta),3122
Antojitos Quesadilla De Papa Con Queso Y Chorizo,,186.99,4.35,26.12,4.79,1.06,61.7,,,INCMNSZ/CONABIO 2019 (fibra bruta),3123
Antojitos Quesadilla De Papa Con Queso Y Chorizo,,191.13,3.64,27.05,5.44,0.31,62.2,,,INCMNSZ/CONABIO 2019 (fibra bruta),3124
Antojitos Quesadilla De Pollo,,194.65,9.83,23.03,4.16,0.63,60.4,,,INCMNSZ/CONABIO 2019 (fibra bruta),3125
Antojitos Quesadilla De Pollo,,240.62,19.72,21.77,15.91,0.28,41.1,,,INCMNSZ/CONABIO 2019 (fibra bruta),3126
Antojitos Quesadilla De Pollo,,185.98,12.41,21.35,2.57,0.42,61.8,,,INCMNSZ/CONABIO 2019 (fibra bruta),3127
Antojitos Quesadilla De Pollo,,317.41,19.77,19.51,13.28,0.11,44.4,,,INCMNSZ/CONABIO 2019 (fibra bruta),3128
Antojitos Quesadilla De Pollo,,186.3,10.72,16.56,10.19,0.37,60.3,,,INCMNSZ/CONABIO 2019 (fibra bruta),3129
Antojitos Quesadilla De Pollo,,170.1,8.81,20.07,2.32,2.12,65.3,,,INCMNSZ/CONABIO 2019 (fibra bruta),3130
Antojitos Quesadilla De Pollo,,217.55,10.82,21.38,7.17,0.77,58.4,,,INCMNSZ/CONABIO 2019 (fibra bruta),3131
Antojitos Quesadilla De Pollo,,220.38,14.88,27.61,2.05,0.43,53.6,,,INCMNSZ/CONABIO 2019 (fibra bruta),3132
Antojitos Quesadilla De Pollo,,176.72,13.63,17.36,2.6,0.12,64.5,,,INCMNSZ/CONABIO 2019 (fibra bruta),3133
Antojitos Quesadilla De Pollo (Tinga),,230.08,8.48,21.12,10.66,0.3,57.8,,,INCMNSZ/CONABIO 2019 (fibra bruta),3134
Antojitos Quesadilla De Queso,,276.3,17.47,24.63,9.1,0.44,46.6,,,INCMNSZ/CONABIO 2019 (fibra bruta),3135
Antojitos Quesadilla De Queso,,302.43,12.34,26.79,10.52,0.36,47.8,,,INCMNSZ/CONABIO 2019 (fibra bruta),3136
Antojitos Quesadilla De Queso,,359.46,14.46,23.67,19.11,0.23,40.2,,,INCMNSZ/CONABIO 2019 (fibra bruta),3137
Antojitos Quesadilla De Queso,,328.02,13.55,24.52,16.12,0.18,43.4,,,INCMNSZ/CONABIO 2019 (fibra bruta),3138
Antojitos Quesadilla De Queso,,360.47,16.3,21.54,18.32,0.12,39.9,,,INCMNSZ/CONABIO 2019 (fibra bruta),3139
Antojitos Quesadilla De Queso,,352.31,13.66,27.39,16.31,0.36,39,,,INCMNSZ/CONABIO 2019 (fibra bruta),3140
Antojitos Quesadilla De Queso,,275.13,8.37,30.27,9.94,0.42,49.6,,,INCMNSZ/CONABIO 2019 (fibra bruta),3141
Antojitos Quesadilla De Queso,,305.86,15.95,23.05,12.8,0.3,44.9,,,INCMNSZ/CONABIO 2019 (fibra bruta),3142
Antojitos Quesadilla De Queso,,279.98,12.16,27.12,11.35,0.37,47,,,INCMNSZ/CONABIO 2019 (fibra bruta),3143
Antojitos Quesadilla De Queso,,283,12.5,21.69,11.59,0.28,51.3,,,INCMNSZ/CONABIO 2019 (fibra bruta),3144
Antojitos Quesadillas De Cacaxtla,,203,10.1,20.88,8.73,0.61,57.57,,,INCMNSZ/CONABIO 2019 (fibra bruta),3104
Antojitos Sope Con Bisteck,,254.42,10.32,18.2,12.78,0.27,56.6,,,INCMNSZ/CONABIO 2019 (fibra bruta),3145
Antojitos Sope Con Bisteck,,221.71,12.77,13.22,10.53,0.18,61.9,,,INCMNSZ/CONABIO 2019 (fibra bruta),3146
Antojitos Sope Con Bisteck,,236.79,10.7,20.49,9.45,0.65,57.3,,,INCMNSZ/CONABIO 2019 (fibra bruta),3147
Antojitos Sope Con Bisteck,,266.62,8.49,19.55,14.67,0.28,55.3,,,INCMNSZ/CONABIO 2019 (fibra bruta),3148
Antojitos Sope Con Bisteck,,245.37,14.17,17.74,10.99,0.28,54.9,,,INCMNSZ/CONABIO 2019 (fibra bruta),3149
Antojitos Sope Con Bisteck,,239.73,11.41,18.38,10.89,0.3,56.6,,,INCMNSZ/CONABIO 2019 (fibra bruta),3150
Antojitos Sope Con Bisteck,,258.34,10.35,22.79,11.23,0.51,52.8,,,INCMNSZ/CONABIO 2019 (fibra bruta),3151
Antojitos Sope Con Bisteck,,292.12,16.77,12.91,15.87,0.2,52.9,,,INCMNSZ/CONABIO 2019 (fibra bruta),3152
Antojitos Sope Con Bisteck,,311.09,10.98,26.33,13.74,0.56,46.4,,,INCMNSZ/CONABIO 2019 (fibra bruta),3153
Antojitos Sope Con Bisteck,,237.68,12.45,18.33,8.56,0.23,58.5,,,INCMNSZ/CONABIO 2019 (fibra bruta),3154
Antojitos Sope Sencillo,,240.62,6.51,22.59,11.46,0.25,57.5,,,INCMNSZ/CONABIO 2019 (fibra bruta),3155
Antojitos Sope Sencillo,,179.23,5.04,18.05,8.57,0.14,67,,,INCMNSZ/CONABIO 2019 (fibra bruta),3156
Antojitos Sope Sencillo,,250.64,4.43,28.53,12.12,0.4,52.7,,,INCMNSZ/CONABIO 2019 (fibra bruta),3157
Antojitos Sope Sencillo,,241.74,5.47,25.94,12.9,0.53,53.7,,,INCMNSZ/CONABIO 2019 (fibra bruta),3158
Antojitos Sope Sencillo,,139.16,2.23,22.68,3.61,0.35,69.8,,,INCMNSZ/CONABIO 2019 (fibra bruta),3159
Antojitos Sope Sencillo,,198.8,5.5,19.83,8.2,0.36,64,,,INCMNSZ/CONABIO 2019 (fibra bruta),3160
Antojitos Sope Sencillo,,208.44,4.18,29.05,7.96,0.78,55.7,,,INCMNSZ/CONABIO 2019 (fibra bruta),3161
Antojitos Sope Sencillo,,229.65,4.85,22.3,11.34,1.94,58.7,,,INCMNSZ/CONABIO 2019 (fibra bruta),3162
Antojitos Sope Sencillo,,185.26,4.29,24.14,5.6,0.42,63.6,,,INCMNSZ/CONABIO 2019 (fibra bruta),3163
Antojitos Tlacoyo De Frijol,,196.62,5.25,28.14,4.9,1.05,59.1,,,INCMNSZ/CONABIO 2019 (fibra bruta),3165
Antojitos Tlacoyo De Frijol,,209.27,4.86,29.2,5.83,1.3,57.3,,,INCMNSZ/CONABIO 2019 (fibra bruta),3166
Antojitos Tlacoyo De Frijol,,285.21,5.1,34.01,12.78,0.68,45.3,,,INCMNSZ/CONABIO 2019 (fibra bruta),3167
Antojitos Tlacoyo De Frijol,,281.46,5.53,31.71,12.69,0.7,48.1,,,INCMNSZ/CONABIO 2019 (fibra bruta),3168
Antojitos Tlacoyo De Frijol,,196,4.17,27.28,7.75,0.92,58.1,,,INCMNSZ/CONABIO 2019 (fibra bruta),3169
Antojitos Tlacoyo De Frijol,,199.73,4.5,29.26,5.64,1.06,57.7,,,INCMNSZ/CONABIO 2019 (fibra bruta),3170
Antojitos Tlacoyo De Frijol,,196.11,5.19,32.47,2.49,1.26,56.9,,,INCMNSZ/CONABIO 2019 (fibra bruta),3171
Antojitos Tlacoyo De Frijol,,322.83,5.47,32.05,14.87,1.23,44.8,,,INCMNSZ/CONABIO 2019 (fibra bruta),3172
Antojitos Tlacoyo De Frijol,,185.88,5.19,24.04,5.78,0.97,62.2,,,INCMNSZ/CONABIO 2019 (fibra bruta),3173
Antojitos Tlacoyo De Frijol,,199.75,4.24,25.17,6.78,0.6,61.4,,,INCMNSZ/CONABIO 2019 (fibra bruta),3174
Antojitos Tlacoyo De Requesón,,160.64,4.32,23.15,4.28,0.69,65.3,,,INCMNSZ/CONABIO 2019 (fibra bruta),3175
Antojitos Tlacoyo De Requesón,,180.89,7.09,18.13,8.4,0.14,64,,,INCMNSZ/CONABIO 2019 (fibra bruta),3176
Antojitos Tlacoyo De Requesón,,259.41,4.91,26.17,11.83,0.54,55.3,,,INCMNSZ/CONABIO 2019 (fibra bruta),3177
Antojitos Tlacoyo De Requesón,,231.54,6.57,27.28,8.85,0.24,55.7,,,INCMNSZ/CONABIO 2019 (fibra bruta),3178
Antojitos Tlacoyo De Requesón,,187.78,4.99,22.83,7.12,0.6,61.6,,,INCMNSZ/CONABIO 2019 (fibra bruta),3179
Antojitos Tlacoyo De Requesón,,197.7,4.88,25.73,6.11,0.6,59.7,,,INCMNSZ/CONABIO 2019 (fibra bruta),3180
Antojitos Tlacoyo De Requesón,,157.28,5.37,17.09,5.46,0.27,70.2,,,INCMNSZ/CONABIO 2019 (fibra bruta),3181
Antojitos Tlacoyo De Requesón,,221.51,2.15,28.55,8.7,0.22,58.1,,,INCMNSZ/CONABIO 2019 (fibra bruta),3182
Antojitos Tlacoyo De Requesón,,182.74,5.34,22.86,5.9,0.35,63.2,,,INCMNSZ/CONABIO 2019 (fibra bruta),3183
Antojitos Tlacoyo De Requesón,,141.24,5.11,20.71,2.26,0.42,68.5,,,INCMNSZ/CONABIO 2019 (fibra bruta),3184
Antojitos Tlacoyos,,206,12.14,4.19,15.63,0.22,67.82,,,INCMNSZ/CONABIO 2019 (fibra bruta),3164
Antojitos Tostada De Pata,,128.41,7.55,7.35,5.49,0.62,77.6,,,INCMNSZ/CONABIO 2019 (fibra bruta),3185
Antojitos Tostada De Pata,,126.86,6.41,10.2,5,0.01,75.9,,,INCMNSZ/CONABIO 2019 (fibra bruta),3186
Antojitos Tostada De Pata,,196.64,11.92,7.82,10.61,0.24,66.9,,,INCMNSZ/CONABIO 2019 (fibra bruta),3187
Antojitos Tostada De Pata,,119.96,6.99,5.25,7.17,0.08,78.7,,,INCMNSZ/CONABIO 2019 (fibra bruta),3188
Antojitos Tostada De Pata,,126.55,11.83,3.86,4.27,0.13,76.9,,,INCMNSZ/CONABIO 2019 (fibra bruta),3189
Antojitos Tostada De Pata,,116.65,7.81,8.79,3.55,0.11,77.3,,,INCMNSZ/CONABIO 2019 (fibra bruta),3190
Antojitos Tostada De Pata,,100.61,6.97,7.4,5.1,0.07,79.5,,,INCMNSZ/CONABIO 2019 (fibra bruta),3191
Antojitos Tostada De Pata,,188.62,5.97,12.95,12.4,0.29,67.7,,,INCMNSZ/CONABIO 2019 (fibra bruta),3192
Antojitos Tostada De Pata,,100.85,6.07,7.52,3.48,0.09,82,,,INCMNSZ/CONABIO 2019 (fibra bruta),3193
Antojitos Tostada De Pata,,126.15,7.09,8.22,5.05,0.01,77.8,,,INCMNSZ/CONABIO 2019 (fibra bruta),3194
Arroz  Guisado Rojo,,164.41,2.72,23.75,5.68,0,66.8,,,INCMNSZ/CONABIO 2019 (fibra bruta),2100
Arroz  Guisado Rojo,,132.98,3.57,19.95,4.3,0,70.8,,,INCMNSZ/CONABIO 2019 (fibra bruta),2101
Arroz  Guisado Rojo,,138.96,3.23,21.43,3.3,0.5,70.1,,,INCMNSZ/CONABIO 2019 (fibra bruta),2102
Arroz  Guisado Rojo,,126.62,1.78,23.91,1.99,0,70.3,,,INCMNSZ/CONABIO 2019 (fibra bruta),2103
Arroz  Guisado Rojo,,133.62,2.88,23.02,3.87,0.01,69.3,,,INCMNSZ/CONABIO 2019 (fibra bruta),2104
Arroz  Guisado Rojo,,155.81,3.1,23.11,5.29,0,67.2,,,INCMNSZ/CONABIO 2019 (fibra bruta),2105
Arroz  Guisado Rojo,,129.75,2.12,22.2,2.46,0,72.1,,,INCMNSZ/CONABIO 2019 (fibra bruta),2106
Arroz  Guisado Rojo,,144.57,2.75,23.61,2.83,0.1,69.1,,,INCMNSZ/CONABIO 2019 (fibra bruta),2107
Arroz  Guisado Rojo,,145.94,2.66,22.96,1.51,0.01,71.2,,,INCMNSZ/CONABIO 2019 (fibra bruta),2108
Arroz Atole,,366,10.5,74.7,2.8,0.5,10,,,INCMNSZ/CONABIO 2019 (fibra bruta),2065
Arroz Cereal Para Desayuno,,371,8.1,81.5,1.4,0.6,4.4,,,INCMNSZ/CONABIO 2019,2066
Arroz Cereal Para Desayuno,,412,12.6,75,6.8,0.8,2.1,,,INCMNSZ/CONABIO 2019 (fibra bruta),2067
Arroz Cereal Para Desayuno,,373,7.5,83.6,1,1.1,4.2,,,INCMNSZ/CONABIO 2019 (fibra bruta),2068
Arroz Cereal Para Desayuno,,378,5.2,86.8,1.1,0.4,3.8,,,INCMNSZ/CONABIO 2019 (fibra bruta),2069
Arroz Cereal Para Desayuno,,392,8.9,85.6,0.3,0.8,2.7,,,INCMNSZ/CONABIO 2019 (fibra bruta),2070
Arroz Cereal Para Desayuno,,405,7,87.7,1.6,1.5,0.7,,,INCMNSZ/CONABIO 2019 (fibra bruta),2071
Arroz Cocido (Blanco),,87,1.6,19.48,0.12,0,78.2,,,INCMNSZ/CONABIO 2019 (fibra bruta),2075
Arroz Con Leche,,236,7.8,16.9,15.5,0,58.3,,,INCMNSZ/CONABIO 2019 (fibra bruta),2077
Arroz Con Leche,,118,3.99,25.54,0.05,0.18,69.7,,,INCMNSZ/CONABIO 2019 (fibra bruta),2078
Arroz Con Verduras,,357,8.6,78.7,0.9,2.1,8.7,,,INCMNSZ/CONABIO 2019 (fibra bruta),2079
Arroz Cuadros Crujientes Con Malvadisco,,417,3.4,77.9,10.2,3.4,3.9,,,INCMNSZ/CONABIO 2019 (fibra bruta),2080
"Arroz Fortificado Con Proteínas, Vitaminas Y Minerales Sabor Pollo",,335.5,20.4,59.2,1.9,0.6,10.1,,,INCMNSZ/CONABIO 2019 (fibra bruta),2081
Arroz Galleta Azucarada,,476,6.7,49.9,29.1,8.2,4.1,,,INCMNSZ/CONABIO 2019 (fibra bruta),2082
Arroz Grano Pulido,,367,6.9,80.12,0.95,0.03,11.2,,,INCMNSZ/CONABIO 2019 (fibra bruta),2083
Arroz Grano Pulido,,353,7.94,76.07,0.81,3.08,11.46,,,INCMNSZ/CONABIO 2019 (fibra bruta),2086
Arroz Guisado,,141,2.15,22.12,4.95,0.08,69.8,,,INCMNSZ/CONABIO 2019 (fibra bruta),2088
Arroz Guisado Blanco,,144.27,2.83,23.77,3.53,0,68.9,,,INCMNSZ/CONABIO 2019 (fibra bruta),2089
Arroz Guisado Blanco,,172.58,2.55,20.91,7.11,0.11,68.6,,,INCMNSZ/CONABIO 2019 (fibra bruta),2090
Arroz Guisado Blanco,,134.11,2.61,22.08,4.02,0,70.3,,,INCMNSZ/CONABIO 2019 (fibra bruta),2091
Arroz Guisado Blanco,,212.19,3.36,29.89,6.51,0,59,,,INCMNSZ/CONABIO 2019 (fibra bruta),2092
Arroz Guisado Blanco,,109.67,2.53,22.08,1.23,0,73.4,,,INCMNSZ/CONABIO 2019 (fibra bruta),2093
Arroz Guisado Blanco,,192,2.77,30.91,4.67,0,60.1,,,INCMNSZ/CONABIO 2019 (fibra bruta),2094
Arroz Guisado Blanco,,149.16,3.29,30.12,1.87,0,63.9,,,INCMNSZ/CONABIO 2019 (fibra bruta),2095
Arroz Guisado Blanco,,123.48,2.42,18.93,2.9,0,75,,,INCMNSZ/CONABIO 2019 (fibra bruta),2096
Arroz Guisado Blanco,,147.81,2.25,26.72,2.81,0,67.1,,,INCMNSZ/CONABIO 2019 (fibra bruta),2097
Arroz Guisado Blanco,,197.38,3.52,29.03,5.6,0,59.7,,,INCMNSZ/CONABIO 2019 (fibra bruta),2098
Arroz Guisado Rojo,,175.5,3.36,25.62,5.42,0,64.1,,,INCMNSZ/CONABIO 2019 (fibra bruta),2099
Arroz Harina Refinada,,369,9,79.7,0.8,0.4,9.4,,,INCMNSZ/CONABIO 2019 (fibra bruta),2109
Arroz Harina Refinada,,366,6.3,81.4,1,0,10.4,,,INCMNSZ/CONABIO 2019 (fibra bruta),2110
Arroz Inflado,,396.2,7.1,84.3,3.4,0.6,2.8,,,INCMNSZ/CONABIO 2019 (fibra bruta),2111
Arroz Inflado Con Cubierta Sabor Chocolate,,501.1,5.1,67.3,23.5,0.7,1.3,,,INCMNSZ/CONABIO 2019 (fibra bruta),2112
Arroz Jarabe De Horchata,,319,1.8,74.4,0.3,0.2,23.1,,,INCMNSZ/CONABIO 2019 (fibra bruta),2114
Arroz Salvado (Aislado Proteico),,300,3.5,69.6,0.2,0.5,6.8,,,INCMNSZ/CONABIO 2019 (fibra bruta),2115
Avena Barra De Granola,,432,12,70.9,11.1,2,2.2,,,INCMNSZ/CONABIO 2019 (fibra bruta),2116
Avena Cereal Para Desayuno,,382,10.9,79.3,2.3,0.7,2.8,,,INCMNSZ/CONABIO 2019 (fibra bruta),2117
"Barra Cacahuate, Ajonjolí, Amaranto Y Arroz Inflado",,497,14.3,55.6,24.2,1.1,2.7,,,INCMNSZ/CONABIO 2019 (fibra bruta),3195
Barra Granola,,424,8,69.8,12.5,1.7,3.1,,,INCMNSZ/CONABIO 2019 (fibra bruta),3196
Barra Palanqueta,,466,11.6,67.2,16.8,1.3,1.9,,,INCMNSZ/CONABIO 2019 (fibra bruta),3197
Bebida  Nutricional Sabor Piña Colada,,50,0.9,11.2,0.4,0.1,86.2,,,INCMNSZ/CONABIO 2019 (fibra bruta),274
Bebida De Fruta Líquida (Limón),,39.5,0.02,9.45,0.18,0,90.28,,,INCMNSZ/CONABIO 2019 (fibra bruta),275
"Bebida De Fruta Líquida (Manzana, Piña)",,27.45,0.25,6.14,0.21,0.02,93.22,,,INCMNSZ/CONABIO 2019 (fibra bruta),276
"Bebida De Fruta Líquida (Zanahoria, Naranja, Papaya)",,37.25,0.23,8.61,0.21,0.1,90.59,,,INCMNSZ/CONABIO 2019 (fibra bruta),277
Bebida Durazno-Mango-Naranja,,46.2,0.1,10.1,0.6,0,89,,,INCMNSZ/CONABIO 2019,280
Bebida Nutricional Sabor Mango,,54,0.9,11.7,0.6,0.1,86.5,,,INCMNSZ/CONABIO 2019 (fibra bruta),297
Bebida Uva-Zarzamora,,45.5,0.1,10.1,0.5,0,89.2,,,INCMNSZ/CONABIO 2019,301
Berenjena,,26,1.42,5.9,0.18,1.2,90.8,,,INCMNSZ/CONABIO 2019 (fibra bruta),3514
Berro,,30,6.19,2.34,1.38,1.46,86.2,,,INCMNSZ/CONABIO 2019 (fibra bruta),3517
Berro,,23,2.81,3.44,0.5,1.45,90.6,,,INCMNSZ/CONABIO 2019 (fibra bruta),3518
Berro,,21,3.78,2.36,0.44,0.82,91,,,INCMNSZ/CONABIO 2019 (fibra bruta),3519
Berro,,24,2.56,3.4,0.75,0.79,91.6,,,INCMNSZ/CONABIO 2019 (fibra bruta),3520
Betabel,,42,1.06,10.94,0.15,2.05,85.3,,,INCMNSZ/CONABIO 2019 (fibra bruta),2968
Betabel Deshidratado,,337,12.1,61.7,4.6,6.4,5.8,,,INCMNSZ/CONABIO 2019 (fibra bruta),2971
Betabel Pastilla,,341,12.2,62.1,4.9,6.2,5.2,,,INCMNSZ/CONABIO 2019 (fibra bruta),2972
"Brocoli En Cortes, Congelada",,39.3,0.8,5.2,1.7,1.8,89.8,,,INCMNSZ/CONABIO 2019 (fibra bruta),3525
"Brocoli Florete, Congelada",,43.9,2.6,1.4,3.1,1.3,91,,,INCMNSZ/CONABIO 2019 (fibra bruta),3526
Cabeza De Negro,,156,7.95,34.54,0.27,0.44,55.9,,,INCMNSZ/CONABIO 2019 (fibra bruta),2973
Cacahuate,,531.1,31.6,24,34.3,6.3,1.3,,,INCMNSZ/CONABIO 2019 (fibra bruta),2640
Cacahuate Crudo,,468,23.9,28.32,32.3,9.88,3.3,,,INCMNSZ/CONABIO 2019 (fibra bruta),2643
Cacahuate Crudo,,528,28.1,15.54,43.9,1.96,7,,,INCMNSZ/CONABIO 2019 (fibra bruta),2644
Cacahuate Crudo,,549,27.14,18.47,45.35,1,2.9,,,INCMNSZ/CONABIO 2019 (fibra bruta),2645
Cacahuate Dorado,,545.2,12.7,48,33.6,1.2,1,,,INCMNSZ/CONABIO 2019 (fibra bruta),2646
Cacahuate Enchilado,,628.1,20.5,19.3,52.1,2.6,0.6,,,INCMNSZ/CONABIO 2019 (fibra bruta),2647
Cacahuate Español,,653.3,22.9,15.1,55.7,2.7,0.5,,,INCMNSZ/CONABIO 2019 (fibra bruta),2648
Cacahuate Español Enchilado,,624.4,19.6,20.4,51.6,2.7,0.4,,,INCMNSZ/CONABIO 2019 (fibra bruta),2649
Cacahuate Estilo Japones,,518.3,18.2,47.7,28.3,0.6,2.6,,,INCMNSZ/CONABIO 2019 (fibra bruta),2650
Cacahuate Estilo Japones,,534.4,18.3,44.2,31.6,0.7,2.9,,,INCMNSZ/CONABIO 2019 (fibra bruta),2651
Cacahuate Estilo Japonés,,536.5,23,36.2,33.3,8.4,2.7,,,INCMNSZ/CONABIO 2019,2652
Cacahuate Estilo Japonés,,499.1,15.8,49.8,26.3,4,4.6,,,INCMNSZ/CONABIO 2019,2653
Cacahuate Garapiñado,,510.8,10.9,62.8,24,0.6,0.6,,,INCMNSZ/CONABIO 2019 (fibra bruta),2656
Cacahuate Garapiñado,,513,14.18,53.51,26.92,0.32,2.97,,,INCMNSZ/CONABIO 2019 (fibra bruta),2657
Cacahuate Mantequilla,,652,27.6,13,54.6,2.1,0.3,,,INCMNSZ/CONABIO 2019 (fibra bruta),2659
Cacahuate Mazapán,,513,15.4,53.8,27,0.9,1.2,,,INCMNSZ/CONABIO 2019 (fibra bruta),2661
Cacahuate Mazapán,,459,34.1,42.7,17.5,2.2,1.7,,,INCMNSZ/CONABIO 2019 (fibra bruta),2662
Cacahuate Mazapán,,466,14.8,63.2,18.8,1.1,0.9,,,INCMNSZ/CONABIO 2019 (fibra bruta),2663
Cacahuate Mazapán,,465,12,65.4,18.8,1.9,0.9,,,INCMNSZ/CONABIO 2019 (fibra bruta),2664
Cacahuate Mazapán,,461,16.7,62.2,17.9,1.2,0.8,,,INCMNSZ/CONABIO 2019 (fibra bruta),2665
Cacahuate Palanqueta,,494,15,59.2,22.8,1.4,0,,,INCMNSZ/CONABIO 2019 (fibra bruta),2667
Cacahuate Palanqueta,,497,15.4,53,27.2,2,1.1,,,INCMNSZ/CONABIO 2019 (fibra bruta),2668
Cacahuate Palanqueta,,294,30,28.5,8.8,9.65,6.8,,,INCMNSZ/CONABIO 2019 (fibra bruta),2669
Cacahuate Palanqueta,,434,11,61,17.6,1.7,6.8,,,INCMNSZ/CONABIO 2019 (fibra bruta),2670
Cacahuate Palanqueta,,509,17.7,46,31.1,0.5,2.9,,,INCMNSZ/CONABIO 2019 (fibra bruta),2671
Cacahuate Palanqueta,,602.8,21.9,25.3,46,1.8,3.1,,,INCMNSZ/CONABIO 2019 (fibra bruta),2672
Cacahuate Palanqueta,,565.5,22.3,35.6,37.1,1.3,2.3,,,INCMNSZ/CONABIO 2019,2673
Cacahuate Palanqueta Con Ajonjolí,,563.2,19.8,39.1,36.4,0.4,2.2,,,INCMNSZ/CONABIO 2019 (fibra bruta),2674
Cacahuate Palanqueta Mixta,,405,9,73.9,8.7,2.4,4.3,,,INCMNSZ/CONABIO 2019 (fibra bruta),2675
Cacahuate Pasta Para Atole,,408,6.1,71.9,11.3,0.6,9.6,,,INCMNSZ/CONABIO 2019 (fibra bruta),2677
"Cacahuate Pasta Untable, Dulce",,552,13.8,49.8,32.3,1.4,1.2,,,INCMNSZ/CONABIO 2019 (fibra bruta),2678
Cacahuate Polvorón,,492,9.7,64.3,23.5,0.7,1,,,INCMNSZ/CONABIO 2019 (fibra bruta),2679
Cacahuate Polvorón,,493,10.8,62.4,24.1,0.5,1.5,,,INCMNSZ/CONABIO 2019 (fibra bruta),2680
Cacahuate Salado,,640.9,23,13.7,54.9,3.5,1.1,,,INCMNSZ/CONABIO 2019 (fibra bruta),2682
Cacahuate Salado,,637,25,18,51.7,7.1,0.4,,,INCMNSZ/CONABIO 2019,2683
Cacahuate Salado,,202,25.2,18,4.9,3.6,0.6,,,INCMNSZ/CONABIO 2019 (fibra bruta),2684
Cacahuate Salado,,597,6.3,33.6,52.4,2.8,1.4,,,INCMNSZ/CONABIO 2019 (fibra bruta),2685
Cacahuate Salado,,595,23.72,16.85,53.07,1.01,2.38,,,INCMNSZ/CONABIO 2019 (fibra bruta),2686
"Cacahuate Salado, Echilado, Salado Con Cutícula Y Pepita Salada",,584,26.4,13.1,52.5,2.5,1.4,,,INCMNSZ/CONABIO 2019 (fibra bruta),2687
Cacahuate Tostado,,560,24.5,15.14,49.4,5.06,3.7,,,INCMNSZ/CONABIO 2019 (fibra bruta),2689
Cacahuate Tostado,,572,30.3,16.98,47.6,2.32,0.3,,,INCMNSZ/CONABIO 2019 (fibra bruta),2690
Cacahuate Tostado Natural,,696.54,29.13,15.56,49.57,2.08,1.4,,,INCMNSZ/CONABIO 2019 (fibra bruta),2692
Cacao Atole De Chocolate,,79,4.25,14.1,0.86,0.29,80.2,,,INCMNSZ/CONABIO 2019 (fibra bruta),1806
Cacao Chocolate,,363,72.8,14,2.2,1.1,5.3,,,INCMNSZ/CONABIO 2019 (fibra bruta),1807
Cacao Chocolate En Barra,,380,6.1,84.8,3,2.1,1.2,,,INCMNSZ/CONABIO 2019 (fibra bruta),1808
Cacao Chocolate En Barra,,398,6,67.2,24.1,0.5,1,,,INCMNSZ/CONABIO 2019 (fibra bruta),1809
Cacao Chocolate En Polvo,,333,14.8,68.9,0.2,0,9.6,,,INCMNSZ/CONABIO 2019 (fibra bruta),1810
Cacao Chocolate En Polvo,,403,6.5,86.5,3.4,1.3,1,,,INCMNSZ/CONABIO 2019 (fibra bruta),1811
Cacao Chocolate En Polvo Con Soya,,518,8.1,61.6,26.6,0.6,1.4,,,INCMNSZ/CONABIO 2019 (fibra bruta),1812
Cacao Chocolate En Polvo Con Vitaminas Y Minerales,,403.4,2.8,92.22,2.6,2.4,0.8,,,INCMNSZ/CONABIO 2019,1813
Cacao Chocolate En Polvo Con Vitaminas Y Minerales,,403.3,2.3,92.9,2.5,2.3,0.8,,,INCMNSZ/CONABIO 2019,1814
Cacao Chocolate Sin Azúcar,,519,13.8,36.24,38.7,4.36,3.2,,,INCMNSZ/CONABIO 2019 (fibra bruta),1818
Cacao Cocoa,,301,19.81,46.33,5.2,13.97,7.36,,,INCMNSZ/CONABIO 2019 (fibra bruta),1822
Cacao Cocoa,,312,25.37,51.19,1.88,9.78,6.12,,,INCMNSZ/CONABIO 2019 (fibra bruta),1823
Cacao Cocoa (Parte Grasa Del Cacao),,355,23.6,58.43,4.17,1.7,6.6,,,INCMNSZ/CONABIO 2019 (fibra bruta),1824
Cacao Cocoa En Polvo,,311,19.8,46.3,5.2,14,7.4,,,INCMNSZ/CONABIO 2019 (fibra bruta),1825
Cacao Criollo Con Cáscara,,551,15,26.1,47,5.3,3.6,,,INCMNSZ/CONABIO 2019 (fibra bruta),1826
Cacao Criollo Sin Cáscara,,556,16,21.1,49.5,4.5,4.6,,,INCMNSZ/CONABIO 2019 (fibra bruta),1827
Cacao Mezcla Deshidratada Para Bebida,,290,10.6,72.9,8.1,2.8,1,,,INCMNSZ/CONABIO 2019 (fibra bruta),1828
Cacao Mezcla Deshidratada Para Bebida,,257,8.3,86.3,0.4,0.3,2.1,,,INCMNSZ/CONABIO 2019 (fibra bruta),1829
Cacao Mezcla Deshidratada Para Bebida,,275,5.9,86.9,3.1,1,0.9,,,INCMNSZ/CONABIO 2019 (fibra bruta),1830
Cacao Mezcla Deshidratada Para Bebida,,270,4.2,89.5,2.2,1.7,1.4,,,INCMNSZ/CONABIO 2019 (fibra bruta),1831
Cacao Mezcla Deshidratada Para Bebida,,273,6.8,86.1,2.9,0.5,1.7,,,INCMNSZ/CONABIO 2019 (fibra bruta),1832
Cacao Mezcla Deshidratada Para Bebida,,274,6.2,84.4,3.7,2.4,2,,,INCMNSZ/CONABIO 2019 (fibra bruta),1833
Cacao Mezcla Deshidratada Para Bebida,,274,13.6,76,4.2,1.1,1.5,,,INCMNSZ/CONABIO 2019 (fibra bruta),1834
Cacao Mezcla Deshidratada Para Bebida,,276,6.9,84.7,3.6,2.1,1.2,,,INCMNSZ/CONABIO 2019 (fibra bruta),1835
Cacao Mezcla Deshidratada Para Bebida,,257,19,69.2,2.9,1.9,3.7,,,INCMNSZ/CONABIO 2019 (fibra bruta),1836
Cacao Mezcla Deshidratada Para Bebida,,311,6.3,74,11.5,2.8,2.8,,,INCMNSZ/CONABIO 2019 (fibra bruta),1837
Cacao Mezcla Deshidratada Para Bebida,,277,8.5,81.4,4.4,1,1.2,,,INCMNSZ/CONABIO 2019 (fibra bruta),1838
Cacao Mezcla Deshidratada Para Bebida,,289,9.9,77.2,6.7,1.3,1.4,,,INCMNSZ/CONABIO 2019 (fibra bruta),1839
Cacao Mezcla Deshidratada Para Bebida,,266,13.8,69.4,5.4,1.3,4.5,,,INCMNSZ/CONABIO 2019 (fibra bruta),1840
Cacao Mezcla Deshidratada Para Bebida,,275,10.5,80,4,2.3,1,,,INCMNSZ/CONABIO 2019 (fibra bruta),1841
Cacao Mezcla Deshidratada Para Bebida,,294,10.7,79.2,6.5,0.5,0.8,,,INCMNSZ/CONABIO 2019 (fibra bruta),1842
Cacao Mezcla Deshidratada Para Bebida,,273,8.8,79.2,4.5,1.7,1.2,,,INCMNSZ/CONABIO 2019 (fibra bruta),1843
Cacao Mezcla Deshidratada Para Bebida,,328,11.4,65.8,14.6,0.5,0.8,,,INCMNSZ/CONABIO 2019 (fibra bruta),1844
Cacao Mezcla Deshidratada Para Bebida,,281,5.4,84.8,4.7,1.5,1.5,,,INCMNSZ/CONABIO 2019 (fibra bruta),1845
Cacao Mezcla Deshidratada Para Bebida,,402,4.3,87,4,1.7,1.6,,,INCMNSZ/CONABIO 2019 (fibra bruta),1846
Cacao Mezcla Deshidratada Para Bebida,,408.49,2.71,92.28,3.17,0,0.9,,,INCMNSZ/CONABIO 2019 (fibra bruta),1847
Cacao Pataste,,371,1.81,81.04,4.17,1.38,10.7,,,INCMNSZ/CONABIO 2019 (fibra bruta),1848
Cacao Pataste,,590,20.18,16.22,54.2,2.6,3.6,,,INCMNSZ/CONABIO 2019 (fibra bruta),1849
Cafe,,358,12.5,52.6,12,25.5,6,,,INCMNSZ/CONABIO 2019 (fibra bruta),1850
Café Con Azúcar,,348,11.9,49.6,11.3,22.3,1.1,,,INCMNSZ/CONABIO 2019 (fibra bruta),1851
"Café De Altura, Tostado Y Molido Con Azúcar Caramelizada",,306.6,10.9,41.9,10.6,23.3,4.5,,,INCMNSZ/CONABIO 2019 (fibra bruta),1852
Café Puro,,337,15.8,34.5,15.1,29.2,1.3,,,INCMNSZ/CONABIO 2019 (fibra bruta),1853
Café Soluble,,374,10.1,82.92,0.18,0,1,,,INCMNSZ/CONABIO 2019 (fibra bruta),1855
Café Tostado,,332,15.3,39.1,14.3,23,3.2,,,INCMNSZ/CONABIO 2019 (fibra bruta),1856
Calabacera Punta,,12,2.8,1.34,0.09,1.18,93.1,,,INCMNSZ/CONABIO 2019 (fibra bruta),3527
Calabacita,,13,2.25,2.16,0.05,0.64,94,,,INCMNSZ/CONABIO 2019 (fibra bruta),3529
Calabacita Verde (Mehen K'Um),,20,1.5,4.15,0.21,1.04,92.6,,,INCMNSZ/CONABIO 2019 (fibra bruta),3535
Calabacita X' Ka,,15,1.87,2.7,0.06,2.07,93,,,INCMNSZ/CONABIO 2019 (fibra bruta),3536
"Calabaza Entera, Deshidratada  Y Salada",,448,24.14,16.77,31.66,9.65,2.43,,,INCMNSZ/CONABIO 2019 (fibra bruta),1862
"Calabaza Menuda, Semilla",,474,36,28.28,27.97,4.95,7.7,,,INCMNSZ/CONABIO 2019 (fibra bruta),1863
Calabaza Pepita Salada,,455.1,25.2,7.8,35.9,20.2,0.9,,,INCMNSZ/CONABIO 2019 (fibra bruta),3538
Calabaza Semilla,,526,36.9,7.45,44,2.55,4.3,,,INCMNSZ/CONABIO 2019 (fibra bruta),1865
Calabaza Verde (T'Sol),,23,1,5.78,0.03,2.09,90.6,,,INCMNSZ/CONABIO 2019 (fibra bruta),3539
Camote,,63,1.15,17.2,0.06,0.29,79.1,,,INCMNSZ/CONABIO 2019 (fibra bruta),2974
Camote,,96,0.87,26.59,0.14,1,61.9,,,INCMNSZ/CONABIO 2019 (fibra bruta),2975
Camote Amarillo,,109,1.37,28.31,0.78,1.04,67.5,,,INCMNSZ/CONABIO 2019 (fibra bruta),2978
Camote Asado,,124,1.13,34.47,0.12,1.08,61.9,,,INCMNSZ/CONABIO 2019 (fibra bruta),2980
Camote Blanco,,105,0.94,27.79,0.72,1.75,68.9,,,INCMNSZ/CONABIO 2019 (fibra bruta),2981
Camote Cocido,,129,0.81,36.17,0.13,0.79,71.1,,,INCMNSZ/CONABIO 2019 (fibra bruta),2983
Camote Dulce,,283.4,0.4,68.2,1,0.7,29.3,,,INCMNSZ/CONABIO 2019 (fibra bruta),2984
Cangrejo Alimento Fresco Para,,392,36.5,34.3,10.5,1,7,,,INCMNSZ/CONABIO 2019 (fibra bruta),1953
Capomo (Ramon) Fresco,,193,7.5,40.04,0.48,2.38,47.8,,,INCMNSZ/CONABIO 2019 (fibra bruta),1868
Capomo (Ramon) Hoja,,90,7.51,17.38,1.21,8.9,62,,,INCMNSZ/CONABIO 2019 (fibra bruta),3540
Capomo (Ramon) Seco,,336,13.4,67.94,1.59,6.17,6.5,,,INCMNSZ/CONABIO 2019 (fibra bruta),1869
Capulin Almendra,,372,29.1,50.28,8,4.24,6,,,INCMNSZ/CONABIO 2019 (fibra bruta),1870
Cardon Mezcla Con Zóstera Marina,,388,16.52,49.4,15.43,8.5,5.62,,,INCMNSZ/CONABIO 2019 (fibra bruta),1871
Cardon Semilla,,470,20.86,34.43,30.75,13.96,7,,,INCMNSZ/CONABIO 2019 (fibra bruta),1872
Carpa Torta Seco-Salada Y Ahumada,,377,40.1,37.6,5.7,2.2,3.7,,,INCMNSZ/CONABIO 2019 (fibra bruta),1959
Cartamo Extracto,,293,34.7,41.1,0.6,1.3,8.2,,,INCMNSZ/CONABIO 2019 (fibra bruta),1874
Castaña,,172,5.25,32.52,2.59,1.34,56.8,,,INCMNSZ/CONABIO 2019 (fibra bruta),1875
Castaña Asada,,224,7.72,41.61,3.3,1.67,43.8,,,INCMNSZ/CONABIO 2019 (fibra bruta),1877
Cebolla,,41,3.25,7.48,0.49,1.68,86.8,,,INCMNSZ/CONABIO 2019 (fibra bruta),2987
"Cebolla Café, Gruesa Cruda",,29,1,6.93,0.03,0.84,90.9,,,INCMNSZ/CONABIO 2019 (fibra bruta),2991
Cebolla Castilla Delgada,,35,1,8.31,0.05,1.04,89.3,,,INCMNSZ/CONABIO 2019 (fibra bruta),2993
Cebolla Cebollines En Vinagre,,38,1,8.78,0.54,0.08,88.3,,,INCMNSZ/CONABIO 2019 (fibra bruta),2994
Cebolla Ixil,,41,2.75,8.31,0.26,0.78,87.2,,,INCMNSZ/CONABIO 2019 (fibra bruta),2996
"Cebolla Morada, En Escabeche Sin Chile",,21,0.5,2.8,1.2,0.3,94.7,,,INCMNSZ/CONABIO 2019 (fibra bruta),2998
Cebolla Valenciana Café,,32,0.75,7.75,0.04,1.16,90,,,INCMNSZ/CONABIO 2019 (fibra bruta),2999
Cebolla Valenciana Morada,,32,0.75,7.77,0.03,0.85,90.4,,,INCMNSZ/CONABIO 2019 (fibra bruta),3000
Cebollina Rabo,,14,1.87,1.46,0.47,1,94,,,INCMNSZ/CONABIO 2019 (fibra bruta),3541
"Centeno Pan De Caja, Centeno Y Especias",,255.5,9,49.7,2.3,0.6,37.5,,,INCMNSZ/CONABIO 2019 (fibra bruta),2124
Centeno Pan Integral,,223.5,7.3,44.3,1.9,1.5,43.2,,,INCMNSZ/CONABIO 2019 (fibra bruta),2125
"Centeno Pan Ligero, Con Comino",,240.1,8.5,47.7,1.7,1.3,38.5,,,INCMNSZ/CONABIO 2019 (fibra bruta),2126
Centeno Pan Negro,,271,6.4,56.4,2.2,2.1,30.5,,,INCMNSZ/CONABIO 2019 (fibra bruta),2127
Cerveza Embotellada,,48,0.2,4.4,0.3,0,95,,,INCMNSZ/CONABIO 2019 (fibra bruta),304
Cerveza Embotellada,,45,0.2,3.6,0.2,0.1,95.8,,,INCMNSZ/CONABIO 2019 (fibra bruta),305
Cerveza Embotellada,,44,0.1,3.6,0.2,0.1,95.9,,,INCMNSZ/CONABIO 2019 (fibra bruta),306
Champiñon,,29,4.69,4.58,0.11,2.32,86.1,,,INCMNSZ/CONABIO 2019 (fibra bruta),13
Chaya Hoja,,62,8.25,7.28,1.93,1.94,79,,,INCMNSZ/CONABIO 2019 (fibra bruta),3542
Chaya Hoja,,53,6.19,6.14,1.91,2.56,81.1,,,INCMNSZ/CONABIO 2019 (fibra bruta),3543
Chaya Hoja Deshidratada,,246,27.03,33.34,7.36,12.22,9.47,,,INCMNSZ/CONABIO 2019 (fibra bruta),3544
Chayote Con Espina,,34,1.19,8.58,0.12,0.91,88.1,,,INCMNSZ/CONABIO 2019 (fibra bruta),3550
Chayote Con Espina,,21,1,4.59,0.22,0.89,93,,,INCMNSZ/CONABIO 2019 (fibra bruta),3551
Chepil (Chipilin),,56,5.75,10.4,0.63,2.72,78.7,,,INCMNSZ/CONABIO 2019 (fibra bruta),3554
Chepil (Chipilin),,40,8.09,4.63,0.49,1.69,82.8,,,INCMNSZ/CONABIO 2019 (fibra bruta),3555
Chicharo,,157,11.2,28.5,0.26,3.74,55.9,,,INCMNSZ/CONABIO 2019 (fibra bruta),3559
Chicharo,,131,10.38,22.47,0.41,3.82,61.8,,,INCMNSZ/CONABIO 2019 (fibra bruta),3560
"Chicharo Con Zanahoria, Congelada",,62,2.8,8.2,2,3.5,82.8,,,INCMNSZ/CONABIO 2019 (fibra bruta),3563
Chicharo Congelado,,118.3,6.6,17.8,2.3,2.7,69.7,,,INCMNSZ/CONABIO 2019 (fibra bruta),3564
Chicharo Conserva,,96,2.5,20.62,0.47,2.31,72.9,,,INCMNSZ/CONABIO 2019 (fibra bruta),3565
Chicharo Conserva,,93,3.12,19.51,0.37,3,72.8,,,INCMNSZ/CONABIO 2019 (fibra bruta),3566
Chicharo Puré,,113,6,16.5,3,0.1,72.4,,,INCMNSZ/CONABIO 2019 (fibra bruta),3567
Chilacayote,,281.7,0.5,67.9,0.9,0.8,29.4,,,INCMNSZ/CONABIO 2019 (fibra bruta),3570
Chilacayote,,12,1.12,2.38,0.17,0.33,95.5,,,INCMNSZ/CONABIO 2019 (fibra bruta),3572
Chilacayote,,23,1.06,5.03,0.33,0.7,92.3,,,INCMNSZ/CONABIO 2019 (fibra bruta),3573
Chile Ancho,,289,11.5,50.32,9.75,9.93,13.9,,,INCMNSZ/CONABIO 2019 (fibra bruta),3576
Chile Bravo O Habanero,,25,2.25,3.62,0.83,1.6,91,,,INCMNSZ/CONABIO 2019 (fibra bruta),3583
Chile Carricillo,,23,1.37,4.69,0.33,2.04,90.3,,,INCMNSZ/CONABIO 2019 (fibra bruta),3584
Chile Cascabel,,212,15.4,33.98,6.42,26.9,10,,,INCMNSZ/CONABIO 2019 (fibra bruta),3586
Chile Cascabel,,207,13.27,37.45,4.96,29.14,12.17,,,INCMNSZ/CONABIO 2019 (fibra bruta),3587
"Chile Cascabel, Semilla",,258,17.15,18.45,18,35,7.4,,,INCMNSZ/CONABIO 2019 (fibra bruta),3591
Chile Chilaca,,32,1.5,7.35,0.27,0.88,89.4,,,INCMNSZ/CONABIO 2019 (fibra bruta),3592
Chile Chipotle,,258,16,46.7,6.3,9.6,14.5,,,INCMNSZ/CONABIO 2019 (fibra bruta),3595
Chile Chipotle Adobado Con Semilla,,54,1.31,3.85,4.45,2.19,84.8,,,INCMNSZ/CONABIO 2019 (fibra bruta),3597
Chile Chipotle Adobado Con Semilla,,77,1.75,4.05,7,3.2,80.9,,,INCMNSZ/CONABIO 2019 (fibra bruta),3598
Chile Chipotle Adobado Con Semilla,,17,1.12,2.52,0.72,3.44,87.8,,,INCMNSZ/CONABIO 2019 (fibra bruta),3599
"Chile Chipotle, Semilla",,306,17.75,26.65,20,24.2,7.9,,,INCMNSZ/CONABIO 2019 (fibra bruta),3603
Chile Con Vegetales En Vinagre,,24.3,0.9,4.5,0.3,0.8,92.8,,,INCMNSZ/CONABIO 2019 (fibra bruta),3604
Chile Cristal,,32,1.7,6.3,0.7,2.8,87.7,,,INCMNSZ/CONABIO 2019 (fibra bruta),3605
Chile Cristalino,,32,1.69,7.32,0.22,2.07,88,,,INCMNSZ/CONABIO 2019 (fibra bruta),3606
Chile Del Monte (Chilillo),,101,3.5,17.04,3.76,16.6,58.4,,,INCMNSZ/CONABIO 2019 (fibra bruta),3608
Chile Dulce,,23,1.94,4.63,0.26,1.87,90.8,,,INCMNSZ/CONABIO 2019 (fibra bruta),3609
Chile Guajillo,,234,12.6,36.9,8.6,20.4,15.4,,,INCMNSZ/CONABIO 2019 (fibra bruta),3611
Chile Guajillo Con Sal Y Azúcar,,310.45,8.31,39.83,6.49,27.76,4.9,,,INCMNSZ/CONABIO 2019,3612
"Chile Guajillo, Semilla",,291,15.95,21.15,21.1,31.1,7.6,,,INCMNSZ/CONABIO 2019 (fibra bruta),3616
Chile Jalapeño,,22,1,5.33,0.13,2.6,92.5,,,INCMNSZ/CONABIO 2019,3618
"Chile Jalapeño Rajas Sin Semilla, Conserva",,24,0.62,5.09,0.57,1.32,86.8,,,INCMNSZ/CONABIO 2019 (fibra bruta),3619
"Chile Jalapeño Rajas Sin Semilla, Conserva",,8,0.25,1.51,0.24,0.6,93.1,,,INCMNSZ/CONABIO 2019 (fibra bruta),3620
"Chile Jalapeño, En Escabeche Con Semilla, Conserva",,40,0.87,1.87,3.76,1.6,86.9,,,INCMNSZ/CONABIO 2019 (fibra bruta),3622
"Chile Jalapeño, En Vinagre",,23,0.32,4.44,0.41,0.62,92.46,,,INCMNSZ/CONABIO 2019 (fibra bruta),3623
Chile Largo,,17,2.68,2.56,0.21,2.75,90,,,INCMNSZ/CONABIO 2019 (fibra bruta),3624
"Chile Largo En Escabeche Con Semilla, Conserva",,34,0.87,7.32,0.67,4.84,82.2,,,INCMNSZ/CONABIO 2019 (fibra bruta),3625
Chile Morita,,266,12.2,53.49,5.4,10.41,12.5,,,INCMNSZ/CONABIO 2019 (fibra bruta),3627
"Chile Morita Adobado Con Semilla, Conserva",,61,1.69,6.2,4.15,3.36,80.1,,,INCMNSZ/CONABIO 2019 (fibra bruta),3629
"Chile Morita, Semilla",,321,15.95,36.3,18.3,17.95,7.7,,,INCMNSZ/CONABIO 2019 (fibra bruta),3631
Chile Mulato,,339,10.4,52.32,15.2,9.58,8.2,,,INCMNSZ/CONABIO 2019 (fibra bruta),3632
Chile Mulato,,232,14.71,45.33,4.14,16.59,16.7,,,INCMNSZ/CONABIO 2019 (fibra bruta),3633
"Chile Mulato, Semilla",,272,15.8,17.9,20.3,36.1,6.3,,,INCMNSZ/CONABIO 2019 (fibra bruta),3639
Chile Pasilla,,321,14.6,35.32,19,12.68,12.7,,,INCMNSZ/CONABIO 2019 (fibra bruta),3641
"Chile Pasilla, Semilla",,357,17.8,28.9,25.2,18.2,7.1,,,INCMNSZ/CONABIO 2019 (fibra bruta),3644
"Chile Pimiento Sin Semilla, Conserva",,20,1.06,3.97,0.43,0.74,93.4,,,INCMNSZ/CONABIO 2019 (fibra bruta),3645
"Chile Pimiento Sin Semilla, Conserva",,19,0.81,3.68,0.53,0.08,94.6,,,INCMNSZ/CONABIO 2019 (fibra bruta),3646
Chile Piquín,,211,12.25,27.56,9.86,40.39,7.51,,,INCMNSZ/CONABIO 2019 (fibra bruta),3647
Chile Piquín Con Semilla,,234,14.6,18.8,15.7,38.8,8.8,,,INCMNSZ/CONABIO 2019 (fibra bruta),3651
Chile Piquín Rojo,,149,5.9,16.1,6.8,14,55,,,INCMNSZ/CONABIO 2019 (fibra bruta),3652
Chile Piquín Verde,,51,2.9,7,1.3,6.9,80.2,,,INCMNSZ/CONABIO 2019 (fibra bruta),3653
Chile Poblano,,31,1.56,6.83,0.35,1.56,88.9,,,INCMNSZ/CONABIO 2019 (fibra bruta),3654
Chile Poblano,,36,1.75,8.44,0.25,1.36,87.6,,,INCMNSZ/CONABIO 2019 (fibra bruta),3655
"Chile Poblano, Para Rellenar",,48,2.56,10.42,0.57,0.45,85.2,,,INCMNSZ/CONABIO 2019 (fibra bruta),3658
Chile Serrano Crudo,,34,2,7.18,0.42,1.5,88.2,,,INCMNSZ/CONABIO 2019 (fibra bruta),3661
"Chile Serrano En Escabeche Con Semilla, Conserva",,64,0.69,6.29,1.42,2.4,86.6,,,INCMNSZ/CONABIO 2019 (fibra bruta),3664
"Chile Serrano En Escabeche Con Semilla, Conserva",,38,0.75,2.2,3.35,0.8,84.9,,,INCMNSZ/CONABIO 2019 (fibra bruta),3665
"Chile Serrano En Escabeche Con Semilla, Conserva",,12,0.87,2.14,0.25,1.44,92.4,,,INCMNSZ/CONABIO 2019 (fibra bruta),3666
Chile Tornachile,,27,2.5,4.57,0.53,3.4,87.8,,,INCMNSZ/CONABIO 2019 (fibra bruta),3667
Chile Trompito,,33,1.62,7.5,0.34,1.34,88.4,,,INCMNSZ/CONABIO 2019 (fibra bruta),3668
Chile Valenciano,,24,1.62,5.16,0.25,1.77,90.9,,,INCMNSZ/CONABIO 2019 (fibra bruta),3669
"Chinche Acuática Axayacatl, Ninfas Y Adultos",,296,14,2.6,2.3,0,80,,,INCMNSZ/CONABIO 2019 (fibra bruta),1275
"Chinche Acuática Chamoes (Del Mezquite), Adulto",,190.3,27.9,1,8.3,4.1,57.3,,,INCMNSZ/CONABIO 2019 (fibra bruta),1276
Chinche Jumil De Taxco,,421.8,46.7,0,26.2,18.2,7.3,,,INCMNSZ/CONABIO 2019 (fibra bruta),1283
Chinche Jumiles,,481.8,37.2,0,37,11.9,11.4,,,INCMNSZ/CONABIO 2019 (fibra bruta),1291
Chivitos,,15,2.12,2.13,0.28,0.87,92.8,,,INCMNSZ/CONABIO 2019 (fibra bruta),3670
Chocolate Cobertura De Barquillo,,707.4,1.9,32.3,63.4,1.5,0.1,,,INCMNSZ/CONABIO 2019 (fibra bruta),102
Chocolate Cobertura Rendidora,,661.6,2.4,40.6,54.4,1.5,0.1,,,INCMNSZ/CONABIO 2019 (fibra bruta),103
Chocolate En Barra,,616.3,2.8,48.9,45.5,1,0.4,,,INCMNSZ/CONABIO 2019 (fibra bruta),106
Chocolate En Forma De Figura,,616.4,5.1,46.4,45.6,1.1,0.3,,,INCMNSZ/CONABIO 2019 (fibra bruta),107
Chocolate Figura Conejo,,585,6.5,50.7,40.3,0.5,0.3,,,INCMNSZ/CONABIO 2019 (fibra bruta),109
Chocolate Figura Exóticas,,382,6.8,44.1,46,0.5,0.5,,,INCMNSZ/CONABIO 2019 (fibra bruta),110
Chocolate Figura Monedas,,555,3.7,60.4,34.1,0.5,0.3,,,INCMNSZ/CONABIO 2019 (fibra bruta),111
Chocolate Granulado,,471,6.7,71.72,17.48,1.99,0.6,,,INCMNSZ/CONABIO 2019 (fibra bruta),112
Chocolate Polvorón,,492,10.1,62.5,23.3,0.7,2.2,,,INCMNSZ/CONABIO 2019 (fibra bruta),113
Chocolate Tablilla A La Mexicana,,543,7,55.6,33.3,1.7,0.5,,,INCMNSZ/CONABIO 2019 (fibra bruta),116
Chocolate Tablilla Con Leche,,517.6,3.3,69.4,25.2,0.5,0.6,,,INCMNSZ/CONABIO 2019 (fibra bruta),117
Cilantro,,24,2,4.72,0.34,0.84,90.3,,,INCMNSZ/CONABIO 2019 (fibra bruta),3671
"Ciruelo De Jundura, Hoja",,37,5.81,13.61,2.81,0.77,73.3,,,INCMNSZ/CONABIO 2019 (fibra bruta),3675
Ciruelo Hojas,,120,6.3,24.6,2,5,55.7,,,INCMNSZ/CONABIO 2019 (fibra bruta),3676
Coco Cocada De,,536.5,4,53.4,34.1,3.4,4.1,,,INCMNSZ/CONABIO 2019 (fibra bruta),118
Coco De Aceite,,639,7.12,14.28,67.4,6.9,2.9,,,INCMNSZ/CONABIO 2019 (fibra bruta),3198
"Col Agria, (Choucroute) Conserva",,17,0.62,3.77,0.31,1.1,91.2,,,INCMNSZ/CONABIO 2019 (fibra bruta),3677
"Col Agria, (Choucroute) Preparación Casera",,40,1.38,5.98,1.83,1.71,86.5,,,INCMNSZ/CONABIO 2019 (fibra bruta),3678
Col Blanca,,22,2.25,4.34,0.14,0.77,92,,,INCMNSZ/CONABIO 2019 (fibra bruta),3681
Col De Bruselas,,58,3.37,12.91,0.42,2.8,79.3,,,INCMNSZ/CONABIO 2019 (fibra bruta),3684
Col Morada,,26,2.62,5.14,0.13,1.11,90.1,,,INCMNSZ/CONABIO 2019 (fibra bruta),3685
Col Morada,,28,3,5.11,0.29,1.1,89.8,,,INCMNSZ/CONABIO 2019 (fibra bruta),3687
Coliflor,,27,3.5,4.35,0.34,1.61,88.8,,,INCMNSZ/CONABIO 2019 (fibra bruta),3689
"Coliflor Perla, Congelada",,29.1,1.7,3.1,1.1,1.4,92.2,,,INCMNSZ/CONABIO 2019 (fibra bruta),3692
Colinabo,,29,3.25,4.81,0.45,0.99,89.4,,,INCMNSZ/CONABIO 2019 (fibra bruta),3694
Colinabo,,29,1.62,6.57,0.19,0.92,89.8,,,INCMNSZ/CONABIO 2019 (fibra bruta),3695
Complemento Alimenticio,,370.8,19.1,61,5.6,3.9,6.8,,,INCMNSZ/CONABIO 2019 (fibra bruta),3199
Concentrado Para Preparar Bebidas a Base de Arroz,,348.35,2.01,84.29,0.35,0,13,,,INCMNSZ/CONABIO 2019,307
Concentrado Para Preparar Bebidas a Base de arroz  sabor vainilla,,347,2.05,83.71,0.44,0,13.5,,,INCMNSZ/CONABIO 2019,308
Concentrado Para Preparar Bebidas a Base De Arroz Sabor Coco,,355.7,2.23,85.93,0.34,0,11.2,,,INCMNSZ/CONABIO 2019,309
Concentrado Para Preparar Bebidas Horchata,,259,1.4,64.5,0.3,0.4,32.7,,,INCMNSZ/CONABIO 2019 (fibra bruta),310
Concentrado Para Preparar Bebidas Sabor Fresa,,38.89,0.24,9.01,0.21,0,90.3,,,INCMNSZ/CONABIO 2019 (fibra bruta),317
Concentrado Para Preparar Bebidas Sabor Horchata XP,,257.15,0.46,63.13,0.31,0.1,35.5,,,INCMNSZ/CONABIO 2019 (fibra bruta),324
Concentrado Para Preparar Bebidas Sabor Jamaica,,38.24,0.16,8.59,0.36,0,90.7,,,INCMNSZ/CONABIO 2019 (fibra bruta),315
Concentrado Para Preparar Bebidas Sabor Jamaica,,24.74,0.35,4.89,0.42,0,94,,,INCMNSZ/CONABIO 2019 (fibra bruta),318
Concentrado Para Preparar Bebidas Sabor Jamaica,,73.38,1.01,16.48,0.38,0,81.5,,,INCMNSZ/CONABIO 2019 (fibra bruta),319
Concentrado Para Preparar Bebidas Sabor Jamaica XP,,218.05,0.12,53.2,0.53,0,45.9,,,INCMNSZ/CONABIO 2019 (fibra bruta),323
Concentrado Para Preparar Bebidas Sabor Limonada,,94.62,1.08,18.48,1.82,0,78.1,,,INCMNSZ/CONABIO 2019 (fibra bruta),321
Concentrado Para Preparar Bebidas Sabor Mandarina,,21.38,0.31,3.73,0.58,0,95.1,,,INCMNSZ/CONABIO 2019 (fibra bruta),322
Concentrado Para Preparar Bebidas Sabor Manzana,,27.53,0.4,3.49,1.33,0,94.5,,,INCMNSZ/CONABIO 2019 (fibra bruta),320
Concentrado Para Preparar Bebidas Sabor Tamarindo,,37.96,0.17,8.51,0.36,0.1,90.6,,,INCMNSZ/CONABIO 2019 (fibra bruta),316
Crezon (No Berro),,21,6.18,0.51,0.53,1.18,89.8,,,INCMNSZ/CONABIO 2019 (fibra bruta),3696
Cruceta,,16,1.06,3.3,0.25,0.69,94.3,,,INCMNSZ/CONABIO 2019 (fibra bruta),3697
Curcuma (Yuquilla),,48,4.13,9.63,0.02,1.22,82.4,,,INCMNSZ/CONABIO 2019 (fibra bruta),3001
Dulce Agridulce Enchilado,,380,0.2,95.6,1,0.7,1.9,,,INCMNSZ/CONABIO 2019 (fibra bruta),119
Dulce Avellana-Chocolate,,528,2.9,65.4,29.3,0.5,0.5,,,INCMNSZ/CONABIO 2019 (fibra bruta),120
Dulce Bombonete De Malvavisco Con Granillo,,375.3,3.4,87.5,1.3,0.1,6.8,,,INCMNSZ/CONABIO 2019 (fibra bruta),121
Dulce Caramelo,,406,1.3,88.2,6.6,2.6,0.9,,,INCMNSZ/CONABIO 2019 (fibra bruta),123
Dulce Caramelo Figura,,382,0.1,96.3,1,0.2,2.1,,,INCMNSZ/CONABIO 2019 (fibra bruta),124
Dulce Caramelo Macizo Menta,,380,0.1,96.9,0.5,0.2,1.7,,,INCMNSZ/CONABIO 2019 (fibra bruta),125
Dulce Caramelo Suave,,404,1.3,88.6,6.2,2.8,0.7,,,INCMNSZ/CONABIO 2019 (fibra bruta),127
Dulce Chamoy,,132.03,0.21,25.8,3.11,0.41,64.3,,,INCMNSZ/CONABIO 2019 (fibra bruta),128
Dulce Chamoy Candy,,46.02,0,10.02,0.66,0.24,86.9,,,INCMNSZ/CONABIO 2019 (fibra bruta),129
Dulce Chamoy Con Ciruela,,128.79,0.35,25.57,2.79,0.58,64.6,,,INCMNSZ/CONABIO 2019 (fibra bruta),130
Dulce Chamoy Con Limón,,36,0.97,7.67,0.16,1.14,85.1,,,INCMNSZ/CONABIO 2019 (fibra bruta),131
Dulce Chamoy Salsa,,85.15,0.56,16.88,1.71,0.84,75.1,,,INCMNSZ/CONABIO 2019 (fibra bruta),132
Dulce Chamoy Salsa Picante,,48.62,0.18,6.8,2.3,0.35,84.8,,,INCMNSZ/CONABIO 2019 (fibra bruta),133
Dulce Chamoyito,,150,1.1,35.2,0.5,0.2,56.6,,,INCMNSZ/CONABIO 2019 (fibra bruta),134
Dulce Chicloso,,327,9.9,69,5.3,2.8,10.8,,,INCMNSZ/CONABIO 2019 (fibra bruta),135
Dulce Chocolate,,160,25.7,41.3,28.9,0.7,0.6,,,INCMNSZ/CONABIO 2019 (fibra bruta),139
Dulce Cono Azucarado,,408.31,6.61,82.71,5.67,0.02,3.57,,,INCMNSZ/CONABIO 2019 (fibra bruta),140
Dulce Cono Inflado,,403.41,8.87,77.29,6.53,0.02,5.89,,,INCMNSZ/CONABIO 2019 (fibra bruta),141
Dulce Cremino Bicolor,,531,3.6,64.2,29.8,1,0.5,,,INCMNSZ/CONABIO 2019 (fibra bruta),142
Dulce Cuadro De Goma,,323.6,4.1,75,0.8,0,19.9,,,INCMNSZ/CONABIO 2019 (fibra bruta),143
"Dulce De Coco, Barra Colorín",,470.3,3.4,54.1,26.7,3.1,11.7,,,INCMNSZ/CONABIO 2019 (fibra bruta),144
"Dulce De Coco, Barra De Rompope",,474.7,3.4,55.2,26.7,3.1,10.7,,,INCMNSZ/CONABIO 2019 (fibra bruta),145
"Dulce De Coco, Barra Dorada",,455.9,3.2,57.9,23.5,3,11.6,,,INCMNSZ/CONABIO 2019 (fibra bruta),146
"Dulce De Coco, Cocada Veladora",,476.2,2.9,55.4,27,3.4,10.4,,,INCMNSZ/CONABIO 2019 (fibra bruta),147
Dulce En Polvo,,383.1,0.1,94.1,0.7,0.1,4.7,,,INCMNSZ/CONABIO 2019 (fibra bruta),148
Dulce Forti - Postre,,232.6,5.4,44.2,3.8,0.5,44.4,,,INCMNSZ/CONABIO 2019 (fibra bruta),149
Dulce Fresa-Chocolate,,540,2.6,63.9,31.4,0.9,0.4,,,INCMNSZ/CONABIO 2019 (fibra bruta),150
Dulce Gomitas,,348,4.3,84.7,0.3,0.3,10.2,,,INCMNSZ/CONABIO 2019 (fibra bruta),151
Dulce Gragea Adicita De Sabores,,395.1,0,97.2,0.7,0.1,1.8,,,INCMNSZ/CONABIO 2019 (fibra bruta),152
Dulce Malvavisco Con Gragea,,386.4,1.1,93.7,0.8,0,4.2,,,INCMNSZ/CONABIO 2019 (fibra bruta),155
Dulce Minichupirul,,380,0.2,96.6,0.6,0.3,1.6,,,INCMNSZ/CONABIO 2019 (fibra bruta),156
Dulce Minienchilado,,375,0.5,94.9,0.7,1.4,2,,,INCMNSZ/CONABIO 2019 (fibra bruta),157
Dulce Minipaleloca,,383,0.1,96.9,0.8,0.2,1.6,,,INCMNSZ/CONABIO 2019 (fibra bruta),158
Dulce Palanqueta De Cacahuate Y Amaranto,,534.1,17.4,37.5,35,1.9,7.1,,,INCMNSZ/CONABIO 2019 (fibra bruta),159
Dulce Paleloca,,377,0.2,96.5,0.3,0.4,2.2,,,INCMNSZ/CONABIO 2019 (fibra bruta),160
Dulce Paleta Chupirul,,380,0.1,96.4,0.7,0.2,2.1,,,INCMNSZ/CONABIO 2019 (fibra bruta),161
Dulce Paletina,,373,0.1,95.5,0.4,0.3,3.5,,,INCMNSZ/CONABIO 2019 (fibra bruta),163
Dulce Pastilla Sabor Cereza,,398.5,0,98.5,0.5,0,1,,,INCMNSZ/CONABIO 2019,164
Dulce Pastilla Sabor Limón,,400.1,0,98,0.9,0,1.1,,,INCMNSZ/CONABIO 2019,165
Dulce Pastilla Sabor Mentol,,397.1,0,98.6,0.3,0,1.1,,,INCMNSZ/CONABIO 2019,166
Dulce Pastilla Sabor Naranja,,401,0,98,1,0,1,,,INCMNSZ/CONABIO 2019,167
Dulce Picasuave,,404,1.4,87.4,6.7,3.2,0.7,,,INCMNSZ/CONABIO 2019 (fibra bruta),168
Dulce Pirulí Enchilado,,398,0.4,94.8,1.6,0.8,2,,,INCMNSZ/CONABIO 2019 (fibra bruta),169
Dulce Pulpa tipo Chamoy,,63.12,0.07,13.82,0.84,0.62,80,,,INCMNSZ/CONABIO 2019 (fibra bruta),170
Dulce Pulpa tipo Chamoy,,103.09,0,21.52,1.89,0.17,7.8,,,INCMNSZ/CONABIO 2019 (fibra bruta),171
Dulce Tamarindo,,369.6,2.2,88.4,0.8,0.2,6.2,,,INCMNSZ/CONABIO 2019 (fibra bruta),173
"Dulce Tamarindo, Vaso",,359.7,1.7,86.2,0.9,0.3,9.2,,,INCMNSZ/CONABIO 2019 (fibra bruta),174
Dulce Tipo Tamarindo,,344.5,1,84.1,1.7,3.9,9,,,INCMNSZ/CONABIO 2019,175
Dulce Vainilla,,503,21.8,48,25.6,0.9,0.8,,,INCMNSZ/CONABIO 2019 (fibra bruta),177
Ebano Madura,,482,35.3,29.1,25,13.2,3.3,,,INCMNSZ/CONABIO 2019,2693
Ebano Madura Tostada,,497,35.9,27.6,27,12.2,2.6,,,INCMNSZ/CONABIO 2019,2694
Ebano Tierna,,162,12.7,13,6.6,3.5,66.7,,,INCMNSZ/CONABIO 2019,2695
Ebano Tierna Cocida,,198,13.7,11.6,10.8,4.9,62.3,,,INCMNSZ/CONABIO 2019,2696
Ejote De Alubia,,33,2.06,6.16,0.13,1.05,90.3,,,INCMNSZ/CONABIO 2019 (fibra bruta),3699
Ejote De Cachibache,,42,2.75,7.35,0.28,1.82,87,,,INCMNSZ/CONABIO 2019 (fibra bruta),3700
Ejote De Espelón,,67,5.5,10.77,0.5,3.73,78,,,INCMNSZ/CONABIO 2019 (fibra bruta),3701
Ejote De Frijol,,24,1.87,3.53,0.44,0.96,92.7,,,INCMNSZ/CONABIO 2019 (fibra bruta),3702
"Ejote Sin Hebra, Conserva",,129,2.31,28.5,0.64,4.55,62.3,,,INCMNSZ/CONABIO 2019 (fibra bruta),3705
Elote,,15,2.15,2.35,0.2,1.59,92.98,,,INCMNSZ/CONABIO 2019 (fibra bruta),3706
Elote Amarillo,,137,3.63,32.59,1.42,0.86,60.6,,,INCMNSZ/CONABIO 2019 (fibra bruta),3708
Elote Blanco,,74,3.38,16.72,0.71,0.69,77.8,,,INCMNSZ/CONABIO 2019 (fibra bruta),3711
Elote Cocido Alcalino,,131,3.44,31.54,1.21,0.91,62.1,,,INCMNSZ/CONABIO 2019 (fibra bruta),3714
Elote Cocido Con Sal,,112,3.25,27,0.98,0.87,62.7,,,INCMNSZ/CONABIO 2019 (fibra bruta),3715
Elote Congelado,,124.6,2.6,21.8,3,1.5,70.6,,,INCMNSZ/CONABIO 2019 (fibra bruta),3716
"Elote Cortado, Congelado",,41.6,1.6,4.3,2,0.9,90.7,,,INCMNSZ/CONABIO 2019 (fibra bruta),3717
Elote Crema,,126,1.9,16.4,7.5,0.5,72.2,,,INCMNSZ/CONABIO 2019 (fibra bruta),3718
"Elote Entero, Congelado",,115.6,3.1,20.4,2.4,1,72.6,,,INCMNSZ/CONABIO 2019 (fibra bruta),3720
Elote Pibil,,191,6.3,42.94,2.75,0.81,46.4,,,INCMNSZ/CONABIO 2019 (fibra bruta),3722
"Elote Rebanado, Conserva",,40,1.37,10,0.12,0.21,87.9,,,INCMNSZ/CONABIO 2019 (fibra bruta),3723
"Elote Tierno, Conserva",,80,1.26,19.6,0.84,0.2,77,,,INCMNSZ/CONABIO 2019 (fibra bruta),3724
Epazote,,25,2.57,4.72,0.2,0.81,89.8,,,INCMNSZ/CONABIO 2019 (fibra bruta),3727
"Escamol Reproductores (Larva, Pupa Y Huevos)",,157.9,10.9,6.3,9.8,0.7,70.8,,,INCMNSZ/CONABIO 2019 (fibra bruta),1255
Espinaca,,8,2,0.21,0.32,2.07,94,,,INCMNSZ/CONABIO 2019 (fibra bruta),3731
Espinaca,,13,2.12,1.72,0.21,0.45,93.9,,,INCMNSZ/CONABIO 2019 (fibra bruta),3732
Espinaca,,21,3.75,1.53,0.74,0.88,91.6,,,INCMNSZ/CONABIO 2019 (fibra bruta),3733
Espinaca Congelada,,38.3,2.7,3.5,1.5,1.3,88.8,,,INCMNSZ/CONABIO 2019 (fibra bruta),3738
Espinaca Conserva,,21,3.12,3.32,0.18,0.68,89.9,,,INCMNSZ/CONABIO 2019 (fibra bruta),3739
Espinaca De Malabar,,17,1.18,3.56,0.2,0.56,93,,,INCMNSZ/CONABIO 2019 (fibra bruta),3740
Espinaca Harina,,195,33.2,25.78,2.62,7.3,6.3,,,INCMNSZ/CONABIO 2019 (fibra bruta),3741
Flamboyan Harina Descascarillada,,332,65.3,5.3,10.1,2.7,9.2,,,INCMNSZ/CONABIO 2019 (fibra bruta),2697
Flamboyan Harina Descascarillada,,336,59,13.3,9.2,2.5,9.7,,,INCMNSZ/CONABIO 2019 (fibra bruta),2698
Flamboyan Harina Integral,,275,21.8,42.9,3,19.9,8.2,,,INCMNSZ/CONABIO 2019 (fibra bruta),2699
Flamboyan Harina Integral,,284,20.2,46.8,2.8,18.3,8.2,,,INCMNSZ/CONABIO 2019 (fibra bruta),2700
"Flan Mezcla Deshidratada Para Preparar Sabor Vainilla, sugar free",,329.95,2.82,78.12,0.37,0.86,6.1,,,INCMNSZ/CONABIO 2019 (fibra bruta),188
Flauta Carne De Res,,259,9.6,36,8.5,0.7,43.7,,,INCMNSZ/CONABIO 2019 (fibra bruta),3201
Flauta Pollo,,272,9.5,38.6,8.9,0.7,40.8,,,INCMNSZ/CONABIO 2019 (fibra bruta),3202
Flauta Pollo,,347.08,10.67,28.17,17.31,0.41,42.1,,,INCMNSZ/CONABIO 2019 (fibra bruta),3203
Flores De Calabaza,,16,1.12,2.66,0.43,0.59,94.3,,,INCMNSZ/CONABIO 2019 (fibra bruta),3744
Flores De Yuca,,71,2.62,17.3,0.37,1.21,78.2,,,INCMNSZ/CONABIO 2019 (fibra bruta),3750
Flores Rosita De Cacao,,230,14.65,50.24,1.81,16,7.4,,,INCMNSZ/CONABIO 2019 (fibra bruta),3751
Frijol Agua De León,,325,25.4,55.44,1.39,4.37,8.3,,,INCMNSZ/CONABIO 2019 (fibra bruta),2701
"Frijol Aislado, Harina De Semilla Endurecida",,343,72.7,11.6,5.2,0.5,6,,,INCMNSZ/CONABIO 2019 (fibra bruta),2702
Frijol Amarillo,,336,14.2,67.09,1.67,4.34,7.5,,,INCMNSZ/CONABIO 2019 (fibra bruta),2704
Frijol Azufrado,,337,20.9,61.85,1.52,5.23,4.8,,,INCMNSZ/CONABIO 2019 (fibra bruta),2710
Frijol bayo deshidratado,,397.39,19.63,60.87,1.24,24.33,7.9,,,INCMNSZ/CONABIO 2019,2713
Frijol Bayo Gordo,,340,24,60.09,1.48,4.73,4.7,,,INCMNSZ/CONABIO 2019 (fibra bruta),2714
Frijol Bayo Gordo,,328,23.2,55.54,2.56,4.1,11.2,,,INCMNSZ/CONABIO 2019 (fibra bruta),2715
Frijol Bayo Gordo,,328,21,59.77,1.43,4.4,9.7,,,INCMNSZ/CONABIO 2019 (fibra bruta),2716
"Frijol Bayo Picante, Enlatado",,76,4.8,13.9,0.3,1.4,77.3,,,INCMNSZ/CONABIO 2019 (fibra bruta),2719
"Frijol Bayo Picante, Enlatado",,60,3.7,10.6,0.5,1.6,82.4,,,INCMNSZ/CONABIO 2019 (fibra bruta),2720
"Frijol Bayo, Harina",,328,19.6,61.1,1.4,4.4,8,,,INCMNSZ/CONABIO 2019 (fibra bruta),2721
"Frijol Bayo, Puré",,112,9.5,14.7,2.3,0.2,71,,,INCMNSZ/CONABIO 2019 (fibra bruta),2722
Frijol Blanco,,312,22.5,52.01,2.69,4.8,14,,,INCMNSZ/CONABIO 2019 (fibra bruta),2723
Frijol Canelo,,349,24,61.82,1.74,4.24,3.3,,,INCMNSZ/CONABIO 2019 (fibra bruta),2724
Frijol Chino,,141.2,10.5,9.5,6.8,12.4,70.4,,,INCMNSZ/CONABIO 2019,2725
Frijol Cocido,,82,6,14.28,0.42,1.2,77,,,INCMNSZ/CONABIO 2019 (fibra bruta),2726
Frijol Cocido (Entero),,69,5.8,11.5,0.32,5.49,75.47,,,INCMNSZ/CONABIO 2019,2727
"Frijol Con Carne De Cerdo, Enlatado",,73,5.3,12.5,0.5,1.7,78.1,,,INCMNSZ/CONABIO 2019 (fibra bruta),2730
"Frijol Con Carne De Res, Enlatado",,60,4.2,9.4,0.9,1.4,83.2,,,INCMNSZ/CONABIO 2019 (fibra bruta),2731
Frijol Con Tomate-Chorizo Enlatado,,72,4.4,11.5,1.2,1.2,80.1,,,INCMNSZ/CONABIO 2019 (fibra bruta),2732
"Frijol De Espelón, Fresco",,95,8.63,19.95,0.34,2.48,66.7,,,INCMNSZ/CONABIO 2019 (fibra bruta),3752
Frijol Enlatado,,87.4,4.8,14.8,1,6.68,76.5,,,INCMNSZ/CONABIO 2019,2733
Frijol Garbancillo,,539,16,66.36,1.68,4.89,6.3,,,INCMNSZ/CONABIO 2019 (fibra bruta),2738
Frijol Guisado,,110,8.4,14.94,2.38,1.58,71.2,,,INCMNSZ/CONABIO 2019 (fibra bruta),2740
Frijol Guisado (Caldudo),,128,5.17,9.72,7.84,6.58,69.57,,,INCMNSZ/CONABIO 2019,2741
Frijol Guisado (Seco),,173,6.28,10.46,12.16,9.21,60.71,,,INCMNSZ/CONABIO 2019,2742
Frijol Harina,,346,25.5,59.06,2.11,4.73,7.8,,,INCMNSZ/CONABIO 2019 (fibra bruta),2743
Frijol Harina,,323,20.6,58.4,1.7,5.9,7.7,,,INCMNSZ/CONABIO 2019 (fibra bruta),2744
"Frijol Harina, Semilla Endurecido",,343,17.9,62.4,3.2,3.7,8.8,,,INCMNSZ/CONABIO 2019 (fibra bruta),2745
"Frijol Harina, Semilla Fresca",,335,22,58,2.7,4,9.2,,,INCMNSZ/CONABIO 2019 (fibra bruta),2746
Frijol Mexicano,,341,20.2,62.91,1.77,5.32,4.7,,,INCMNSZ/CONABIO 2019 (fibra bruta),2749
Frijol Molido,,320,17.9,60,1.6,4.5,9.8,,,INCMNSZ/CONABIO 2019 (fibra bruta),2750
"Frijol Mongo, Aislado De Proteína Entero",,323,57.3,27.7,1.4,3.1,7.2,,,INCMNSZ/CONABIO 2019 (fibra bruta),2751
"Frijol Mongo, Aislado De Proteína Germinado",,324,58.4,28,0.9,3.2,6.4,,,INCMNSZ/CONABIO 2019 (fibra bruta),2752
"Frijol Mongo, Entero",,339,22.1,61.18,1.6,4.93,6.99,,,INCMNSZ/CONABIO 2019 (fibra bruta),2753
Frijol Negro,,311,20.9,54.01,2.29,4.5,14.9,,,INCMNSZ/CONABIO 2019 (fibra bruta),2755
Frijol Negro,,320,23.7,55.44,1.47,4.39,10,,,INCMNSZ/CONABIO 2019 (fibra bruta),2756
Frijol Negro (0 Días De Germinado),,354,19.7,58.2,5.8,3.4,10,,,INCMNSZ/CONABIO 2019 (fibra bruta),2760
Frijol Negro (3 Días De Germinado),,358,20.7,56.8,6.6,3.3,10,,,INCMNSZ/CONABIO 2019 (fibra bruta),2761
Frijol Negro (6 Días De Germinado),,358,21.3,55.7,6.9,3.6,10,,,INCMNSZ/CONABIO 2019 (fibra bruta),2762
Frijol Negro (9 Días De Germinado),,364,23,52.9,8.2,3.4,10,,,INCMNSZ/CONABIO 2019 (fibra bruta),2763
Frijol Negro Deshidratado,,406.95,21.58,62.34,0.87,18.02,6.7,,,INCMNSZ/CONABIO 2019,2767
"Frijol Negro, Harina",,331,20.6,60.6,1.5,3.5,6,,,INCMNSZ/CONABIO 2019 (fibra bruta),2771
"Frijol Negro, Puré",,105,8.6,13.4,2.5,0.2,73.4,,,INCMNSZ/CONABIO 2019 (fibra bruta),2772
Frijol Nuevo,,106,12.4,20.8,0.24,3.36,60.7,,,INCMNSZ/CONABIO 2019 (fibra bruta),3753
Frijol Ojo De Liebre,,325,17.5,62.01,1.48,5.31,8,,,INCMNSZ/CONABIO 2019 (fibra bruta),2773
Frijol Parraleño,,344,23.6,61.02,1.72,4.41,4.3,,,INCMNSZ/CONABIO 2019 (fibra bruta),2775
"Frijol Peruano, Cocido Y Deshidratado",,346,22.8,60.99,2.23,3.4,4.3,,,INCMNSZ/CONABIO 2019 (fibra bruta),2777
"Frijol Pinto, Harina (Cocido)",,334,20.1,62.1,1.4,3.7,6.5,,,INCMNSZ/CONABIO 2019 (fibra bruta),2779
"Frijol Pinto, Harina (Crudo)",,340,20.3,63.1,1.5,3.1,8.4,,,INCMNSZ/CONABIO 2019 (fibra bruta),2780
"Frijol Pinto, Harina (Frito)",,380,17.9,55.1,11.2,3.1,5.9,,,INCMNSZ/CONABIO 2019 (fibra bruta),2781
"Frijol Refrito, Enlatado",,128,6.1,18.3,3.9,2.3,67.4,,,INCMNSZ/CONABIO 2019 (fibra bruta),2787
"Frijol Refrito, Enlatado",,117,6,17,3.2,1.2,71.2,,,INCMNSZ/CONABIO 2019 (fibra bruta),2788
Frijol Rosita,,342,22.9,61.44,1.55,4.51,3.7,,,INCMNSZ/CONABIO 2019 (fibra bruta),2789
Frijol Sopa Condensada,,116,5.8,13.9,4.7,0,72.6,,,INCMNSZ/CONABIO 2019 (fibra bruta),2790
Frijol Xinacalteca,,327,24.2,57.35,1.2,4.95,7.5,,,INCMNSZ/CONABIO 2019 (fibra bruta),2791
Gandul Harina Cocida Descascarillada,,319,18.72,56.88,2.73,1.81,16.5,,,INCMNSZ/CONABIO 2019 (fibra bruta),2792
Gandul Harina Cocida Integral,,306,17.34,55.35,2.45,7.6,13.4,,,INCMNSZ/CONABIO 2019 (fibra bruta),2793
Gandul Harina Cruda Descascarillada,,275,19.41,59.9,2.85,1.54,12.2,,,INCMNSZ/CONABIO 2019 (fibra bruta),2794
Gandul Harina Cruda Integral,,314,17.56,58.75,1.74,7.37,10.57,,,INCMNSZ/CONABIO 2019 (fibra bruta),2795
Garbanzo Enchilado,,430.4,16.9,52,17.2,2.4,5.1,,,INCMNSZ/CONABIO 2019 (fibra bruta),2801
Garbanzo Enlatado,,112,5.5,19.2,1.8,3,69,,,INCMNSZ/CONABIO 2019 (fibra bruta),2802
Garbanzo Harina,,357,20.1,57.06,6.6,2.54,9.1,,,INCMNSZ/CONABIO 2019 (fibra bruta),2806
Gelatina Confetti,,81.8,4.1,15.9,0.2,0,79.3,,,INCMNSZ/CONABIO 2019 (fibra bruta),190
Gelatina Fresa,,352,7,90.9,0.3,0.1,0.9,,,INCMNSZ/CONABIO 2019 (fibra bruta),192
Gelatina Fresa,,376,0.6,97.2,0.7,0.1,0.5,,,INCMNSZ/CONABIO 2019 (fibra bruta),193
Gelatina Fresa,,364,3.2,94.2,0.7,0.1,0.9,,,INCMNSZ/CONABIO 2019 (fibra bruta),194
Gelatina Mezcla Deshidratada Para Preparar,,366,9.9,87.4,0,0,1,,,INCMNSZ/CONABIO 2019 (fibra bruta),197
Gelatina Mezcla Deshidratada Para Preparar,,368,12.4,85.7,0,0,1.5,,,INCMNSZ/CONABIO 2019 (fibra bruta),198
Gelatina Mezcla Deshidratada Para Preparar,,365,9.4,88.2,0,0,1.2,,,INCMNSZ/CONABIO 2019 (fibra bruta),199
Gelatina Mezcla Deshidratada Para Preparar,,363,11.2,85.8,0,0,1.1,,,INCMNSZ/CONABIO 2019 (fibra bruta),200
Gelatina Mezcla Deshidratada Para Preparar,,369,7.6,91.5,0,0.9,0.6,,,INCMNSZ/CONABIO 2019 (fibra bruta),201
Gelatina Mezcla Deshidratada Para Preparar,,372,0.2,96.2,0,0,0.8,,,INCMNSZ/CONABIO 2019 (fibra bruta),202
Gelatina Mezcla Deshidratada Para Preparar,,405,14.4,93.5,0,0,1.6,,,INCMNSZ/CONABIO 2019 (fibra bruta),203
Gelatina Mezcla Deshidratada Para Preparar,,389,9.3,87.9,0,0,1.4,,,INCMNSZ/CONABIO 2019 (fibra bruta),204
Gelatina Mezcla Deshidratada Para Preparar,,392,10.6,87.4,0,0,0.9,,,INCMNSZ/CONABIO 2019 (fibra bruta),205
Gelatina Mezcla Deshidratada Para Preparar,,381,11.1,84.8,1,0.4,0.8,,,INCMNSZ/CONABIO 2019 (fibra bruta),206
Gelatina Mezcla Deshidratada Para Preparar Sabor Naranja,,420.22,17.06,70.94,0.55,0.11,0.91,,,INCMNSZ/CONABIO 2019 (fibra bruta),207
Gelatina Preparada,,125,1.8,3.4,11.6,0,82.8,,,INCMNSZ/CONABIO 2019 (fibra bruta),208
Gelatina Sin Sabor,,377,92.9,0.3,0.5,0.1,0.4,,,INCMNSZ/CONABIO 2019 (fibra bruta),210
Gelatina Sin Sabor,,359.2,89.07,0.55,0.08,0,9.5,,,INCMNSZ/CONABIO 2019 (fibra bruta),213
Gelatina Tricolor,,83.9,3.9,16.4,0.3,0,78.9,,,INCMNSZ/CONABIO 2019 (fibra bruta),214
Girasol Maíz De Texas,,538,25.37,5.21,51.3,7.7,6.7,,,INCMNSZ/CONABIO 2019 (fibra bruta),2810
"Girasol Semilla, Natural",,611,24.8,15,50.2,26,3.3,,,INCMNSZ/CONABIO 2019,1881
"Girasol Semilla, Tostada Con Miel",,628.8,17.6,26.2,50.4,20.7,0.7,,,INCMNSZ/CONABIO 2019,1882
"Girasol Semilla, Tostada Y Salada",,666,19.9,15.2,58.4,19.7,0.5,,,INCMNSZ/CONABIO 2019,1883
Goma Comestible,,437.9,14.6,69.9,11.1,2.1,1.6,,,INCMNSZ/CONABIO 2019 (fibra bruta),3205
"Guaje Blanco, Huajillo",,291,33.8,38,2.3,13.3,7.5,,,INCMNSZ/CONABIO 2019 (fibra bruta),2813
Guaje Harina Inmadura,,267,27.7,32.9,4.4,5.9,23,,,INCMNSZ/CONABIO 2019 (fibra bruta),2814
Guaje Harina Madura,,325,34.7,38.1,6,8.7,6.5,,,INCMNSZ/CONABIO 2019 (fibra bruta),2815
"Guaje Morado, Semillas Frescas",,88,9.18,12.47,0.66,2.49,73.6,,,INCMNSZ/CONABIO 2019 (fibra bruta),2816
"Guaje Morado, Semillas Frescas",,81,7.25,12.93,0.39,1.13,77.1,,,INCMNSZ/CONABIO 2019 (fibra bruta),2817
"Guaje Rojo, Harina Descascarillada",,335,34.8,34,9.1,6.7,10,,,INCMNSZ/CONABIO 2019 (fibra bruta),2818
"Guaje Rojo, Harina Integral",,323,28.6,43.8,5.4,9.5,8.2,,,INCMNSZ/CONABIO 2019 (fibra bruta),2819
Guaje Semilla Madura,,321,25.6,44.83,4.4,51.3,9.68,,,INCMNSZ/CONABIO 2019,2822
"Guaje Verde, Semillas Frescas",,104,9.81,15.61,0.76,2.82,69.4,,,INCMNSZ/CONABIO 2019 (fibra bruta),2824
Guamuchil (Huamuchil) Semilla Cocida,,212,10,26.73,8.26,3.25,50,,,INCMNSZ/CONABIO 2019 (fibra bruta),2826
"Guamuchil (Huamuchil) Semilla Cruda, Seca Al Sol",,393,19.94,52.6,13.18,5.38,6.1,,,INCMNSZ/CONABIO 2019 (fibra bruta),2827
Guamuchil (Huamuchil) Semilla Tostada,,393,21.79,49.16,14.05,7,5.4,,,INCMNSZ/CONABIO 2019 (fibra bruta),2828
Guandu Frijol De Árbol,,347,17.6,66.8,1.67,8.63,1.4,,,INCMNSZ/CONABIO 2019 (fibra bruta),1884
Guayaba Conserva,,232,1.5,57.2,1.1,0,40,,,INCMNSZ/CONABIO 2019 (fibra bruta),215
Guisos Alambre De Arrachera De Res,,266.55,16.13,6.23,11.59,0.11,62.5,,,INCMNSZ/CONABIO 2019 (fibra bruta),3206
Guisos Albóndigas De Res,,115.86,10.92,5.05,4.34,0,78.1,,,INCMNSZ/CONABIO 2019 (fibra bruta),3207
Guisos Barbacoa De Borrego,,243,23.65,0.51,16.27,0.34,57.3,,,INCMNSZ/CONABIO 2019 (fibra bruta),3208
Guisos Bistec En Caldillo De Jitomate,,152.08,10.5,5.04,8.87,0.01,74.2,,,INCMNSZ/CONABIO 2019 (fibra bruta),3209
Guisos Bombas,,27.78,0.75,3.69,1.108,1.06,92.77,,,INCMNSZ/CONABIO 2019,3210
Guisos Caldo De Queso,,53,2.57,4.19,2.92,0.08,88.5,,,INCMNSZ/CONABIO 2019 (fibra bruta),3211
Guisos Carne Asada,,195.64,11.91,16.31,7.47,0.17,62.1,,,INCMNSZ/CONABIO 2019 (fibra bruta),3212
Guisos Carne De Cerdo En Salsa Verde Con Verdolagas,,193.88,13.96,5.72,9.61,1.01,68.7,,,INCMNSZ/CONABIO 2019 (fibra bruta),3213
Guisos Carne Enchilada,,156.16,11.7,9.23,4.41,0.77,72.3,,,INCMNSZ/CONABIO 2019 (fibra bruta),3214
Guisos Cárne Tártara,,69.35,4.46,9.27,1.6,1.03,81.55,,,INCMNSZ/CONABIO 2019,3215
Guisos Cecina,,185,26.86,0.64,8.28,0.03,60.46,,,INCMNSZ/CONABIO 2019 (fibra bruta),3216
Guisos Chalupas De Pepino,,32.08,0.825,4.66,1.125,1.56,92.41,,,INCMNSZ/CONABIO 2019,3218
Guisos Chayotextle,,139,1.3,5.14,12.63,0.65,80.28,,,INCMNSZ/CONABIO 2019 (fibra bruta),3219
Guisos Chile Al Pulque,,155,9.87,5.73,10.3,0.08,72.01,,,INCMNSZ/CONABIO 2019 (fibra bruta),3220
Guisos Chileatole,,28,0.56,5.54,0.38,0.51,93.01,,,INCMNSZ/CONABIO 2019 (fibra bruta),3221
Guisos Chiles En Nogada,,259,4.66,16.1,19.54,1.66,58.86,,,INCMNSZ/CONABIO 2019 (fibra bruta),3222
Guisos Chiles En Nogada,,217,5.26,14.05,15.58,0.82,64.29,,,INCMNSZ/CONABIO 2019 (fibra bruta),3223
Guisos Chilposo,,71,3.35,6.42,3.59,0.21,85.25,,,INCMNSZ/CONABIO 2019 (fibra bruta),3224
Guisos Chivichangas De Queso,,270,7.21,18.48,18.62,0.23,53.7,,,INCMNSZ/CONABIO 2019 (fibra bruta),3225
Guisos Chuleta De Cerdo Ahumada,,125.73,9.24,9.77,3.12,0.35,74.9,,,INCMNSZ/CONABIO 2019 (fibra bruta),3226
Guisos Chuleta De Cerdo Ahumada,,142.75,6.99,13.55,4.23,0.31,73.3,,,INCMNSZ/CONABIO 2019 (fibra bruta),3227
Guisos Chuleta De Cerdo En Adobo,,120.35,6.5,7.94,3.48,2.62,77.9,,,INCMNSZ/CONABIO 2019 (fibra bruta),3228
Guisos Cochinita Pibil,,159.57,17.41,6.59,4.46,0,69.8,,,INCMNSZ/CONABIO 2019 (fibra bruta),3229
Guisos Cochinita Pibil,,184.25,14.36,5.14,6.91,0.02,71.6,,,INCMNSZ/CONABIO 2019 (fibra bruta),3230
Guisos Consome De  Pollo,,34.84,4,2.88,0.15,0,92.1,,,INCMNSZ/CONABIO 2019 (fibra bruta),3235
Guisos Consome De  Pollo,,19.7,0.79,2.66,0.15,0.04,95.3,,,INCMNSZ/CONABIO 2019 (fibra bruta),3236
Guisos Consome De  Pollo Con Verduras,,7.76,1.35,0.97,0.11,0.03,96.7,,,INCMNSZ/CONABIO 2019 (fibra bruta),3239
Guisos Consome De  Pollo Con Verduras,,11.4,1.14,0.43,0.12,0,97.3,,,INCMNSZ/CONABIO 2019 (fibra bruta),3240
Guisos Consomé De Pollo,,9.42,0.31,0.78,0.17,0,98.2,,,INCMNSZ/CONABIO 2019 (fibra bruta),3231
Guisos Consomé De Pollo,,31.94,1.12,4.29,0.57,0,98.2,,,INCMNSZ/CONABIO 2019 (fibra bruta),3232
Guisos Consomé De Pollo,,23.68,2.57,2.74,0.47,0,93.1,,,INCMNSZ/CONABIO 2019 (fibra bruta),3233
Guisos Consomé De Pollo,,24.04,1.2,1.19,3.1,0,93.5,,,INCMNSZ/CONABIO 2019 (fibra bruta),3234
Guisos Consomé De Pollo Con Verduras,,29.66,1.4,4.35,0.54,0,92.7,,,INCMNSZ/CONABIO 2019 (fibra bruta),3237
Guisos Consomé De Pollo Con Verduras,,10.64,0.98,1,0.28,0,96.9,,,INCMNSZ/CONABIO 2019 (fibra bruta),3238
Guisos Costilla De Cerdo,,158.37,15.4,1.57,7.04,0.02,74.8,,,INCMNSZ/CONABIO 2019 (fibra bruta),3241
Guisos Crema De Alcachofa,,99.27,1.97,6.08,5.05,0.06,83.9,,,INCMNSZ/CONABIO 2019 (fibra bruta),3242
Guisos Crema De Calabaza,,44.78,1.93,3.6,1.21,0.11,92,,,INCMNSZ/CONABIO 2019 (fibra bruta),3243
Guisos Crema De Champiñones,,73.47,5.33,3.05,3.25,0,87.4,,,INCMNSZ/CONABIO 2019 (fibra bruta),3244
Guisos Crema De Champiñones Con Queso,,193.8,8.35,7.25,11.62,0,71.5,,,INCMNSZ/CONABIO 2019 (fibra bruta),3245
Guisos Crema De Frijol,,131.06,3.92,11.64,5.37,0.02,77.6,,,INCMNSZ/CONABIO 2019 (fibra bruta),3246
Guisos Crema De Verduras,,43.04,2.14,3.21,1.81,0,91.6,,,INCMNSZ/CONABIO 2019 (fibra bruta),3247
Guisos Crema De Zanahoria,,36.78,1.73,4.78,1.35,0,91.4,,,INCMNSZ/CONABIO 2019 (fibra bruta),3248
Guisos Crema De Zanahoria,,35.94,1.01,5.35,0.81,0,91.8,,,INCMNSZ/CONABIO 2019 (fibra bruta),3249
Guisos Enchiladas Mineras,,226.22,6.63,15.15,15.45,1.63,58.59,,,INCMNSZ/CONABIO 2019,3250
Guisos Fiambre San Miguel Allende,,52.65,4.36,3.29,2.45,2.98,85.43,,,INCMNSZ/CONABIO 2019,3251
Guisos Filete Al Chorizo,,172,11.45,3.04,12.63,0.69,72.08,,,INCMNSZ/CONABIO 2019 (fibra bruta),3252
Guisos Frijoles Con Cilantro Y Chiltepin,,86,3.48,15.69,1.02,1.63,78.18,,,INCMNSZ/CONABIO 2019 (fibra bruta),3253
Guisos Gallina Pinta (Platillo Sonorense),,192,8.05,9.47,13.54,0.41,66.7,,,INCMNSZ/CONABIO 2019 (fibra bruta),3217
Guisos Gallo O Capon,,81.33,1.18,5.17,6.215,7.84,82.86,,,INCMNSZ/CONABIO 2019,3254
Guisos Guacamayas,,256.01,16.54,21.19,11.675,13.87,46.33,,,INCMNSZ/CONABIO 2019,3255
Guisos Hojaldras De Jamón Y Queso,,382.9,11.1,29.5,24.5,0.2,32.6,,,INCMNSZ/CONABIO 2019 (fibra bruta),3256
Guisos Huaunzontles,,137,1.87,5.18,12.1,0.89,79.69,,,INCMNSZ/CONABIO 2019 (fibra bruta),3257
Guisos Kibis,,370.1,6.6,41.4,19.7,1,29.2,,,INCMNSZ/CONABIO 2019 (fibra bruta),3258
Guisos Lomo En Salsa De  Guayaba Y Ciruela,,262,27.68,1.23,16.25,0.01,54.83,,,INCMNSZ/CONABIO 2019 (fibra bruta),3259
Guisos Menudo,,66.54,9.52,4.13,1.325,0.75,91.93,,,INCMNSZ/CONABIO 2019,3260
Guisos Milanesa Empanizada De Pollo,,110.81,8.38,6.34,4.36,0.3,79.6,,,INCMNSZ/CONABIO 2019 (fibra bruta),3261
Guisos Milanesa Empanizada De Res,,236.23,10.76,13.7,13.46,0.19,59.7,,,INCMNSZ/CONABIO 2019 (fibra bruta),3262
Guisos Milanesa Empanizada De Res,,285.67,12.36,17.89,14.89,0,52,,,INCMNSZ/CONABIO 2019 (fibra bruta),3263
Guisos Milanesa Empanizada De Res,,189.5,10.2,11.41,8.58,0.59,68.5,,,INCMNSZ/CONABIO 2019 (fibra bruta),3264
"Guisos Milanesa Empanizada Rellena De Queso, Jamón Y Espinaca",,196.09,15.28,7.6,7.98,0.18,67.3,,,INCMNSZ/CONABIO 2019 (fibra bruta),3265
Guisos Mixiote De Pollo (Pierna De Pollo),,138.51,11.89,7.26,4.06,0.48,74.7,,,INCMNSZ/CONABIO 2019 (fibra bruta),3266
Guisos Mole De Olla,,51,5.67,2.18,2.14,0.26,88.87,,,INCMNSZ/CONABIO 2019 (fibra bruta),3267
Guisos Mucbipollo,,224.3,4.5,26.6,11.1,0.6,55.1,,,INCMNSZ/CONABIO 2019 (fibra bruta),3268
Guisos Paella Blanca (Láctea),,159.3,7.1,23.5,4.1,0.2,63.2,,,INCMNSZ/CONABIO 2019 (fibra bruta),3269
Guisos Paella Negra (Mariscos),,127.9,11.6,17,1.5,0.4,67.4,,,INCMNSZ/CONABIO 2019 (fibra bruta),3270
Guisos Paella Normal (Tipo Valenciana),,191.2,11.9,17,8.4,0.1,60.9,,,INCMNSZ/CONABIO 2019 (fibra bruta),3271
Guisos Paella Roja (Carnes Frías),,157.3,5.8,22.5,4.9,0.2,64.6,,,INCMNSZ/CONABIO 2019 (fibra bruta),3272
Guisos Paella Verde (Vegetariana),,108.4,5.7,18.7,1.2,0.1,72.5,,,INCMNSZ/CONABIO 2019 (fibra bruta),3273
Guisos Panuchos De Pollo,,212.2,11.7,15.7,11.4,0.5,59,,,INCMNSZ/CONABIO 2019 (fibra bruta),3274
Guisos Pechuga De Pollo Asada,,110.14,17.21,2.84,2.15,0.15,76.8,,,INCMNSZ/CONABIO 2019 (fibra bruta),3275
Guisos Pechuga De Pollo Asada Con Pimiento Morrón,,116.11,14.56,2.66,3.09,0,78.12,,,INCMNSZ/CONABIO 2019 (fibra bruta),3276
Guisos Pechuga De Pollo Rellena,,150.38,14.02,4.98,3.91,0.18,75.18,,,INCMNSZ/CONABIO 2019 (fibra bruta),3277
Guisos Picadillo De Res,,160.41,10.18,8.2,6.68,0.65,72.3,,,INCMNSZ/CONABIO 2019 (fibra bruta),3278
Guisos Picadillo De Res,,153.04,12.31,6.6,5.83,0.28,72.8,,,INCMNSZ/CONABIO 2019 (fibra bruta),3279
Guisos Pico De Gallo Con Xoconostle,,57.77,0.48,11.24,1.21,2.7,85.55,,,INCMNSZ/CONABIO 2019,3280
Guisos Pierna De Cerdo En Chile Guajillo,,172.36,18.24,6.72,3.34,0.67,69.5,,,INCMNSZ/CONABIO 2019 (fibra bruta),3281
Guisos Pipian Rojo Con Carne De Cerdo,,144,10.95,6.41,8.26,0.42,73.96,,,INCMNSZ/CONABIO 2019 (fibra bruta),3282
Guisos Pipian Verde,,94,8.38,3.74,9.29,0.83,75.78,,,INCMNSZ/CONABIO 2019 (fibra bruta),3283
Guisos Pipian Verde,,128,8.88,8.83,6.34,0.6,72.8,,,INCMNSZ/CONABIO 2019 (fibra bruta),3284
Guisos Polcanes,,360.4,6.4,38.7,20,0.8,31,,,INCMNSZ/CONABIO 2019 (fibra bruta),3285
Guisos Pollo Ahumado,,192,1.36,26.46,8.97,0.46,62.47,,,INCMNSZ/CONABIO 2019 (fibra bruta),3286
Guisos Pollo Atlixquense,,91,9.69,2.93,4.52,0.2,82.66,,,INCMNSZ/CONABIO 2019 (fibra bruta),3287
Guisos Pollo Con Caldillo,,128.8,7.16,0.86,3.22,0,77.6,,,INCMNSZ/CONABIO 2019 (fibra bruta),3288
Guisos Pollo En Chipotle,,178.2,17.1,1.74,7.44,0.05,72,,,INCMNSZ/CONABIO 2019 (fibra bruta),3289
Guisos Pollo Encacahuatado,,125,6.24,10.62,6.43,0.32,76.36,,,INCMNSZ/CONABIO 2019 (fibra bruta),3290
Guisos Pollo Encacahuatado,,199.85,15.51,23.75,7.75,1.52,50,,,INCMNSZ/CONABIO 2019 (fibra bruta),3291
Guisos Pollo Estilo Teriyaki,,118.68,14.52,3.87,2.8,0,77.6,,,INCMNSZ/CONABIO 2019 (fibra bruta),3292
Guisos Pollo Tocotlán,,130,7.02,3.15,9.88,0.93,76.57,,,INCMNSZ/CONABIO 2019 (fibra bruta),3293
Guisos Pozole De Zacatlán,,84,5.82,8.52,2.99,0.2,82.47,,,INCMNSZ/CONABIO 2019 (fibra bruta),3294
Guisos Puchero,,58.53,3.81,6.16,2.07,2.9,86.88,,,INCMNSZ/CONABIO 2019,3295
Guisos Salbutes De Pollo (Platillo Típico De Yucatán),,238.8,9.7,16.7,14.8,0.2,57,,,INCMNSZ/CONABIO 2019 (fibra bruta),3296
Guisos Sopa Crema De Pimiento,,104.18,1.83,6.74,7.49,0,83,,,INCMNSZ/CONABIO 2019 (fibra bruta),3298
Guisos Sopa De Médula,,59.45,3.5,2.32,4.015,1.14,92.46,,,INCMNSZ/CONABIO 2019,3297
Guisos Tamal De Ceniza,,275,2.34,37.1,13.02,6.73,42.35,,,INCMNSZ/CONABIO 2019,3299
Guisos Tinga Poblana,,95,9.68,4.49,4.26,0.94,79.36,,,INCMNSZ/CONABIO 2019 (fibra bruta),3300
Guisos Tinga Poblana,,135,8.7,7.44,7.85,0.43,74.61,,,INCMNSZ/CONABIO 2019 (fibra bruta),3301
Guisos Tlatlapas,,58,4.27,7.26,1.35,0.83,85.18,,,INCMNSZ/CONABIO 2019 (fibra bruta),3302
Guisos Tortitas De Cerdo En Caldillo,,145.38,5.66,8.08,6.77,0.82,76.9,,,INCMNSZ/CONABIO 2019 (fibra bruta),3303
Guisos Tostadas De Cueritos,,83.55,6.01,9.41,2.425,1.81,81.42,,,INCMNSZ/CONABIO 2019,3304
"Gusano Rosado, Larvas",,263.8,30.2,2.5,53.2,5.3,6.2,,,INCMNSZ/CONABIO 2019 (fibra bruta),1294
Haba Enchilada,,451.7,21.6,44.3,20.9,6.1,3.2,,,INCMNSZ/CONABIO 2019 (fibra bruta),2832
Haba Harina,,348,27.6,58.05,1.9,1.65,7.3,,,INCMNSZ/CONABIO 2019 (fibra bruta),2833
Haba Verde,,75,5.87,13.09,0.17,2.27,78,,,INCMNSZ/CONABIO 2019 (fibra bruta),3754
Helado Con Fresa,,175.9,3.7,31.5,3.9,1,59.1,,,INCMNSZ/CONABIO 2019 (fibra bruta),1331
Helado Cornetto Chocollage,,300,4.9,47.4,10.9,0.1,35.6,,,INCMNSZ/CONABIO 2019 (fibra bruta),1332
Helado De Chocolate,,214,3.82,22,12.79,2.18,58.29,,,INCMNSZ/CONABIO 2019 (fibra bruta),1333
Helado De Chocolate,,210,4.2,25.32,10.72,1.65,57.14,,,INCMNSZ/CONABIO 2019 (fibra bruta),1334
Helado De Chocolate Con Arroz Tostado De Crema Vegetal,,298.1,5.1,24.2,20.1,0.7,48.7,,,INCMNSZ/CONABIO 2019 (fibra bruta),1336
Helado De Fresa,,197,2.77,20.78,11.93,1.51,62.35,,,INCMNSZ/CONABIO 2019 (fibra bruta),1337
Helado De Fresa,,186,3.01,22.6,9.77,1.82,62.06,,,INCMNSZ/CONABIO 2019 (fibra bruta),1338
Helado De Fresa,,159,1.4,22.2,7.6,2.7,65.6,,,INCMNSZ/CONABIO 2019 (fibra bruta),1339
Helado De Nuez,,215,3.09,19.99,14.14,4.34,57.69,,,INCMNSZ/CONABIO 2019 (fibra bruta),1340
Helado De Nuez,,206,3.09,16.12,14.95,5.4,59.75,,,INCMNSZ/CONABIO 2019 (fibra bruta),1341
Helado De Nuez,,208,2.7,14.7,15.9,8.6,57.5,,,INCMNSZ/CONABIO 2019 (fibra bruta),1342
Helado De Vainilla,,209,2.68,19.92,13.75,3.27,59.71,,,INCMNSZ/CONABIO 2019 (fibra bruta),1350
Helado De Vainilla,,193,3.12,20.88,11.26,1.1,62.88,,,INCMNSZ/CONABIO 2019 (fibra bruta),1351
Helado Magnum Almendras,,320,6,25.4,22.3,0,45.2,,,INCMNSZ/CONABIO 2019 (fibra bruta),1354
Helado Sabor Fresa,,187,1.6,24,9.4,0.7,63.6,,,INCMNSZ/CONABIO 2019 (fibra bruta),1356
"Helado Sabor Fresa, De Crema Vegetal",,173.4,2.6,21.4,8.6,0.8,65.8,,,INCMNSZ/CONABIO 2019 (fibra bruta),1357
"Helado Sabor Fresa, De Crema Vegetal",,156.8,1.6,22.3,6.8,0.7,68,,,INCMNSZ/CONABIO 2019 (fibra bruta),1358
Helado Solero Oasis,,98,0.1,24.4,0.4,0,75,,,INCMNSZ/CONABIO 2019 (fibra bruta),1360
Hongo  Azul,,23,2.12,3.59,0.55,1.34,91.7,,,INCMNSZ/CONABIO 2019 (fibra bruta),15
Hongo Clavito,,39,6,5.3,0.54,1.56,85.8,,,INCMNSZ/CONABIO 2019 (fibra bruta),18
Hongo Clavito,,27,5.8,2.55,0.37,0.98,89.4,,,INCMNSZ/CONABIO 2019 (fibra bruta),19
"Hongo Clavito, Cocinado",,77,4.85,7.43,4.56,1.56,79.2,,,INCMNSZ/CONABIO 2019 (fibra bruta),20
Hongo Cuitlacoche,,29,1.62,6.24,0.43,1.81,89.2,,,INCMNSZ/CONABIO 2019 (fibra bruta),21
Hongo Duraznillo,,23,1.53,4.83,0.32,0.92,91.8,,,INCMNSZ/CONABIO 2019 (fibra bruta),23
"Hongo Duraznillo, Cocinado",,75,1.42,9.46,4.56,2.46,81.4,,,INCMNSZ/CONABIO 2019 (fibra bruta),24
Hongo En Polvo,,71,23.5,45.6,2.3,13.2,6,,,INCMNSZ/CONABIO 2019 (fibra bruta),25
Hongo Enchilado,,26,2,4.82,0.45,0.53,91.8,,,INCMNSZ/CONABIO 2019 (fibra bruta),26
Hongo Escobeta O Patas De Pájaro,,28,2.38,6.08,0.07,0.77,89.6,,,INCMNSZ/CONABIO 2019 (fibra bruta),27
Hongo Escobeta O Patas De Pájaro,,24,1.87,4.93,0.22,1.08,90.8,,,INCMNSZ/CONABIO 2019 (fibra bruta),28
Hongo Llanero,,24,3.87,3.62,0.15,1.46,87.7,,,INCMNSZ/CONABIO 2019 (fibra bruta),29
Hongo Médula De Bonete,,16,1.75,2.4,0.41,2.34,11.4,,,INCMNSZ/CONABIO 2019 (fibra bruta),30
Hongo Negro,,42,3.05,9.17,0.32,1.56,84.6,,,INCMNSZ/CONABIO 2019 (fibra bruta),32
"Hongo Negro, Cocinado",,80,2.24,8.07,5.5,1.59,81.4,,,INCMNSZ/CONABIO 2019 (fibra bruta),33
Hongo Oreja De Cochino,,30,2.12,6.68,0.16,2.24,87.7,,,INCMNSZ/CONABIO 2019 (fibra bruta),34
Hongo Pambazo,,38,6,5.44,0.48,1.78,85.1,,,INCMNSZ/CONABIO 2019 (fibra bruta),35
Hongo Señorita,,18,3.25,2.01,0.28,1.26,91.8,,,INCMNSZ/CONABIO 2019 (fibra bruta),36
"Hongo Señorita, Cocinado",,72,2.8,5.04,5.7,2.06,83.6,,,INCMNSZ/CONABIO 2019 (fibra bruta),37
Hongo Setas,,31,1.6,6.3,0.6,0.9,90,,,INCMNSZ/CONABIO 2019 (fibra bruta),39
"Hormiga Chicatana O Noku, Adulto",,253.9,17,8,17.1,5.3,50.6,,,INCMNSZ/CONABIO 2019 (fibra bruta),1297
Huaunzontle,,25,3.86,3.57,0.4,1.67,85.2,,,INCMNSZ/CONABIO 2019 (fibra bruta),3757
Huaunzontle,,65,5.25,13.46,0.57,3.12,74.2,,,INCMNSZ/CONABIO 2019 (fibra bruta),3758
Huaunzontle,,90,4.69,19.32,1.18,3.51,68.8,,,INCMNSZ/CONABIO 2019 (fibra bruta),3759
Ibes,,107,10.4,22.14,0.34,2.82,62.6,,,INCMNSZ/CONABIO 2019 (fibra bruta),3762
Ibes Semilla,,313,19.4,59.09,0.66,5.85,12,,,INCMNSZ/CONABIO 2019 (fibra bruta),2838
Jalea Membrillo,,252,0.4,56.3,2.8,2.8,37.3,,,INCMNSZ/CONABIO 2019 (fibra bruta),217
Jalea Membrillo,,311,0.06,80.27,0.07,1.6,17.8,,,INCMNSZ/CONABIO 2019 (fibra bruta),218
Jalea Naranja,,232,0.19,59.12,0.31,15.78,24.4,,,INCMNSZ/CONABIO 2019 (fibra bruta),219
Jarabe de Frutas sabor horchata,,237.08,0.15,58.04,0.48,0.8,40.2,,,INCMNSZ/CONABIO 2019 (fibra bruta),326
Jarabe de Frutas sabor jamaica,,38.59,0.05,8.9,0.31,0,90.5,,,INCMNSZ/CONABIO 2019 (fibra bruta),327
Jarabe de Frutas sabor mango,,38.39,0.05,8.94,0.27,0,90.5,,,INCMNSZ/CONABIO 2019 (fibra bruta),325
Jarabe de Frutas sabor tamarindo,,36.7,0.05,8.72,0.18,0.1,90.7,,,INCMNSZ/CONABIO 2019 (fibra bruta),328
Jengibre,,28,1.87,4.4,0.72,1.11,91.6,,,INCMNSZ/CONABIO 2019 (fibra bruta),3002
Jicama,,32,1.78,7.89,0,1.03,89,,,INCMNSZ/CONABIO 2019 (fibra bruta),3004
Jinicuil,,159,11.88,27.03,0.94,0.85,57.3,,,INCMNSZ/CONABIO 2019 (fibra bruta),1885
Jitomate Bola (Sin Cáscara Y Semilla),,11,0.62,2.41,0.1,0.57,95.7,,,INCMNSZ/CONABIO 2019 (fibra bruta),3763
Jitomate Bola (Sin Cáscara Y Semilla),,14,1.64,1.3,0.72,0.92,94.7,,,INCMNSZ/CONABIO 2019 (fibra bruta),3766
Jitomate Coktail Con Almeja,,18,0.5,4.2,0.2,0.2,93.8,,,INCMNSZ/CONABIO 2019 (fibra bruta),3768
Jitomate Coktail Con Almeja,,41,0.4,9.7,0.7,0.2,88,,,INCMNSZ/CONABIO 2019 (fibra bruta),3769
Jitomate Coktail Con Almeja,,38,0.4,10.3,0.1,0.2,87.9,,,INCMNSZ/CONABIO 2019 (fibra bruta),3770
Jitomate Coktail Con Almeja,,38,0.4,10.2,0.1,0.2,88.1,,,INCMNSZ/CONABIO 2019 (fibra bruta),3771
Jitomate Conserva,,20,0.87,3.82,0.55,0.46,93.1,,,INCMNSZ/CONABIO 2019 (fibra bruta),3772
Jitomate Deshidratado,,305,8,77.8,0,0,8,,,INCMNSZ/CONABIO 2019 (fibra bruta),3773
"Jitomate Íntegro, Conserva",,23,0.87,5.3,0.25,0.47,91.7,,,INCMNSZ/CONABIO 2019 (fibra bruta),3774
Jitomate Jugo,,29,1.1,6.86,0.26,0.27,90.3,,,INCMNSZ/CONABIO 2019 (fibra bruta),3775
Jitomate Jugo,,18,0.56,3.82,0.35,0.27,94.1,,,INCMNSZ/CONABIO 2019 (fibra bruta),3776
Jitomate Jugo,,17,0.8,4,0,0.3,94.6,,,INCMNSZ/CONABIO 2019 (fibra bruta),3777
Jitomate Jugo,,10,0.7,2,0.1,0.8,94.6,,,INCMNSZ/CONABIO 2019 (fibra bruta),3778
Jitomate Jugo,,16,0.7,3.9,0,0.5,93.9,,,INCMNSZ/CONABIO 2019 (fibra bruta),3779
"Jitomate Pelado, Conserva",,23,1.25,5.37,0.16,0.62,91.8,,,INCMNSZ/CONABIO 2019 (fibra bruta),3780
Jitomate Puré,,29,1,7.5,0,0,90.7,,,INCMNSZ/CONABIO 2019 (fibra bruta),3781
Jitomate Puré,,32,1.4,8.2,0,0,89.1,,,INCMNSZ/CONABIO 2019 (fibra bruta),3782
"Jitomate Puré, Conserva",,40,1.31,10.11,0.1,0.38,86.3,,,INCMNSZ/CONABIO 2019 (fibra bruta),3783
Jitomate Salsa (Catsup),,45,2.62,10.1,0.28,0.3,84.2,,,INCMNSZ/CONABIO 2019 (fibra bruta),3784
"Jitomate Salsa, Conserva",,60,2.5,14.83,0.18,0.79,80.4,,,INCMNSZ/CONABIO 2019 (fibra bruta),3785
Jitomate Sopa,,36,1.06,8.41,0.44,0.69,87.6,,,INCMNSZ/CONABIO 2019 (fibra bruta),3786
Jitomatillo,,30,1.5,7.12,0.11,0.27,89.8,,,INCMNSZ/CONABIO 2019 (fibra bruta),3787
Jojoba Harina Desgrasada,,324,33,50.27,0.6,8,4.2,,,INCMNSZ/CONABIO 2019 (fibra bruta),1887
Jojoba Harina Detoxificada,,320,42.4,41.53,0.51,9,2.5,,,INCMNSZ/CONABIO 2019 (fibra bruta),1888
Jojoba Pasta Desgrasada,,368,24.6,48.8,10,9.5,4,,,INCMNSZ/CONABIO 2019 (fibra bruta),1890
Jojoba Pasta Detoxificada,,315,27.5,53,0.5,11,4,,,INCMNSZ/CONABIO 2019 (fibra bruta),1891
Jojoba Testa,,284,6,63.3,0.7,15.6,10,,,INCMNSZ/CONABIO 2019 (fibra bruta),1892
"Jugo De Naranja, Acerola Y Zanahoria",,54.9,0.4,12.2,0.5,0,86.8,,,INCMNSZ/CONABIO 2019 (fibra bruta),3308
Jugo Papaya-Naranja,,56.5,0.5,12.5,0.5,0,86.4,,,INCMNSZ/CONABIO 2019 (fibra bruta),3309
Leche De Cabra Con Nuez (Dulce),,415,9.1,58.3,16.2,0,13,,,INCMNSZ/CONABIO 2019,1365
Leche De Vaca (Dulce),,457,13.69,49.96,22.54,0.78,11.69,,,INCMNSZ/CONABIO 2019 (fibra bruta),1369
"Leche De Vaca, 'Light'",,32,3.4,2.9,0.7,0,90.1,,,INCMNSZ/CONABIO 2019 (fibra bruta),1371
"Leche De Vaca, 'Light'",,32,3.4,3.2,0.6,0,90.5,,,INCMNSZ/CONABIO 2019 (fibra bruta),1372
"Leche De Vaca, Bebida Ultrapasteurizada, Sabor Durazno Con Yogurt Y Frutas",,73.4,1.9,12.4,1.8,0.3,83.2,,,INCMNSZ/CONABIO 2019 (fibra bruta),1373
"Leche De Vaca, Bebida Ultrapasteurizada, Sabor Fresa Con Yogurt Y Frutas",,75.9,2,12.7,1.9,0.3,82.6,,,INCMNSZ/CONABIO 2019 (fibra bruta),1374
"Leche De Vaca, Cajeta (Dulce) Gourmet",,323.63,1.26,78.41,0.55,0,18,,,INCMNSZ/CONABIO 2019 (fibra bruta),1378
"Leche De Vaca, En Polvo Entera, Con Cereal Adicionada Con Vitaminas Y Minerales",,486.7,14.72,54.62,23.26,0,2.3,,,INCMNSZ/CONABIO 2019 (fibra bruta),1411
"Leche De Vaca, Fermentada",,63,1.1,14.2,0.2,0,84.2,,,INCMNSZ/CONABIO 2019,1463
"Leche De Vaca, Fermentada",,60,1,12.5,0.4,0.5,83.8,,,INCMNSZ/CONABIO 2019,1467
"Leche De Vaca, Fermentada",,61.6,1.09,13.77,0.24,0.04,84.6,,,INCMNSZ/CONABIO 2019,1470
"Leche De Vaca, Fermentada",,44.77,1.14,9.85,0.09,0,88.6,,,INCMNSZ/CONABIO 2019,1471
"Leche De Vaca, Fermentada Sabor Durazno",,57.6,1,12.5,0.4,0,85.8,,,INCMNSZ/CONABIO 2019 (fibra bruta),1472
"Leche De Vaca, Fermentada Sabor Fresa",,51.2,1,10.9,0.4,0,87.4,,,INCMNSZ/CONABIO 2019 (fibra bruta),1473
"Leche De Vaca, Fermentada Sabor Fresa",,56.6,1.2,12.5,0.2,0,85.8,,,INCMNSZ/CONABIO 2019 (fibra bruta),1474
"Leche De Vaca, Fermentada Sabor Fresa",,55,4.3,8.5,0.4,0.6,79.1,,,INCMNSZ/CONABIO 2019,1475
"Leche De Vaca, Fermentada Sabor Mango",,53.9,1,11.8,0.3,0,86.6,,,INCMNSZ/CONABIO 2019 (fibra bruta),1476
"Leche De Vaca, Fermentada Sabor Manzana",,59.1,1.1,13,0.3,0,85.3,,,INCMNSZ/CONABIO 2019 (fibra bruta),1477
"Leche De Vaca, Fermentada Sabor Manzana",,50.8,0.9,11.8,0,0,87,,,INCMNSZ/CONABIO 2019 (fibra bruta),1478
"Leche De Vaca, Fermentada Sabor Manzana",,54,4.3,8.2,0.4,1,79.4,,,INCMNSZ/CONABIO 2019,1479
"Leche De Vaca, Fermentada Sabor Natural",,59.2,1.1,12.8,0.4,0,85.4,,,INCMNSZ/CONABIO 2019 (fibra bruta),1480
"Leche De Vaca, Fermentada Sabor Natural",,71,4,8.8,2.3,21.6,78.4,,,INCMNSZ/CONABIO 2019,1481
"Leche De Vaca, Higo Y Membrillo Con Nuez (Dulce)",,393,3.26,84.09,4.88,0.48,6.3,,,INCMNSZ/CONABIO 2019 (fibra bruta),1483
"Leche De Vaca, Mezcla Deshidratada",,373,26.1,66.6,0.2,0,0.9,,,INCMNSZ/CONABIO 2019 (fibra bruta),1485
"Leche De Vaca, Pasteurizada",,59,3.1,3.9,3.4,0,88.5,,,INCMNSZ/CONABIO 2019 (fibra bruta),1504
"Leche De Vaca, Pasteurizada",,53,2.5,3.2,3.4,0,89.1,,,INCMNSZ/CONABIO 2019 (fibra bruta),1505
"Leche De Vaca, Relleno De Membrillo Cubierto Con Nuez (Dulce)",,390,2.53,86.12,3.91,0.52,6.47,,,INCMNSZ/CONABIO 2019 (fibra bruta),1517
"Leche De Vaca, Semidescremada",,415,22.2,62,9.1,0.4,0,,,INCMNSZ/CONABIO 2019 (fibra bruta),1521
"Leche Dulce De Leche, Chongos Zamoranos",,164.8,4.48,30.33,2.84,0,61.2,,,INCMNSZ/CONABIO 2019 (fibra bruta),1555
"Leche Dulce De Leche, Chongos Zamoranos Enlatados (Dulce)",,162.7,4.4,25.7,4.7,0,64.4,,,INCMNSZ/CONABIO 2019,1556
"Leche Dulce De Leche, Chongos Zamoranos Enlatados (Dulce)",,156.3,4.6,27.5,3.1,0,63.7,,,INCMNSZ/CONABIO 2019,1557
"Leche Dulce De Leche, Chongos Zamoranos Enlatados (Dulce)",,176.5,5,31.7,3.3,0,58.9,,,INCMNSZ/CONABIO 2019,1558
"Leche Dulce De Leche, Chongos Zamoranos Enlatados (Dulce)",,174.8,4.9,31.6,3.2,0,59.2,,,INCMNSZ/CONABIO 2019,1559
Lechuga Hojas,,19,1.3,4.25,0.08,0.57,93.4,,,INCMNSZ/CONABIO 2019 (fibra bruta),3789
Lengua De Vaca,,19,1.87,3.51,0.29,0.93,92.2,,,INCMNSZ/CONABIO 2019 (fibra bruta),3795
Lengua De Vaca,,20,1.9,3.7,0.3,0.9,92,,,INCMNSZ/CONABIO 2019 (fibra bruta),3797
Lenteja Con Verduras Deshidratadas Sabor A Cerdo,,413.99,24.49,60.52,0.78,1.58,8.1,,,INCMNSZ/CONABIO 2019 (fibra bruta),2842
Lenteja Con Verduras Sabor Pollo,,343.15,20.03,64.61,0.51,3.64,6.7,,,INCMNSZ/CONABIO 2019 (fibra bruta),2841
Lenteja Grano,,329,24.6,56.53,1.64,3.83,8.9,,,INCMNSZ/CONABIO 2019 (fibra bruta),2846
Lenteja Harina,,329,24.6,56.53,1.64,3.83,8.9,,,INCMNSZ/CONABIO 2019 (fibra bruta),2843
Lenteja Puré,,109,5.6,16,2.9,1.2,72.3,,,INCMNSZ/CONABIO 2019 (fibra bruta),2844
Levadura Cerveza,,333,51,31,0.6,6,3.3,,,INCMNSZ/CONABIO 2019 (fibra bruta),3310
Levadura Deshidratada,,330,50.1,31.6,0.4,6.5,2.8,,,INCMNSZ/CONABIO 2019 (fibra bruta),3312
Levadura Deshidratada,,337,51.9,30.6,0.8,6.5,3.6,,,INCMNSZ/CONABIO 2019 (fibra bruta),3313
Levadura Europa,,325,48.2,30.5,1.1,6.5,7.8,,,INCMNSZ/CONABIO 2019 (fibra bruta),3314
Licor De Café,,494.4,3.8,64,24.8,0.2,5.8,,,INCMNSZ/CONABIO 2019 (fibra bruta),329
Maguey Pulque,,4,0.37,1.13,0,0,98.3,,,INCMNSZ/CONABIO 2019 (fibra bruta),334
Maguey Tlachique,,10,0.2,2.5,0,0,97.3,,,INCMNSZ/CONABIO 2019 (fibra bruta),335
Maiz Amarillo,,343,8.3,69.55,4.81,2.34,13.8,,,INCMNSZ/CONABIO 2019 (fibra bruta),2130
Maiz Atole,,364,5.2,80.5,2.3,0.4,10.3,,,INCMNSZ/CONABIO 2019 (fibra bruta),2135
Maiz Atole,,346,8.1,73.4,2.2,2.4,9.3,,,INCMNSZ/CONABIO 2019 (fibra bruta),2136
Maiz Atole Proteinado Con Vainilla,,379,3.2,88.5,1.6,0.5,5.7,,,INCMNSZ/CONABIO 2019 (fibra bruta),2137
Maiz Atole Simple,,21,0.43,4.56,0.06,0.15,94.7,,,INCMNSZ/CONABIO 2019 (fibra bruta),2138
"Maiz Atole, Con Soya",,373,10.5,82.1,0.3,1,4.8,,,INCMNSZ/CONABIO 2019 (fibra bruta),2139
"Maiz Atole, Con Soya",,369,10.2,80.6,0.6,0.7,7.3,,,INCMNSZ/CONABIO 2019 (fibra bruta),2140
"Maiz Azul, Tortilla",,354.6,7.4,62.8,8.2,3.7,17,,,INCMNSZ/CONABIO 2019 (fibra bruta),2142
Maíz Bebida En Polvo Con Cacao,,418.23,6.24,83,3.99,2.72,3.1,,,INCMNSZ/CONABIO 2019 (fibra bruta),2143
Maíz BebidaTascalate  (50% cocoa y 50% maíz),,423.34,5.46,85.24,4.41,9.3,2.4,,,INCMNSZ/CONABIO 2019,2144
Maiz Blanco,,353,9.9,71.93,4.4,1.97,10.4,,,INCMNSZ/CONABIO 2019 (fibra bruta),2147
Maiz Blanco,,359,7.8,73.53,5.01,1.46,10.9,,,INCMNSZ/CONABIO 2019 (fibra bruta),2148
Maiz Cacahuatzintle,,356,11.7,70.8,4.7,1.9,9.4,,,INCMNSZ/CONABIO 2019 (fibra bruta),2151
Maiz Cereal Para Desayuno,,367,7.9,82.4,0.6,2.1,4.9,,,INCMNSZ/CONABIO 2019,2152
Maiz Cereal Para Desayuno,,369,7.7,83.4,0.5,0.7,4.9,,,INCMNSZ/CONABIO 2019 (fibra bruta),2153
Maiz Cereal Para Desayuno,,387,7.4,86,0.5,0.9,2.3,,,INCMNSZ/CONABIO 2019 (fibra bruta),2154
Maiz Cereal Para Desayuno,,380,4.4,89.8,0.3,0.6,2.9,,,INCMNSZ/CONABIO 2019 (fibra bruta),2157
Maiz Cereal Para Desayuno,,375,4.7,88.6,0.2,0.6,4,,,INCMNSZ/CONABIO 2019 (fibra bruta),2158
Maiz Cereal Para Desayuno,,384,5.6,89.4,0.4,0.5,2.1,,,INCMNSZ/CONABIO 2019 (fibra bruta),2159
Maiz Cereal Para Desayuno,,391,5.5,88.8,0.3,1.1,2.4,,,INCMNSZ/CONABIO 2019 (fibra bruta),2160
Maiz Cereal Para Desayuno,,386,6.8,88.6,0.5,0.6,1.9,,,INCMNSZ/CONABIO 2019 (fibra bruta),2161
Maiz Cereal Para Desayuno,,387,5.8,87.8,0.3,1.5,2.4,,,INCMNSZ/CONABIO 2019 (fibra bruta),2162
Maiz Cereal Para Desayuno,,382,5.4,89.5,0.3,0.5,2.4,,,INCMNSZ/CONABIO 2019 (fibra bruta),2163
Maiz Cereal Para Desayuno,,454,5.5,74.2,15.1,1.4,2.4,,,INCMNSZ/CONABIO 2019 (fibra bruta),2164
Maiz Cereal Para Desayuno,,371,7.8,83.8,0.5,0.8,4.3,,,INCMNSZ/CONABIO 2019 (fibra bruta),2165
Maiz Cereal Para Desayuno,,374,9.7,79.5,1.9,1.5,6.4,,,INCMNSZ/CONABIO 2019 (fibra bruta),2166
Maíz Gluten,,307,61.2,21.9,6.1,55.2,8.2,,,INCMNSZ/CONABIO 2019,2178
"Maiz Grano, Azúl",,380.5,7.8,72.7,6.5,3.6,8.2,,,INCMNSZ/CONABIO 2019 (fibra bruta),2180
"Maiz Grano, Rosa",,376.8,10.3,70.4,6,3.7,8,,,INCMNSZ/CONABIO 2019 (fibra bruta),2181
Maiz Harina Amarilla,,372,7.9,75.6,3.7,3.1,8.1,,,INCMNSZ/CONABIO 2019 (fibra bruta),2190
Maiz Harina Amarilla,,373,7.7,75.9,3.7,2.7,8.4,,,INCMNSZ/CONABIO 2019 (fibra bruta),2191
Maiz Harina Blanca,,368,8.9,72.8,4.2,3.1,9.3,,,INCMNSZ/CONABIO 2019 (fibra bruta),2192
Maiz Harina Blanca,,363,8.8,72.8,3.6,3.1,10.1,,,INCMNSZ/CONABIO 2019 (fibra bruta),2193
Maiz Harina Desgerminada,,377,8,76.7,3.7,0.7,10,,,INCMNSZ/CONABIO 2019 (fibra bruta),2195
Maiz Harina Enriquecida,,376,11.3,70.6,5.2,2.8,8.4,,,INCMNSZ/CONABIO 2019 (fibra bruta),2196
Maiz Harina Nixtamalizada,,351,8.6,70.8,5,2.8,11.5,,,INCMNSZ/CONABIO 2019 (fibra bruta),2199
Maiz Harina Nixtamalizada,,364,8.7,70.9,4.6,2.2,11.9,,,INCMNSZ/CONABIO 2019 (fibra bruta),2200
Maiz Harina Nixtamalizada,,378,8.6,76.1,3.8,2.5,8,,,INCMNSZ/CONABIO 2019 (fibra bruta),2201
Maiz Harina Nixtamalizada,,368,8.9,74.2,3.5,2.8,9.3,,,INCMNSZ/CONABIO 2019 (fibra bruta),2203
Maiz Harina Nixtamalizada,,382,8.6,74.9,4.9,2.5,7.7,,,INCMNSZ/CONABIO 2019 (fibra bruta),2204
Maíz Harina Nixtamalizada,,381.42,7.85,77.56,4.42,0.97,8,,,INCMNSZ/CONABIO 2019 (fibra bruta),2206
Maíz Harina Nixtamalizada,,384.57,7.87,77.63,4.73,0.52,7.9,,,INCMNSZ/CONABIO 2019 (fibra bruta),2207
Maíz Harina Nixtamalizada,,379.47,8.97,75.66,4.55,1.22,7.9,,,INCMNSZ/CONABIO 2019 (fibra bruta),2208
Maiz Harina Nixtamalizada Con Proteínas Y Vitaminas,,371,10.6,73.5,3.4,2.8,8.2,,,INCMNSZ/CONABIO 2019 (fibra bruta),2209
Maiz Harina Nixtamalizada Instantánea,,385,10.8,70.3,6.7,3.6,6.8,,,INCMNSZ/CONABIO 2019 (fibra bruta),2211
Maiz Harina Para Atole Con Cal,,398,8.9,77.41,5.4,1.19,5.7,,,INCMNSZ/CONABIO 2019 (fibra bruta),2213
Maiz Harina Para Atole Sin Cal,,399,8.25,78.83,5.12,1.3,5.5,,,INCMNSZ/CONABIO 2019 (fibra bruta),2214
Maiz Harina Para Tortillas,,384,7.12,77.43,4.46,1.89,7.1,,,INCMNSZ/CONABIO 2019 (fibra bruta),2216
Maiz Harina Refinada,,365,6,78.5,2.1,0.6,12.4,,,INCMNSZ/CONABIO 2019 (fibra bruta),2217
Maiz Harina Refinada,,371,7.7,79.5,1.6,0.9,9.3,,,INCMNSZ/CONABIO 2019 (fibra bruta),2218
Maiz Hojuelas,,408.6,5.9,80.5,7,0.5,3.2,,,INCMNSZ/CONABIO 2019 (fibra bruta),2219
"Maiz Hojuelas, Con Cubierta Sabor Chocolate",,499.3,3.4,70,22.9,0.6,1.4,,,INCMNSZ/CONABIO 2019 (fibra bruta),2220
Maiz Masa Azul,,178.1,3.8,32.4,3.7,3.4,56.1,,,INCMNSZ/CONABIO 2019 (fibra bruta),2225
Maiz Masa Nixtamal,,169,4.64,36.39,1.16,0.41,56.8,,,INCMNSZ/CONABIO 2019 (fibra bruta),2228
Maiz Masa Pozole,,137,3.86,29.2,1.14,0,65.4,,,INCMNSZ/CONABIO 2019 (fibra bruta),2229
Maiz Masa Rosa,,165.9,4.7,30.7,2.7,1.7,59.37,,,INCMNSZ/CONABIO 2019 (fibra bruta),2230
Maiz Palomitas Con Mantequilla,,401,9.81,71.62,8.4,1.02,4.57,,,INCMNSZ/CONABIO 2019 (fibra bruta),2232
Maiz Pepitilla,,359,10.2,72.2,4.9,2.7,8.7,,,INCMNSZ/CONABIO 2019 (fibra bruta),2236
Maiz Pinole,,386,10.7,75.6,6.3,0,6,,,INCMNSZ/CONABIO 2019 (fibra bruta),2237
Maiz Pozole,,119,3.12,26.28,0.58,0.72,68.8,,,INCMNSZ/CONABIO 2019 (fibra bruta),2239
Maiz Pozole Con Cacao,,161,5.25,30.59,2.88,0.58,60,,,INCMNSZ/CONABIO 2019 (fibra bruta),2240
Maiz Pozole Grano Amarillo,,182,6,39.11,1.05,1.54,51.4,,,INCMNSZ/CONABIO 2019 (fibra bruta),2241
Maiz Pozole Grano Blanco,,168,4.63,36.37,1.09,1.21,56.2,,,INCMNSZ/CONABIO 2019 (fibra bruta),2242
Maiz Pozole Grano Blanco,,116,3.5,24.45,1.04,0.81,69.6,,,INCMNSZ/CONABIO 2019 (fibra bruta),2243
"Maiz Reventador, Amarillo",,358,12.2,71.1,4.6,1.3,9,,,INCMNSZ/CONABIO 2019 (fibra bruta),2244
"Maiz Rosa, Tortilla",,241.4,6.7,44.2,4.2,2.4,41.7,,,INCMNSZ/CONABIO 2019 (fibra bruta),2245
Maiz Tamal Con Carne De Cerdo,,266,6.6,21.3,18.5,0.4,51.4,,,INCMNSZ/CONABIO 2019 (fibra bruta),2247
Maiz Tamal Con Carne De Cerdo,,205,8.33,16.84,11.29,11.69,60,,,INCMNSZ/CONABIO 2019,2248
Maiz Tamal Con Carne De Cerdo,,159,4.24,13.9,9.91,8.34,70.08,,,INCMNSZ/CONABIO 2019,2249
Maiz Tamal De Carne De Res,,254,7.86,22.01,14.97,0.27,53.2,,,INCMNSZ/CONABIO 2019 (fibra bruta),2250
Maiz Tamal De Elote,,215,4.95,24.66,10.79,1.11,55.7,,,INCMNSZ/CONABIO 2019 (fibra bruta),2251
Maiz Tamal De Frijol,,258,3.7,22.8,18,1,52.7,,,INCMNSZ/CONABIO 2019 (fibra bruta),2252
Maiz Tamal De Nata,,279.01,2.66,39.45,12.28,5.25,42.46,,,INCMNSZ/CONABIO 2019,2253
Maiz Tamal De Pollo,,242,5,22.1,15.9,0.4,54.8,,,INCMNSZ/CONABIO 2019 (fibra bruta),2254
Maiz Tamal De Queso Con Rajas,,259,4.9,22.7,17.7,0.9,51.7,,,INCMNSZ/CONABIO 2019 (fibra bruta),2255
Maiz Tamal Verde,,238,2.6,27.8,13.6,0.6,54.5,,,INCMNSZ/CONABIO 2019 (fibra bruta),2257
Maiz Tamal Verde,,230,2.4,26.8,13.2,0.6,56.3,,,INCMNSZ/CONABIO 2019 (fibra bruta),2258
Maiz Tamal Verde,,302,2.7,32.3,19,0.6,44,,,INCMNSZ/CONABIO 2019 (fibra bruta),2259
Maiz Tamal Verde,,163,3.7,18.4,8.3,0.4,67.3,,,INCMNSZ/CONABIO 2019 (fibra bruta),2261
Maiz Tortilla,,224,5.8,49.45,1.09,0.86,41.9,,,INCMNSZ/CONABIO 2019 (fibra bruta),2262
Maiz Tortilla,,289,5.5,64.53,1.7,0.47,27.1,,,INCMNSZ/CONABIO 2019 (fibra bruta),2263
Maiz Tortilla,,218,6,46.07,1.94,2.09,42.9,,,INCMNSZ/CONABIO 2019 (fibra bruta),2264
Maiz Tortilla,,207,5.2,45.4,1.2,1.5,45.8,,,INCMNSZ/CONABIO 2019 (fibra bruta),2268
Maiz Tortilla,,194,4.5,43,1,1.7,48.7,,,INCMNSZ/CONABIO 2019 (fibra bruta),2269
Maiz Tortilla,,212,5.1,46.3,1.4,1.5,44.5,,,INCMNSZ/CONABIO 2019 (fibra bruta),2270
Maiz Tortilla,,222,5.3,48.1,1.2,1.5,42.7,,,INCMNSZ/CONABIO 2019 (fibra bruta),2271
Maiz Tortilla,,221,5.3,47.8,1.2,1.6,42.8,,,INCMNSZ/CONABIO 2019 (fibra bruta),2272
Maiz Tortilla,,216,5.3,45.2,2.3,1.8,44.2,,,INCMNSZ/CONABIO 2019 (fibra bruta),2273
Maiz Tortilla,,205,4.6,45.71,1.02,1.36,46.4,,,INCMNSZ/CONABIO 2019 (fibra bruta),2274
Maiz Tortilla,,211,5.2,46.6,1.1,1.9,44.1,,,INCMNSZ/CONABIO 2019 (fibra bruta),2275
Maiz Tortilla,,211,5.1,46.2,1.3,1.5,44.7,,,INCMNSZ/CONABIO 2019 (fibra bruta),2276
Maiz Tortilla,,196,4.9,43.2,1,1.4,48.8,,,INCMNSZ/CONABIO 2019 (fibra bruta),2277
Maiz Tortilla,,203,4.8,43.7,1,1.4,48.4,,,INCMNSZ/CONABIO 2019 (fibra bruta),2278
Maiz Tortilla,,210,5.3,46.6,0.9,1,48.3,,,INCMNSZ/CONABIO 2019 (fibra bruta),2279
Maiz Tortilla,,232,5.5,47,2.4,1,43.1,,,INCMNSZ/CONABIO 2019 (fibra bruta),2280
Maiz Tortilla,,180,5.12,41.52,0.41,6.18,45.9,,,INCMNSZ/CONABIO 2019,2281
Maíz Tortilla Amarilla (cultivado orgánicamente en la regíon Teopisca Chis.),,239.06,5.5,47.47,3.02,0.98,42.2,,,INCMNSZ/CONABIO 2019 (fibra bruta),2286
Maíz Tortilla Azúl (cultivado orgánicamente en la regíon Teopisca Chis.),,249.13,5.66,50.03,2.93,0.89,39.4,,,INCMNSZ/CONABIO 2019 (fibra bruta),2285
Maiz Tortilla Con Soya,,222,6.8,41.94,4.1,2.16,43.8,,,INCMNSZ/CONABIO 2019 (fibra bruta),2283
"Maíz Tortilla, Tostada Sin Grasa",,430.59,8.06,68.29,13.91,1.29,5.74,,,INCMNSZ/CONABIO 2019 (fibra bruta),2288
Maiz Tostada,,487,6.1,56.4,29.1,2.7,2.3,,,INCMNSZ/CONABIO 2019 (fibra bruta),2289
Maiz Tostada,,496,8,60.6,24.2,2.5,1.2,,,INCMNSZ/CONABIO 2019,2291
Maiz Tostada Deshidratada,,438,8.99,74.97,11.39,7.96,1.46,,,INCMNSZ/CONABIO 2019,2292
Maiz Tostada Deshidratada,,444,7.77,72.05,13.9,1.05,2.6,,,INCMNSZ/CONABIO 2019 (fibra bruta),2293
Maiz Tostada Norteña,,504,6.47,63.67,24.83,0.27,1.77,,,INCMNSZ/CONABIO 2019 (fibra bruta),2294
Maiz Uchepo,,94,2.81,21.04,0.26,2.19,70.6,,,INCMNSZ/CONABIO 2019 (fibra bruta),2295
Maiz Uchepo De Leche,,178,2.24,39.74,0.95,0.92,54.5,,,INCMNSZ/CONABIO 2019 (fibra bruta),2296
Maiz Uchepo Dulce,,152,2.74,34.4,0.75,1.01,60.4,,,INCMNSZ/CONABIO 2019 (fibra bruta),2297
Maiz Uchepo Salado,,130,5.05,27.27,0.82,0.46,64.5,,,INCMNSZ/CONABIO 2019 (fibra bruta),2298
"Maiz, Botana Charritos",,504,7.3,54.9,29.9,1.8,2.5,,,INCMNSZ/CONABIO 2019 (fibra bruta),2299
"Maiz, Botana Charritos",,546,5.6,47.3,39.4,1.5,2.2,,,INCMNSZ/CONABIO 2019 (fibra bruta),2300
"Maiz, Botana Charritos",,473,8.2,57.3,24.7,2.9,1.5,,,INCMNSZ/CONABIO 2019 (fibra bruta),2301
"Maiz, Botana Charritos",,468,7.3,59.1,23.5,1.6,4.4,,,INCMNSZ/CONABIO 2019 (fibra bruta),2302
"Maiz, Botana Charritos",,509,6.8,49.8,33.3,1.6,3.7,,,INCMNSZ/CONABIO 2019 (fibra bruta),2303
"Maiz, Botana Charritos",,512,22.1,34.1,35.1,2,2,,,INCMNSZ/CONABIO 2019 (fibra bruta),2304
"Maiz, Botana Fritos Con Sal Y Limón",,470,9,62,21,3.9,2.7,,,INCMNSZ/CONABIO 2019,2307
"Maiz, Botana Frituras",,507,6.7,47,34.4,6.4,3.5,,,INCMNSZ/CONABIO 2019 (fibra bruta),2308
"Maiz, Botana Frituras",,510,6.7,49.3,33.7,6.4,1,,,INCMNSZ/CONABIO 2019 (fibra bruta),2309
"Maíz, Cereal Para Desayuno Hojuelas Con Chocolate",,467.16,7.19,72.23,15.06,0.01,3.5,,,INCMNSZ/CONABIO 2019 (fibra bruta),2171
"Maíz, Pinole con cacao",,420.23,5.37,84.59,4.77,10.6,3.1,,,INCMNSZ/CONABIO 2019,2238
Mak'Ol Box Mak'Ol Box (Ñame),,73,2.18,17.48,0.05,0.49,78.8,,,INCMNSZ/CONABIO 2019 (fibra bruta),3006
Malanga Mak'Ol (Malanga),,115,3.88,26.86,0.18,0.58,67,,,INCMNSZ/CONABIO 2019 (fibra bruta),3007
"Malteada Polvo Para Preparar Bebida Sabor Chocolate, Con Amaranto",,392,8.72,79.78,5.28,1.63,2.39,,,INCMNSZ/CONABIO 2019 (fibra bruta),3317
Malva,,31,5.37,3.89,0.56,0.88,87.3,,,INCMNSZ/CONABIO 2019 (fibra bruta),3801
Manzanilla Té,,224,12.8,48.5,2.3,17.9,8.5,,,INCMNSZ/CONABIO 2019 (fibra bruta),3811
Maranta (Sagu),,150,2.43,37.03,0.13,1.91,57.2,,,INCMNSZ/CONABIO 2019 (fibra bruta),3008
Marañon Almendra,,526,17.89,37.92,37,1.39,2.7,,,INCMNSZ/CONABIO 2019 (fibra bruta),1894
Masilla Cerveza,,303,17.5,52.5,2.5,18.8,2.6,,,INCMNSZ/CONABIO 2019 (fibra bruta),3318
Membrillo,,171,0.37,12.08,0.49,1.66,84.9,,,INCMNSZ/CONABIO 2019 (fibra bruta),1000
Mermelada Camote Con Piña,,292,0.1,74.3,0.5,0.5,24.2,,,INCMNSZ/CONABIO 2019 (fibra bruta),221
Mermelada Chabacano,,275,0.5,69.74,0.36,0.3,28.7,,,INCMNSZ/CONABIO 2019 (fibra bruta),222
Mermelada Conserva,,249,0.3,63.6,0.2,0.9,34.6,,,INCMNSZ/CONABIO 2019 (fibra bruta),223
Mermelada Durazno,,255,0.1,64,0.8,0.4,34.5,,,INCMNSZ/CONABIO 2019 (fibra bruta),224
Mermelada Frambuesa,,277,0.5,70.45,0.25,1.2,27.3,,,INCMNSZ/CONABIO 2019 (fibra bruta),225
Mermelada Fresa,,235,0.2,60.2,0.2,0.5,38.6,,,INCMNSZ/CONABIO 2019 (fibra bruta),226
Mermelada Fresa,,246,0.4,62.1,0.5,1.6,34,,,INCMNSZ/CONABIO 2019 (fibra bruta),227
Mermelada Fresa,,302,0.4,73.1,2,0.4,23.8,,,INCMNSZ/CONABIO 2019 (fibra bruta),228
Mermelada Fresa,,267,0.2,67.8,0.4,0.4,30.9,,,INCMNSZ/CONABIO 2019 (fibra bruta),229
Mermelada Frutas,,511,15.4,53,27.2,2,1.1,,,INCMNSZ/CONABIO 2019 (fibra bruta),231
Mermelada Naranja,,229,0.81,57.45,0.39,20.15,20.7,,,INCMNSZ/CONABIO 2019 (fibra bruta),236
Mermelada Piña,,381,0.2,69.8,0.6,0.2,28.8,,,INCMNSZ/CONABIO 2019 (fibra bruta),238
Mermelada Zarzamora,,259,1.19,65.13,0.2,4.58,28.4,,,INCMNSZ/CONABIO 2019 (fibra bruta),239
Mezcla Deshidratada Para Preparar Bebida sabor naranja,,277.63,3.55,85.91,0.42,0.11,2.2,,,INCMNSZ/CONABIO 2019 (fibra bruta),369
Mezcla Deshidratada Para Preparar Bebidas,,388,0,97.5,0.9,0.4,0.2,,,INCMNSZ/CONABIO 2019 (fibra bruta),336
Mezcla Deshidratada Para Preparar Bebidas,,395,0.5,98.2,0,0,0.6,,,INCMNSZ/CONABIO 2019 (fibra bruta),337
Mezcla Deshidratada Para Preparar Bebidas,,396,0.6,98.4,0,0,0.3,,,INCMNSZ/CONABIO 2019 (fibra bruta),338
Mezcla Deshidratada Para Preparar Bebidas,,396,1.4,97.7,0,0,0.4,,,INCMNSZ/CONABIO 2019 (fibra bruta),339
Mezcla Deshidratada Para Preparar Bebidas,,391,0.2,97.5,0,0,1.9,,,INCMNSZ/CONABIO 2019 (fibra bruta),340
Mezcla Deshidratada Para Preparar Bebidas,,394,0.5,98,0,0,0.4,,,INCMNSZ/CONABIO 2019 (fibra bruta),341
Mezcla Deshidratada Para Preparar Bebidas Sabor Fresa,,405,7.1,84.8,4.1,0.3,0.7,,,INCMNSZ/CONABIO 2019 (fibra bruta),342
Mezcla Deshidratada Para Preparar Bebidas sabor piña,,385.88,1.15,95.32,0,0,0.4,,,INCMNSZ/CONABIO 2019 (fibra bruta),343
Mezcla Deshidratada Para Preparar té sabor limón,,323.96,5.08,80.77,1.12,0.15,4.5,,,INCMNSZ/CONABIO 2019 (fibra bruta),370
Mezquite  Semilla,,261,13,47.3,2.8,26.3,6.1,,,INCMNSZ/CONABIO 2019 (fibra bruta),2850
Mezquite Almendra,,312,37.2,32.1,6.3,8.5,8.3,,,INCMNSZ/CONABIO 2019 (fibra bruta),2852
Mezquite Cascarilla,,240,11.3,45.7,1.8,31.6,5.4,,,INCMNSZ/CONABIO 2019 (fibra bruta),2853
Mezquite Entero,,287,7.1,61.5,1.5,21.3,4.2,,,INCMNSZ/CONABIO 2019 (fibra bruta),2854
Mezquite Pericarpio,,262,10.5,49.9,2.7,20.4,10.1,,,INCMNSZ/CONABIO 2019 (fibra bruta),2855
Mezquite Sin Vaina,,233,12.3,42.8,1.9,35.4,4.3,,,INCMNSZ/CONABIO 2019 (fibra bruta),2856
Mezquite Tostado,,196,12.5,34.4,1.5,43.6,3.5,,,INCMNSZ/CONABIO 2019 (fibra bruta),2857
Mezquite Vaina Entera,,266,14.7,46.3,3.2,21.3,9,,,INCMNSZ/CONABIO 2019 (fibra bruta),2858
Miel De Abeja,,339,0.2,86,0.6,0,12.9,,,INCMNSZ/CONABIO 2019 (fibra bruta),243
Miel De Abeja,,331.6,0.33,81.82,0.34,0.03,17.44,,,INCMNSZ/CONABIO 2019 (fibra bruta),245
Miel De Maguey,,284.4,3.6,65.7,0.8,0.1,26.8,,,INCMNSZ/CONABIO 2019 (fibra bruta),252
Miel De Maguey,,256.1,2,60.9,0.5,0.1,34.2,,,INCMNSZ/CONABIO 2019 (fibra bruta),253
Miel De Maguey,,289,1.9,71.2,0.7,0,23.3,,,INCMNSZ/CONABIO 2019 (fibra bruta),254
Miel De Maguey,,254.37,2.95,60.35,0.13,0,34,,,INCMNSZ/CONABIO 2019 (fibra bruta),258
Miel De Plátano,,225,1.44,56.66,0,0,38.2,,,INCMNSZ/CONABIO 2019 (fibra bruta),260
Miel Jarabe Con Propoleo Y Eucalipto,,315,0.2,80.6,0.3,0,18.8,,,INCMNSZ/CONABIO 2019 (fibra bruta),261
Mole,,554.76,11.49,39.27,39.08,4.49,0.5,,,INCMNSZ/CONABIO 2019 (fibra bruta),3319
Mole,,120.48,2.57,10.63,7.52,0,78.1,,,INCMNSZ/CONABIO 2019 (fibra bruta),3320
Mole Bajo En Calorías,,405.8,11.7,40.7,21.8,6.3,12.5,,,INCMNSZ/CONABIO 2019 (fibra bruta),3322
Mole De Olores,,195,13.89,9.1,11.44,0.57,65,,,INCMNSZ/CONABIO 2019 (fibra bruta),3323
Mole Negro,,203.44,2.47,22.29,11.6,2.89,58.68,,,INCMNSZ/CONABIO 2019 (fibra bruta),3324
Mole Pasta,,422.7,10.8,48.3,20.7,2.3,15.1,,,INCMNSZ/CONABIO 2019 (fibra bruta),3325
Mole Poblano,,171,18.18,7.91,7.39,0.29,65.16,,,INCMNSZ/CONABIO 2019 (fibra bruta),3326
Mole poblano en pasta,,238.83,2.68,29.08,9.37,3.23,56.3,,,INCMNSZ/CONABIO 2019,3327
Mole Poblano Estilo Zacatlán,,173,15.44,9.89,7.97,0.68,65.76,,,INCMNSZ/CONABIO 2019 (fibra bruta),3328
Mole Prieto,,96,1.75,14.22,3.61,0.9,78.28,,,INCMNSZ/CONABIO 2019 (fibra bruta),3329
Mole Rojo Casero,,528.37,9.9,43.15,35.13,6.11,2.09,,,INCMNSZ/CONABIO 2019 (fibra bruta),3330
"Mosca Gusano Del Queso, Larva",,97.4,10.6,1.6,5.4,0.9,80.5,,,INCMNSZ/CONABIO 2019 (fibra bruta),1315
Nabo,,22,1.06,4.1,0.39,1.41,92.44,,,INCMNSZ/CONABIO 2019 (fibra bruta),3010
Nabo Follaje Tierno,,35,3.5,4.3,0.45,2.6,87.33,,,INCMNSZ/CONABIO 2019,3814
Nabo Harina,,274,14.8,56.81,1.83,7.46,11.6,,,INCMNSZ/CONABIO 2019 (fibra bruta),3013
Nabo Hoja,,58,2.25,10.76,1.74,1.85,82.6,,,INCMNSZ/CONABIO 2019 (fibra bruta),3816
Nabo Largo,,18,1.69,3.32,0.14,0.85,93.2,,,INCMNSZ/CONABIO 2019 (fibra bruta),3014
Nance,,41,2.12,6.45,1.31,5.42,84.2,,,INCMNSZ/CONABIO 2019 (fibra bruta),1002
Nance,,57,0.87,11.7,1.38,2.55,82.9,,,INCMNSZ/CONABIO 2019 (fibra bruta),1003
Nance Agrio,,55,1.37,11.17,1.16,1.6,84.2,,,INCMNSZ/CONABIO 2019 (fibra bruta),1004
Naranja,,35,0.87,8.91,0.02,0.3,89.4,,,INCMNSZ/CONABIO 2019 (fibra bruta),1005
Naranja,,41,0.93,10.58,0.03,0.26,87.7,,,INCMNSZ/CONABIO 2019 (fibra bruta),1006
Naranja,,35,0.84,8.83,0.08,0.35,89.6,,,INCMNSZ/CONABIO 2019 (fibra bruta),1007
Naranja,,35,0.81,8.89,0.04,1.06,88.8,,,INCMNSZ/CONABIO 2019 (fibra bruta),1008
Naranja Agria,,58,1.5,13.38,0.63,1.29,82.4,,,INCMNSZ/CONABIO 2019 (fibra bruta),1011
Naranja Cajera,,49,1,11.19,0.66,0.25,86.4,,,INCMNSZ/CONABIO 2019 (fibra bruta),1012
Naranja China,,58,1.37,14.56,0.13,1.64,81.9,,,INCMNSZ/CONABIO 2019 (fibra bruta),1013
Naranja Concentrado,,218,0.1,61.1,0,0,38.3,,,INCMNSZ/CONABIO 2019 (fibra bruta),1014
Naranja Concentrado,,235,0.6,63.8,0.4,0.4,30.8,,,INCMNSZ/CONABIO 2019 (fibra bruta),1015
Naranja Concentrado,,242,1.2,65.1,0.5,0.2,31.2,,,INCMNSZ/CONABIO 2019 (fibra bruta),1016
Naranja Concentrado,,242,2.1,64.2,0.5,0.1,31.6,,,INCMNSZ/CONABIO 2019 (fibra bruta),1017
Naranja Concentrado,,245,1.4,66.2,0.3,0.1,31.1,,,INCMNSZ/CONABIO 2019 (fibra bruta),1018
Naranja Concentrado,,280.26,1.35,66.59,0.94,0.2,30.1,,,INCMNSZ/CONABIO 2019 (fibra bruta),1019
Naranja Dulce,,52,1.74,12.67,0.09,3.1,82,,,INCMNSZ/CONABIO 2019 (fibra bruta),1020
Naranja Jugo,,39,0,10.9,0,0.3,88.7,,,INCMNSZ/CONABIO 2019 (fibra bruta),1022
Naranja Jugo,,41,0.1,11.1,0.1,0.1,88.4,,,INCMNSZ/CONABIO 2019 (fibra bruta),1023
Naranja Naranjada,,37,0.1,10,0.1,0,89.6,,,INCMNSZ/CONABIO 2019 (fibra bruta),1026
Naranja Naranjada,,44,0.2,12.1,0,0,87.4,,,INCMNSZ/CONABIO 2019 (fibra bruta),1027
Naranja Naranjada,,44,0.2,11.9,0.1,0,87.6,,,INCMNSZ/CONABIO 2019 (fibra bruta),1028
Naranja Naranjada,,45,0.2,12.3,0,0,87.4,,,INCMNSZ/CONABIO 2019 (fibra bruta),1029
Naranja Naranjita (Con Cáscara),,44,1.37,10.28,0.26,1.99,85.6,,,INCMNSZ/CONABIO 2019 (fibra bruta),1030
Naranja Naranjita (Sin Cáscara),,40,2.12,7.88,0.56,1.84,82.7,,,INCMNSZ/CONABIO 2019 (fibra bruta),1031
Nieve De Fresa,,125.3,0.2,30,0.5,0.1,69.1,,,INCMNSZ/CONABIO 2019 (fibra bruta),3331
Nieve De Limón,,108.4,0.2,26,0.4,0,73.3,,,INCMNSZ/CONABIO 2019 (fibra bruta),3332
Nieve Limón,,70,0,18,0.1,0.2,81.6,,,INCMNSZ/CONABIO 2019 (fibra bruta),262
Nispero Del Japón,,42,0.05,9.51,0.87,1.17,88,,,INCMNSZ/CONABIO 2019 (fibra bruta),1033
Nopal,,27,2,5.59,0.32,0.79,90.1,,,INCMNSZ/CONABIO 2019 (fibra bruta),3817
Nopal Deshidratado,,234,6.8,56.7,1.8,48.6,6.6,,,INCMNSZ/CONABIO 2019,3821
Nopal Deshidratado En Polvo,,221,5.5,53.1,2.2,48.9,4.4,,,INCMNSZ/CONABIO 2019,3822
"Nopal Deshidratado Y Fibra, Mezcla",,210,4.1,52.2,1.6,57.6,4.4,,,INCMNSZ/CONABIO 2019,3823
Nopal Fibra,,184,2.5,47,1.2,58.1,5.2,,,INCMNSZ/CONABIO 2019,3824
Nopal Forrajero,,22,1.02,4.94,0.23,1.1,91.5,,,INCMNSZ/CONABIO 2019 (fibra bruta),3825
Nopal Pastilla,,237,11.3,51.8,2.9,10.1,8.9,,,INCMNSZ/CONABIO 2019 (fibra bruta),3826
Nopal Tierno,,4,1.31,0.13,0.1,0.76,90.8,,,INCMNSZ/CONABIO 2019 (fibra bruta),3827
Nopal Tunero,,19,1.26,4.21,0.08,1.14,92,,,INCMNSZ/CONABIO 2019 (fibra bruta),3828
Nopal Verdura,,21,1.02,4.61,0.19,1.15,91.7,,,INCMNSZ/CONABIO 2019 (fibra bruta),3829
Nuez De Macadamia Tostada Con Azúcar,,676.3,8.6,27.5,59.1,2.3,1.2,,,INCMNSZ/CONABIO 2019 (fibra bruta),2859
Nuez De Macadamia Tostada Con Sal,,743.8,10.1,9.8,73.8,2.6,1.5,,,INCMNSZ/CONABIO 2019 (fibra bruta),2860
Nuez Garapiñada,,552,4.51,56.35,36.53,0.5,1.2,,,INCMNSZ/CONABIO 2019 (fibra bruta),1895
Nuez Garapiñada,,612,7.5,43.5,45.4,2,1.1,,,INCMNSZ/CONABIO 2019,264
Nuez Palanqueta,,577,6.62,41.49,42.8,5.68,1.57,,,INCMNSZ/CONABIO 2019,1896
Nuez Palanqueta De,,543,7.1,48.5,35.7,1.4,2.4,,,INCMNSZ/CONABIO 2019,265
Oregano De Castilla,,15,0.87,2.61,0.42,0.5,94.4,,,INCMNSZ/CONABIO 2019 (fibra bruta),3830
Oregano De La Tierra,,87,5,17.6,1.48,4.12,69.2,,,INCMNSZ/CONABIO 2019 (fibra bruta),3831
Pagua,,142,1.38,1.76,8.8,5.16,81.8,,,INCMNSZ/CONABIO 2019 (fibra bruta),1034
Pagua,,55,1.06,2.86,4.96,2.42,87.8,,,INCMNSZ/CONABIO 2019 (fibra bruta),1035
Palomas Palomas,,300,8.12,11.35,26.98,5.05,47.3,,,INCMNSZ/CONABIO 2019 (fibra bruta),1897
Papa,,47,1.87,12.05,0.06,0.42,84.7,,,INCMNSZ/CONABIO 2019 (fibra bruta),3015
Papa,,70,1.37,18.96,0.08,0.59,77.9,,,INCMNSZ/CONABIO 2019 (fibra bruta),3016
Papa,,74,1.25,20.13,0.1,0.42,77,,,INCMNSZ/CONABIO 2019 (fibra bruta),3017
Papa,,49,0.75,13.45,0.09,0.61,84.4,,,INCMNSZ/CONABIO 2019 (fibra bruta),3018
Papa A La Francesa,,194.6,2.4,23.3,10.2,1.6,61.5,,,INCMNSZ/CONABIO 2019 (fibra bruta),3020
Papa Amarilla,,78,1.72,20.85,0.16,0.37,75.8,,,INCMNSZ/CONABIO 2019 (fibra bruta),3021
Papa Amarilla,,81,1.62,21.75,0.08,0.35,74.7,,,INCMNSZ/CONABIO 2019 (fibra bruta),3022
Papa Amarilla,,75,1.62,20.22,0.07,0.49,76.7,,,INCMNSZ/CONABIO 2019 (fibra bruta),3023
Papa Amarilla,,65,3.43,15.25,0.3,1.6,78.27,,,INCMNSZ/CONABIO 2019 (fibra bruta),3025
Papa Blanca,,73,2.05,18.46,0.42,1.42,76.54,,,INCMNSZ/CONABIO 2019 (fibra bruta),3026
Papa Colorada,,63,1.98,16.3,0.1,0.32,80.3,,,INCMNSZ/CONABIO 2019 (fibra bruta),3034
Papa Criolla,,57,1.81,13.63,0.6,0.4,83.2,,,INCMNSZ/CONABIO 2019 (fibra bruta),3035
Papa De Agua,,80,3.44,19.92,0.17,0.47,75,,,INCMNSZ/CONABIO 2019 (fibra bruta),3036
Papa Frita,,519,6.4,48.9,35,1.4,4.4,,,INCMNSZ/CONABIO 2019 (fibra bruta),3039
Papa Frita,,514,6.4,51.4,33.2,1.8,3.2,,,INCMNSZ/CONABIO 2019 (fibra bruta),3040
Papa Frita,,489,6.2,54.5,28.8,1.2,5.7,,,INCMNSZ/CONABIO 2019 (fibra bruta),3041
Papa Frita,,521,5.8,52.3,33.9,1.6,2.6,,,INCMNSZ/CONABIO 2019 (fibra bruta),3042
Papa Frita Sabor A Queso,,524,5.6,61.6,28.3,1.3,0.8,,,INCMNSZ/CONABIO 2019 (fibra bruta),3043
Papa Frita Sabor B.B.Q.,,556,5.4,55.9,34.5,1,0.8,,,INCMNSZ/CONABIO 2019 (fibra bruta),3044
Papa Frita Sabor B.B.Q. Bajo En Colesterol,,508,5.1,66.6,24.6,1.1,0.3,,,INCMNSZ/CONABIO 2019 (fibra bruta),3045
Papa Frita Sabor Original Onduladas,,558,5.1,55.5,35.1,1,0.4,,,INCMNSZ/CONABIO 2019 (fibra bruta),3046
Papa Frita Sabor Ranch,,564,5.3,54.4,36.1,1,0.5,,,INCMNSZ/CONABIO 2019 (fibra bruta),3047
"Papa Frita Sabor Ranch, Bajo En Colesterol",,532,5.4,62.6,28.9,0.9,0.2,,,INCMNSZ/CONABIO 2019 (fibra bruta),3048
Papa Harina,,292,6.61,78.51,0.11,1.47,7.8,,,INCMNSZ/CONABIO 2019 (fibra bruta),3049
Papa Voladora,,128,4.12,33.13,0.15,0.9,60.3,,,INCMNSZ/CONABIO 2019 (fibra bruta),3054
Papaloquelite,,17,1.75,2.89,0.33,0.93,93.2,,,INCMNSZ/CONABIO 2019 (fibra bruta),3832
Papaloquelite,,17,1.8,2.9,0.3,0.9,93.2,,,INCMNSZ/CONABIO 2019 (fibra bruta),3833
Papaya,,33,0.56,8.54,0.08,0.82,89.5,,,INCMNSZ/CONABIO 2019 (fibra bruta),1036
Papaya,,16,0.44,3.82,0.05,0.39,94.6,,,INCMNSZ/CONABIO 2019 (fibra bruta),1037
Papaya Deshidratada,,347.8,0.42,92.39,0,0.19,6.2,,,INCMNSZ/CONABIO 2019 (fibra bruta),1040
Papaya Néctar Con Piña,,51,0.2,13.9,0.1,0.1,85.5,,,INCMNSZ/CONABIO 2019 (fibra bruta),1041
Parota,,375,36.8,52.67,3.9,2.03,1.4,,,INCMNSZ/CONABIO 2019 (fibra bruta),2862
Parota Harina Cruda Descascarillada,,355,36.47,48.89,3.6,1.56,6.65,,,INCMNSZ/CONABIO 2019 (fibra bruta),2867
Parota Harina Cruda Integral,,327,38.48,41.4,2.95,5.81,7.89,,,INCMNSZ/CONABIO 2019 (fibra bruta),2868
Pepino,,13,1.12,2.41,0.2,0.87,94.4,,,INCMNSZ/CONABIO 2019 (fibra bruta),3835
Pepino,,12,0.75,2.47,0.15,0.43,95.8,,,INCMNSZ/CONABIO 2019 (fibra bruta),3838
Pepino De Árbol (Kat),,41,1.43,10.23,0.09,0.35,87.6,,,INCMNSZ/CONABIO 2019 (fibra bruta),3840
Pepino De Arilla (Katkuuk),,71,4.55,5.14,4.94,20.87,60.8,,,INCMNSZ/CONABIO 2019 (fibra bruta),3841
"Pepino Picles Con Cáscara, Conserva",,11,0.62,1.49,0.47,0.62,94.1,,,INCMNSZ/CONABIO 2019 (fibra bruta),3842
"Pepino Picles Sin Cáscara, Conserva",,2,0.25,0.35,0.07,0.33,98.3,,,INCMNSZ/CONABIO 2019 (fibra bruta),3843
Pera,,55,0.5,14.61,0.09,2.6,82,,,INCMNSZ/CONABIO 2019 (fibra bruta),1043
Pera Deshidratada,,350.5,1.82,75.35,0.11,6.41,15.3,,,INCMNSZ/CONABIO 2019 (fibra bruta),1046
Pera Gamboa,,66,0.56,17.38,0.25,2.71,78.8,,,INCMNSZ/CONABIO 2019 (fibra bruta),1047
Pera Néctar,,48,0.1,13.2,0.1,0.3,86.3,,,INCMNSZ/CONABIO 2019 (fibra bruta),1048
Perejil,,64,2.12,10.93,2.35,1.8,79.9,,,INCMNSZ/CONABIO 2019 (fibra bruta),3846
Peron,,60,0.45,15.16,0.43,1.26,82.2,,,INCMNSZ/CONABIO 2019 (fibra bruta),1049
Pescado Harina,,402,65.1,4.7,13.8,0.5,9.2,,,INCMNSZ/CONABIO 2019 (fibra bruta),2024
Pescado Salchicha,,169.24,13.22,0.11,12.88,0.73,71.3,,,INCMNSZ/CONABIO 2019 (fibra bruta),2026
Pimienta Negra Molida,,301,10.64,54.31,4.63,13.68,11.26,,,INCMNSZ/CONABIO 2019 (fibra bruta),1898
"Pimiento De Tabasco, Hoja",,84,4.12,17.3,1.46,5.42,69.1,,,INCMNSZ/CONABIO 2019 (fibra bruta),3849
Pimiento Morrón,,38,1.08,9.13,0.37,1.43,87.32,,,INCMNSZ/CONABIO 2019 (fibra bruta),3850
Pingüica Semilla,,362,3.36,70.64,7.53,8.37,7,,,INCMNSZ/CONABIO 2019 (fibra bruta),1899
Piña,,33,0.62,8.37,0.12,0.39,90,,,INCMNSZ/CONABIO 2019 (fibra bruta),1051
Piña Concentrado,,232,0.1,64.8,0,0,34.5,,,INCMNSZ/CONABIO 2019 (fibra bruta),1055
Piña Jugo,,56,0.31,13.92,0.07,0,85.3,,,INCMNSZ/CONABIO 2019 (fibra bruta),1057
Piña Jugo,,44,0.1,12,0.1,0.3,87.5,,,INCMNSZ/CONABIO 2019 (fibra bruta),1058
Piña Jugo,,42,0.2,11.3,0.1,0.3,88,,,INCMNSZ/CONABIO 2019 (fibra bruta),1059
Piña Jugo,,46,0.3,11.6,0,0,87,,,INCMNSZ/CONABIO 2019 (fibra bruta),1060
Piña Jugo,,43,0.2,11.6,0.1,0.2,87.6,,,INCMNSZ/CONABIO 2019 (fibra bruta),1061
Piña Jugo,,224,1.6,60.6,0.1,0.4,36.2,,,INCMNSZ/CONABIO 2019 (fibra bruta),1062
Piña Jugo,,4,1.7,59.5,0.9,0.3,36.3,,,INCMNSZ/CONABIO 2019 (fibra bruta),1063
"Piña, trozos en jugo de piña",,33.11,1.09,7.41,0.14,1.25,9.1,,,INCMNSZ/CONABIO 2019,1064
Pistache Semilla,,631,17.49,21.82,52.67,0.98,3.1,,,INCMNSZ/CONABIO 2019 (fibra bruta),1901
Pitahaya,,54,1.44,13.55,0.11,2.1,82.3,,,INCMNSZ/CONABIO 2019 (fibra bruta),1065
Pitahaya Amarilla,,49,1.1,9.8,1.2,1.4,85.9,,,INCMNSZ/CONABIO 2019 (fibra bruta),1066
Pitahaya Blanca,,44,2,8.25,0.97,1.38,86.6,,,INCMNSZ/CONABIO 2019 (fibra bruta),1067
Pitahaya Blanca,,41,1.2,8.3,0.9,1.2,87.5,,,INCMNSZ/CONABIO 2019 (fibra bruta),1068
Pitahaya Rosa,,45,1.25,9.47,0.82,3.26,84.5,,,INCMNSZ/CONABIO 2019 (fibra bruta),1069
Pitahaya Solferina,,57,0.8,13.5,0.7,0.9,83.4,,,INCMNSZ/CONABIO 2019 (fibra bruta),1070
"Platano Amarillo Con Pequitas, Variedad Enano Gigante Chiapas",,91.41,0.63,21.21,0.45,1.27,75.77,,,INCMNSZ/CONABIO 2019 (fibra bruta),1072
"Platano Concentrado, Para Preparar Bebidas",,202,0.7,49.6,0.7,0.3,48.2,,,INCMNSZ/CONABIO 2019 (fibra bruta),1073
Platano Curro O Enano,,52,1.62,12.89,0.02,2.67,81.8,,,INCMNSZ/CONABIO 2019 (fibra bruta),1074
Platano Dominico,,95,1.5,24.67,0.2,0.75,71.6,,,INCMNSZ/CONABIO 2019 (fibra bruta),1076
Plátano Dominico,,123.4,1.71,25.18,0.17,8.17,72.1,,,INCMNSZ/CONABIO 2019,1077
Plátano Enano Gigante,,107.46,1.62,23.06,0.18,2.27,74.1,,,INCMNSZ/CONABIO 2019,1078
Platano Guineo,,64,0.81,16.89,0.12,0.18,80.7,,,INCMNSZ/CONABIO 2019 (fibra bruta),1079
Platano Macho,,126,1.25,33.58,0.18,0.39,63.6,,,INCMNSZ/CONABIO 2019 (fibra bruta),1081
Platano Macho,,133,1.17,35.33,0.2,0.4,62.1,,,INCMNSZ/CONABIO 2019 (fibra bruta),1082
Plátano Macho,,143.77,1.69,31.53,0.18,2.69,65.5,,,INCMNSZ/CONABIO 2019,1084
Platano Manila,,97,1.75,24.85,0.25,0.45,71.8,,,INCMNSZ/CONABIO 2019 (fibra bruta),1085
Platano Manzano,,96,1,24.25,0.62,0.23,73,,,INCMNSZ/CONABIO 2019 (fibra bruta),1086
Platano Morado,,87,1.68,22.08,0.28,0.36,74.7,,,INCMNSZ/CONABIO 2019 (fibra bruta),1087
Platano Morado,,82,1.16,20.96,0.28,0.35,76.6,,,INCMNSZ/CONABIO 2019 (fibra bruta),1088
Platano Morado,,85,3,20.29,0.18,0.43,75.2,,,INCMNSZ/CONABIO 2019 (fibra bruta),1089
"Platano Natural, Amarillo Canario, Variedad Enano Gigante Chiapas",,79,0.47,20.65,0.34,2.2,75.08,,,INCMNSZ/CONABIO 2019 (fibra bruta),1090
"Platano Natural, Amarillo, Puntas Verdes Variedad Enano Gigante Chiapas",,75,0.5,19.3,0.45,4.6,74.6,,,INCMNSZ/CONABIO 2019 (fibra bruta),1091
Platano Roatán O Bárbaro,,112,1.44,28.67,0.51,2.98,65.6,,,INCMNSZ/CONABIO 2019 (fibra bruta),1092
Platano Tabasco,,92,1.5,21.17,0.43,0.3,75.8,,,INCMNSZ/CONABIO 2019 (fibra bruta),1094
Platano Tabasco,,84,1.13,21.96,0.19,0.42,75.4,,,INCMNSZ/CONABIO 2019 (fibra bruta),1095
Platano Tabasco,,87,0.93,22.78,0.22,0.27,74.9,,,INCMNSZ/CONABIO 2019 (fibra bruta),1096
Pochote,,174,10.6,10.12,11.5,6.58,58.9,,,INCMNSZ/CONABIO 2019 (fibra bruta),1902
Poro,,56,1.87,13.17,0.04,1.42,82.7,,,INCMNSZ/CONABIO 2019 (fibra bruta),3055
"Quelite Absoquilit, Seco",,202,28.1,31.9,2.3,15,3.3,,,INCMNSZ/CONABIO 2019 (fibra bruta),3855
"Quelite Amolquilit, Seco",,201,24.9,35.3,1.7,13.8,4.2,,,INCMNSZ/CONABIO 2019 (fibra bruta),3857
Quelite Cenizo,,29,4.78,4,0.43,1.09,86,,,INCMNSZ/CONABIO 2019 (fibra bruta),3858
Quelite Cenizo,,29,4.8,4,0.4,1,86.1,,,INCMNSZ/CONABIO 2019 (fibra bruta),3859
"Quelite Chayoquilit, Seco",,192,33.4,28.2,1.2,18.2,4.3,,,INCMNSZ/CONABIO 2019 (fibra bruta),3860
Quelite Esoquilit,,308.9,34.4,37.2,2.5,13.3,4.3,,,INCMNSZ/CONABIO 2019 (fibra bruta),3863
"Quelite Etquiltapan, Seca",,213,27.8,37.4,1.4,17.1,2.6,,,INCMNSZ/CONABIO 2019 (fibra bruta),3864
Quelite Gasparito,,264.4,27.9,36.2,2,19.1,4.7,,,INCMNSZ/CONABIO 2019 (fibra bruta),3865
"Quelite Guía De Alverjón, Seco",,222,46.6,22.1,3.5,14.2,3.3,,,INCMNSZ/CONABIO 2019 (fibra bruta),3866
Quelite Hojas,,31,3.56,5.14,0.54,1.16,85.7,,,INCMNSZ/CONABIO 2019 (fibra bruta),3868
Quelite Hojas,,31,3.6,5.1,0.5,1.2,85.7,,,INCMNSZ/CONABIO 2019 (fibra bruta),3870
Quelite Hojas,,75,2.06,16.15,1.46,1.92,76.6,,,INCMNSZ/CONABIO 2019 (fibra bruta),3871
Quelite Hojas,,74,2.7,15.5,1.5,1.9,76.6,,,INCMNSZ/CONABIO 2019 (fibra bruta),3872
"Quelite Huihuila, Seca",,118,16.9,16.7,2.1,33.2,5.6,,,INCMNSZ/CONABIO 2019 (fibra bruta),3874
Quelite Imiquite  Rojo,,288.16,34.8,33.3,1.8,16.1,4.6,,,INCMNSZ/CONABIO 2019 (fibra bruta),3875
"Quelite Iztaquilit, Seco",,190,24.2,34,0.9,11.2,4.7,,,INCMNSZ/CONABIO 2019 (fibra bruta),3876
Quelite Nexuaquilit,,234.7,24.6,29.8,1.9,11.3,4,,,INCMNSZ/CONABIO 2019 (fibra bruta),3877
"Quelite Ohuaquilit, Seco",,205,22.8,37.7,1.8,15.7,4.1,,,INCMNSZ/CONABIO 2019 (fibra bruta),3878
Quelite Omequelite,,296.9,29.8,39.7,2.1,11.9,4.4,,,INCMNSZ/CONABIO 2019 (fibra bruta),3879
"Quelite Papaloquilit, Seco",,220,23.1,40.7,2.2,16,4,,,INCMNSZ/CONABIO 2019 (fibra bruta),3880
"Quelite Tomatquilit, Seco",,205,27.9,34.7,1.5,18.5,3.3,,,INCMNSZ/CONABIO 2019 (fibra bruta),3881
Quelite Xaltotompe,,282.4,30.8,34.4,2.4,13.2,4,,,INCMNSZ/CONABIO 2019 (fibra bruta),3882
"Quelite Xiciyoli, Seco",,208,11.7,46,1.8,20.2,2.5,,,INCMNSZ/CONABIO 2019 (fibra bruta),3883
Queso Blanco,,220,17.14,5.25,14.64,0,59.8,,,INCMNSZ/CONABIO 2019,1584
Queso Petit Suisse Con Durazno,,155,5.4,17.5,7.3,0.4,68.9,,,INCMNSZ/CONABIO 2019 (fibra bruta),1629
Queso Petit Suizo Con Fresa,,154,5.4,17.4,7.3,0.3,69.1,,,INCMNSZ/CONABIO 2019 (fibra bruta),1632
Queso Petit Suizo Con Fresa,,110,5.2,13.1,4.2,1.5,75.3,,,INCMNSZ/CONABIO 2019 (fibra bruta),1633
Queso Petit Suizo Con Mango,,147,5.9,17.9,6,0.7,69,,,INCMNSZ/CONABIO 2019 (fibra bruta),1634
Queso Petit Suizo Con Tutifruti,,158,5.1,17.2,7.9,0.3,69,,,INCMNSZ/CONABIO 2019 (fibra bruta),1635
Rabano Chico,,11,1.5,1.52,0.13,0.55,95.4,,,INCMNSZ/CONABIO 2019 (fibra bruta),3058
Rabano Largo,,21,1.06,4.33,0.26,0.95,92.6,,,INCMNSZ/CONABIO 2019 (fibra bruta),3061
Raiz Fuerte,,103,6.79,21.63,0.23,2.95,66.6,,,INCMNSZ/CONABIO 2019 (fibra bruta),3062
Ramon,,52,2.5,10.9,0.48,1.22,84,,,INCMNSZ/CONABIO 2019 (fibra bruta),1098
Refresco De  Guayaba,,45,0,9.9,0.8,0.2,89,,,INCMNSZ/CONABIO 2019 (fibra bruta),373
Refresco De Fresa,,46,0,10.6,0.5,0.2,88.7,,,INCMNSZ/CONABIO 2019 (fibra bruta),376
Refresco De Fresa,,44,0,10,0.6,0.2,89.1,,,INCMNSZ/CONABIO 2019 (fibra bruta),377
Refresco De Fresa,,43,0.1,10.4,0.3,0.1,89.1,,,INCMNSZ/CONABIO 2019 (fibra bruta),378
"Refresco De Fresa, Tetrabrick De 250 Ml",,43.4,0.1,10.3,0.2,0.2,89.2,,,INCMNSZ/CONABIO 2019 (fibra bruta),379
Refresco De Guanabana,,50,0.1,11.8,0.4,0,87.7,,,INCMNSZ/CONABIO 2019 (fibra bruta),380
Refresco De Guanabana,,46.5,0,10,0.9,0,88.8,,,INCMNSZ/CONABIO 2019 (fibra bruta),381
"Refresco De Guanabana, Tetrabrick De 250 Ml",,46.8,0.1,10.7,0.4,0.3,88.5,,,INCMNSZ/CONABIO 2019 (fibra bruta),382
Refresco De Guayaba,,47,0,10.1,0.9,0.2,88.7,,,INCMNSZ/CONABIO 2019 (fibra bruta),383
Refresco De Guayaba,,44,0.1,10.5,0.3,0.4,88.7,,,INCMNSZ/CONABIO 2019 (fibra bruta),384
"Refresco De Guayaba, Tetrabrick De 250 Ml",,45.1,0.1,10.5,0.3,0.4,88.6,,,INCMNSZ/CONABIO 2019 (fibra bruta),385
Refresco De Mango,,48,0.1,10.2,0.9,0.3,88.4,,,INCMNSZ/CONABIO 2019 (fibra bruta),386
Refresco De Mango,,46.5,0,10,0.9,0.1,88.9,,,INCMNSZ/CONABIO 2019 (fibra bruta),387
Refresco De Mango,,47,0,11,0.5,0.1,88.3,,,INCMNSZ/CONABIO 2019 (fibra bruta),388
"Refresco De Mango, Tetrabrick De 250 Ml",,47.7,0.1,10.7,0.5,0.3,88.4,,,INCMNSZ/CONABIO 2019 (fibra bruta),389
Refresco De Manzana,,50.4,0,11,0.9,0.3,87.8,,,INCMNSZ/CONABIO 2019 (fibra bruta),390
Refresco De Manzana,,47,0,10.6,0.7,0.1,88.6,,,INCMNSZ/CONABIO 2019 (fibra bruta),391
Refresco De Manzana,,40,0,9.9,0,0,90,,,INCMNSZ/CONABIO 2019 (fibra bruta),392
"Refresco De Manzana, Tetrabrick De 250 Ml",,50,0,11.6,0.4,0.2,87.8,,,INCMNSZ/CONABIO 2019 (fibra bruta),393
Salsa Chimichurri,,612.2,1.4,0,67.4,0,29.6,,,INCMNSZ/CONABIO 2019 (fibra bruta),3334
Salsifi,,72,1.12,17.77,0.07,2.14,77.8,,,INCMNSZ/CONABIO 2019 (fibra bruta),3063
Sandia,,16,0.37,3.56,0.22,1.25,94.3,,,INCMNSZ/CONABIO 2019 (fibra bruta),1099
Sandwich Huevos Revueltos,,242,12.7,20,12.7,0.67,52.41,,,INCMNSZ/CONABIO 2019 (fibra bruta),3335
Saramuyo,,106,1.88,26.86,0.38,1.98,67.8,,,INCMNSZ/CONABIO 2019 (fibra bruta),1101
Sardina Torta Seco-Salada Y Ahumada,,360,36.1,33.74,7.42,1.92,6.42,,,INCMNSZ/CONABIO 2019 (fibra bruta),2055
Shorure,,24,1.5,4.73,0.49,1.38,90.2,,,INCMNSZ/CONABIO 2019 (fibra bruta),3890
Soja (Soya)  Semilla,,363,42.5,23.1,14.5,8.4,7,,,INCMNSZ/CONABIO 2019 (fibra bruta),2871
Soja (Soya)  Semilla,,380,42.2,22,17.2,6.7,7,,,INCMNSZ/CONABIO 2019 (fibra bruta),2872
Soja (Soya)  Semilla,,395,40,25.9,18,3.5,8,,,INCMNSZ/CONABIO 2019 (fibra bruta),2873
Soja (Soya) Aislado,,317,91,0,0.2,0.3,4.7,,,INCMNSZ/CONABIO 2019 (fibra bruta),2874
Soja (Soya) Bebida,,432,25.5,46.9,18.2,2.4,1.2,,,INCMNSZ/CONABIO 2019 (fibra bruta),2878
Soja (Soya) Bebida,,399,24,53.9,11.5,2.1,3.5,,,INCMNSZ/CONABIO 2019 (fibra bruta),2879
Soja (Soya) Bebida,,366,24.9,66.9,0.9,1.5,1.8,,,INCMNSZ/CONABIO 2019 (fibra bruta),2880
Soja (Soya) Bebida,,383,16.6,68.6,4.5,1.2,7.5,,,INCMNSZ/CONABIO 2019 (fibra bruta),2881
Soja (Soya) Bebida,,390,13.6,75.7,3,1.5,2.4,,,INCMNSZ/CONABIO 2019 (fibra bruta),2882
Soja (Soya) Bebida,,409,15.3,74.9,4.9,1.2,1.8,,,INCMNSZ/CONABIO 2019 (fibra bruta),2883
Soja (Soya) Bebida,,363,29.7,59.6,1.1,0.6,2.5,,,INCMNSZ/CONABIO 2019 (fibra bruta),2884
Soja (Soya) Bebida,,413,19.5,65.3,8.5,1.3,2.8,,,INCMNSZ/CONABIO 2019 (fibra bruta),2885
Soja (Soya) Bebida con Amaranto,,408.17,17.55,64.22,9.01,1.17,2.2,,,INCMNSZ/CONABIO 2019 (fibra bruta),2886
Soja (Soya) Bebida Con Chocolate,,364,15,53.9,23,4.9,0.5,,,INCMNSZ/CONABIO 2019 (fibra bruta),2887
Soja (Soya) Bebida Con Chocolate,,481,14.8,50.3,26.9,4.1,1,,,INCMNSZ/CONABIO 2019 (fibra bruta),2888
Soja (Soya) Bebida Con Pasas,,437.98,15,61.96,14.46,0.18,5.4,,,INCMNSZ/CONABIO 2019 (fibra bruta),2889
Soja (Soya) Cereal Para Desayuno Con Fruta Seca,,355.71,18.51,65.49,2.19,2.1,8.3,,,INCMNSZ/CONABIO 2019 (fibra bruta),2890
Soja (Soya) Concentrado,,337,64,20.3,3.5,2.6,4.8,,,INCMNSZ/CONABIO 2019 (fibra bruta),2892
Soja (Soya) Frijol Variedad Júpiter,,419,36.7,24.7,22.9,4.2,6.7,,,INCMNSZ/CONABIO 2019 (fibra bruta),2894
Soja (Soya) Galleta Nutritiva,,492.15,18,60.43,14.53,1.62,2.8,,,INCMNSZ/CONABIO 2019 (fibra bruta),2896
Soja (Soya) Harina,,421,40.66,26.87,20.4,3.46,3.83,,,INCMNSZ/CONABIO 2019 (fibra bruta),2901
Soja (Soya) Harina,,338,40.8,40.21,3.9,1.29,7.7,,,INCMNSZ/CONABIO 2019 (fibra bruta),2902
Soja (Soya) Harina Desgrasada,,321,42.3,39.4,1.7,3.5,8.1,,,INCMNSZ/CONABIO 2019 (fibra bruta),2905
Soja (Soya) Harina Desgrasada,,314,52.8,27.1,2,3.3,8,,,INCMNSZ/CONABIO 2019 (fibra bruta),2906
Soja (Soya) Harina Desgrasada,,325,62.6,23.4,1.1,3.5,3.1,,,INCMNSZ/CONABIO 2019 (fibra bruta),2907
Soja (Soya) Harina Desgrasada,,335,48.4,33.2,3.8,4.3,3.9,,,INCMNSZ/CONABIO 2019 (fibra bruta),2908
"Soja (Soya) Harina Desgrasada, Cocida",,304,41.2,36.3,1.6,4.5,7.6,,,INCMNSZ/CONABIO 2019 (fibra bruta),2909
"Soja (Soya) Harina Desgrasada, Cruda",,328,47,36.6,1.9,3.9,4.5,,,INCMNSZ/CONABIO 2019 (fibra bruta),2910
Soja (Soya) Harina Integral,,411,38.9,18.9,23.8,10,3.2,,,INCMNSZ/CONABIO 2019 (fibra bruta),2912
Soja (Soya) Harina Integral,,441,43.6,21.2,24,2.6,4,,,INCMNSZ/CONABIO 2019 (fibra bruta),2913
Soja (Soya) Harina Integral,,476,24.5,41.8,25.7,2,2.2,,,INCMNSZ/CONABIO 2019 (fibra bruta),2914
"Soja (Soya) Harina, Con Harina de maíz Para Preparar Atole",,444.08,22.03,59.08,5.65,24.65,5.5,,,INCMNSZ/CONABIO 2019,2911
Soja (Soya) Leche,,329,31.5,51.7,1.1,2.9,6.6,,,INCMNSZ/CONABIO 2019 (fibra bruta),2916
Soja (Soya) Pan De Okara,,360.66,5.32,47.61,10.34,5.05,31.2,,,INCMNSZ/CONABIO 2019 (fibra bruta),2921
Soja (Soya) Pasta,,306,44.1,34.2,1.1,6.6,6.3,,,INCMNSZ/CONABIO 2019 (fibra bruta),2922
Soja (Soya) Proteína Soluble En Polvo,,450,46.46,19.42,25.12,0.33,5.04,,,INCMNSZ/CONABIO 2019 (fibra bruta),2925
Soja (Soya) Rastrojo,,134,2.7,28.6,1,58.6,4.9,,,INCMNSZ/CONABIO 2019 (fibra bruta),2926
Soja (Soya) Soyarroz,,401.24,25.67,61.05,0.53,0.8,8.7,,,INCMNSZ/CONABIO 2019 (fibra bruta),2870
Soja (Soya) Texturizada,,310,43.7,34.2,2.3,4.9,8.6,,,INCMNSZ/CONABIO 2019 (fibra bruta),2928
Soja (Soya) Texturizada,,335,53.4,33.1,1.3,0,5.6,,,INCMNSZ/CONABIO 2019 (fibra bruta),2929
Soja (Soya) Texturizada,,319,50.1,32.8,0.9,3.3,7.1,,,INCMNSZ/CONABIO 2019 (fibra bruta),2930
Soja (Soya) Tipo Albóndigas Sin Salsa,,214.14,16.65,10.65,11.66,0.05,57.8,,,INCMNSZ/CONABIO 2019 (fibra bruta),2950
Soja (Soya) Tipo Carne Deshebrada,,202.13,21.5,3.54,11.33,0,60.5,,,INCMNSZ/CONABIO 2019 (fibra bruta),2942
Soja (Soya) Tipo Cortadillo,,201.64,19.95,4.27,11.64,0,61,,,INCMNSZ/CONABIO 2019 (fibra bruta),2943
Soja (Soya) Tipo Desmenuzado-Pollo,,189.32,20.81,4.74,9.68,0,61,,,INCMNSZ/CONABIO 2019 (fibra bruta),2948
Soja (Soya) Tipo Fajitas,,197.51,20.89,3.94,10.91,0,61.2,,,INCMNSZ/CONABIO 2019 (fibra bruta),2945
Soja (Soya) Tipo Milanesa Empanizada,,200.14,14.96,23.33,6.22,0,53,,,INCMNSZ/CONABIO 2019 (fibra bruta),2949
Soja (Soya) Tipo Milanesa-Pollo,,207.97,16.61,20.78,6.49,0,53.3,,,INCMNSZ/CONABIO 2019 (fibra bruta),2946
Soja (Soya) Tipo Picadillo,,202.37,20.34,3.14,12.05,0,61.5,,,INCMNSZ/CONABIO 2019 (fibra bruta),2944
Soja (Soya) Tipo Tiras-Pollo,,185.95,20.78,4.4,9.47,0,61.7,,,INCMNSZ/CONABIO 2019 (fibra bruta),2947
"Soja (Soya), Harina Desgrasada",,351.13,44.33,38.75,2.09,3.13,5.3,,,INCMNSZ/CONABIO 2019 (fibra bruta),2903
Sorgo Grano (Hegari),,376,13.45,70.68,3.68,0.79,9.8,,,INCMNSZ/CONABIO 2019 (fibra bruta),2315
Sorgo Grano (Martin Combine),,375,10.25,75.05,2.9,1.6,8.8,,,INCMNSZ/CONABIO 2019 (fibra bruta),2316
Soya  (Soya) Cereal,,395.3,4.3,88.9,2.5,0.1,3.2,,,INCMNSZ/CONABIO 2019 (fibra bruta),2932
Soya  (Soya) Cereal Instantáneo,,383.5,9.1,82.5,1.9,0.3,3.8,,,INCMNSZ/CONABIO 2019 (fibra bruta),2933
Soya  (Soya) Con Sabor A Bistec/Milanesa,,372.4,43.3,37.2,5.6,2,6.2,,,INCMNSZ/CONABIO 2019 (fibra bruta),2934
Soya  (Soya) Con Sabor A Carne Al Pastor,,350.6,34.8,44.3,3.8,3.4,7.1,,,INCMNSZ/CONABIO 2019 (fibra bruta),2935
"Soya  (Soya) Con Sabor A Carne, Estilo Oriental",,361.6,34.6,45.9,4.4,1.7,6.8,,,INCMNSZ/CONABIO 2019 (fibra bruta),2936
Soya  (Soya) Con Sabor A Chorizo,,351.6,37.6,40.4,4.4,2.9,7.2,,,INCMNSZ/CONABIO 2019 (fibra bruta),2937
Soya  (Soya) Con Sabor A Hamburguesa,,376,45.1,36.3,5.6,1.6,5.9,,,INCMNSZ/CONABIO 2019 (fibra bruta),2938
Soya (Soya) Aislado Comercial,,328,75.6,8.2,3.9,3.3,6.6,,,INCMNSZ/CONABIO 2019 (fibra bruta),2931
Soya (Soya) Con Sabor A Pescado,,350.5,39.8,39.5,3.7,2.9,6.5,,,INCMNSZ/CONABIO 2019 (fibra bruta),2939
Soya (Soya) Con Sabor A Picadillo,,348.7,34.3,44.1,3.9,2.1,7.6,,,INCMNSZ/CONABIO 2019 (fibra bruta),2940
Soya (Soya) Con Sabor A Pollo,,352.1,38.2,40.6,4.1,2.3,6.9,,,INCMNSZ/CONABIO 2019 (fibra bruta),2941
Soya (Soya) Instantánea Natural,,363.3,23.3,61.5,2.7,0.1,4.5,,,INCMNSZ/CONABIO 2019 (fibra bruta),2951
"Soya (Soya) Instantánea, Sabor Vainilla",,380.4,24.1,65.6,2.4,1.1,3.1,,,INCMNSZ/CONABIO 2019 (fibra bruta),2952
"Soya (Soya) Isoflavona, Natural",,458.5,18.1,53.1,19.3,1.3,3.5,,,INCMNSZ/CONABIO 2019 (fibra bruta),2953
Soya (Soya) Proteina,,367,47.6,32.9,5,1.9,5.3,,,INCMNSZ/CONABIO 2019 (fibra bruta),2956
Soya (Soya) Super Isoflavona,,438.9,27.4,47,15.7,1.4,3.7,,,INCMNSZ/CONABIO 2019 (fibra bruta),2957
Soya (Soya) Suplemento Alimenticio,,465.69,39.84,46.8,4.25,0.86,4.8,,,INCMNSZ/CONABIO 2019 (fibra bruta),2958
Soya (Soya) Texturizada,,358.6,42.8,39.2,3.4,0,8.3,,,INCMNSZ/CONABIO 2019 (fibra bruta),2959
"Suplemento Alimenticio Infantil, Sabor Chocolate",,489,13,53,25,0,1.7,,,INCMNSZ/CONABIO 2019 (fibra bruta),3337
"Suplemento Alimenticio Infantil, Sabor Fresa",,483.7,13.9,52.8,24.1,0,1.8,,,INCMNSZ/CONABIO 2019 (fibra bruta),3338
"Suplemento Alimenticio Infantil, Sabor Plátano",,468.4,13.4,57.8,20.4,0,1.9,,,INCMNSZ/CONABIO 2019 (fibra bruta),3339
"Suplemento Alimenticio Infantil, Sabor Vainilla",,493.3,15.1,50.4,25.7,0,1.7,,,INCMNSZ/CONABIO 2019 (fibra bruta),3340
Suplemento Alimenticio Sabor Fresa,,437.2,15.5,57.8,16,0,1.9,,,INCMNSZ/CONABIO 2019 (fibra bruta),3342
"Sustituto de Azúcar, bajo en calorías",,381.75,1.35,89.05,0,0,9.1,,,INCMNSZ/CONABIO 2019,267
"Sustituto de Azúcar, sin calorías",,409.67,1.51,97.03,0,0,0.1,,,INCMNSZ/CONABIO 2019,266
"Sustituto de Azúcar, sin calorías",,377.42,1.37,88.82,0,0,9.2,,,INCMNSZ/CONABIO 2019,268
"Sustituto de Azúcar, sin calorías",,369.63,1.15,88.06,0,0,8.8,,,INCMNSZ/CONABIO 2019,269
Taco  Suave De Barbacoa,,317.94,26.01,24.8,9.04,0.65,37.9,,,INCMNSZ/CONABIO 2019 (fibra bruta),3407
Taco  Suave De Barbacoa,,301.21,23.27,14.36,12.49,0.7,48.2,,,INCMNSZ/CONABIO 2019 (fibra bruta),3408
Taco  Suave De Barbacoa,,209.58,21.35,16.91,6.3,0,54.1,,,INCMNSZ/CONABIO 2019 (fibra bruta),3409
Taco  Suave De Barbacoa,,300.25,26.73,23,6.31,0.03,40.9,,,INCMNSZ/CONABIO 2019 (fibra bruta),3410
Taco  Suave De Barbacoa,,359.08,22.13,15.57,16.47,0.09,44.2,,,INCMNSZ/CONABIO 2019 (fibra bruta),3411
Taco  Suave De Barbacoa,,319.86,15.7,27.18,10.62,0.48,44.7,,,INCMNSZ/CONABIO 2019 (fibra bruta),3412
Taco  Suave De Barbacoa,,303.99,23.66,12.46,12.51,0.31,49.8,,,INCMNSZ/CONABIO 2019 (fibra bruta),3413
Taco  Suave De Barbacoa,,280.77,21.23,16.45,8.34,0.18,52.3,,,INCMNSZ/CONABIO 2019 (fibra bruta),3414
Taco  Suave De Barbacoa,,298.5,13.53,2.46,12.56,0.29,69.2,,,INCMNSZ/CONABIO 2019 (fibra bruta),3415
Taco  Suave De Barbacoa,,280.83,25.61,8.79,10.31,0.22,53.7,,,INCMNSZ/CONABIO 2019 (fibra bruta),3416
Taco Al Pastor,,313.43,15.42,23.04,13.83,0.26,46.1,,,INCMNSZ/CONABIO 2019 (fibra bruta),3344
Taco Al Pastor,,303.53,15.99,22.07,11.72,0.35,47.3,,,INCMNSZ/CONABIO 2019 (fibra bruta),3345
Taco Al Pastor,,311,13.74,20.89,15.78,0.33,46.8,,,INCMNSZ/CONABIO 2019 (fibra bruta),3346
Taco Al Pastor,,242.63,15.97,28.11,3.53,0.81,48.8,,,INCMNSZ/CONABIO 2019 (fibra bruta),3347
Taco Al Pastor,,340.28,15.46,22.39,16.63,0.65,42.4,,,INCMNSZ/CONABIO 2019 (fibra bruta),3348
Taco Al Pastor,,312.44,20.24,18.97,14.39,0.48,43.1,,,INCMNSZ/CONABIO 2019 (fibra bruta),3349
Taco Al Pastor,,168.14,6.38,21.61,5.21,0.35,64.8,,,INCMNSZ/CONABIO 2019 (fibra bruta),3350
Taco Al Pastor,,243.94,22.81,12.02,6.3,0.53,56.7,,,INCMNSZ/CONABIO 2019 (fibra bruta),3351
Taco Al Pastor,,254.48,11.66,27.26,4.42,0.82,51.2,,,INCMNSZ/CONABIO 2019 (fibra bruta),3352
Taco Al Pastor,,260,18.09,20.01,7.81,0.37,51.7,,,INCMNSZ/CONABIO 2019 (fibra bruta),3353
Taco De Bisteck,,274,15.46,22.82,9.22,0.8,49.8,,,INCMNSZ/CONABIO 2019 (fibra bruta),3355
Taco De Bisteck,,278.82,16.77,21.36,9.59,0.26,50.1,,,INCMNSZ/CONABIO 2019 (fibra bruta),3356
Taco De Bisteck,,215.37,15.72,26.58,5.13,0.57,49.8,,,INCMNSZ/CONABIO 2019 (fibra bruta),3357
Taco De Bisteck,,247.3,21.1,21.64,4.5,2.42,48.8,,,INCMNSZ/CONABIO 2019 (fibra bruta),3358
Taco De Bisteck,,255.61,23.88,20.28,5.96,0.39,47.9,,,INCMNSZ/CONABIO 2019 (fibra bruta),3359
Taco De Bisteck,,299.72,22.09,16.97,10.34,0.33,48.5,,,INCMNSZ/CONABIO 2019 (fibra bruta),3360
Taco De Bisteck,,375.29,23.42,14.31,18.78,0.3,41.6,,,INCMNSZ/CONABIO 2019 (fibra bruta),3361
Taco De Bisteck,,252.17,25.69,13.26,5.4,0.59,53.5,,,INCMNSZ/CONABIO 2019 (fibra bruta),3362
Taco De Bisteck,,204.85,15.85,14.8,4.72,0.51,62.2,,,INCMNSZ/CONABIO 2019 (fibra bruta),3363
Taco De Bisteck,,226.01,23.4,14.97,3.7,0.42,55.9,,,INCMNSZ/CONABIO 2019 (fibra bruta),3364
Taco De Carne De Puerco Con Salsa,,188,15.68,18.71,5.61,16.67,57.04,,,INCMNSZ/CONABIO 2019,3366
Taco De Carne De Res Con Chipotle,,212,9.06,31.48,5.55,12.12,50.43,,,INCMNSZ/CONABIO 2019,3367
Taco De Carne De Res Con Salsa Verde,,253,8.4,22.42,14.4,11.22,51.05,,,INCMNSZ/CONABIO 2019,3368
Taco De Carne De Res Con Salsa Verde,,217,10.56,19.08,11.04,7.3,56.15,,,INCMNSZ/CONABIO 2019,3369
"Taco De Carne De Res, Frito",,311,16.05,26.42,15.68,22.17,38.25,,,INCMNSZ/CONABIO 2019,3370
Taco De Carnitas De Cerdo,,301.94,15.6,21.02,8.66,0.4,59.2,,,INCMNSZ/CONABIO 2019 (fibra bruta),3371
Taco De Carnitas De Cerdo,,328.72,23.43,11.2,15.31,0.17,48.5,,,INCMNSZ/CONABIO 2019 (fibra bruta),3372
Taco De Carnitas De Cerdo,,327.57,23.03,15.42,13.85,0.53,45.6,,,INCMNSZ/CONABIO 2019 (fibra bruta),3373
Taco De Carnitas De Cerdo,,371.03,23.89,14.6,16.73,0.2,42.2,,,INCMNSZ/CONABIO 2019 (fibra bruta),3374
Taco De Carnitas De Cerdo,,321.29,25.47,14.97,13.25,0.44,43.2,,,INCMNSZ/CONABIO 2019 (fibra bruta),3375
Taco De Carnitas De Cerdo,,296.21,18.84,18.32,10.86,0.23,49.6,,,INCMNSZ/CONABIO 2019 (fibra bruta),3376
Taco De Carnitas De Cerdo,,278.89,16.96,18.41,10.57,0.16,51.7,,,INCMNSZ/CONABIO 2019 (fibra bruta),3377
Taco De Carnitas De Cerdo,,314.13,22.7,16.57,13.53,0.24,43.5,,,INCMNSZ/CONABIO 2019 (fibra bruta),3378
Taco De Carnitas De Cerdo,,317.4,24.76,9.83,14.5,0.2,48.7,,,INCMNSZ/CONABIO 2019 (fibra bruta),3379
Taco De Suadero,,301.94,20.16,21.02,11.68,0.4,44.7,,,INCMNSZ/CONABIO 2019 (fibra bruta),3386
Taco De Suadero,,268.74,21.78,21.99,4.36,0.63,49.6,,,INCMNSZ/CONABIO 2019 (fibra bruta),3387
Taco De Suadero,,235.1,14.66,21.72,7.1,0.22,53.5,,,INCMNSZ/CONABIO 2019 (fibra bruta),3388
Taco De Suadero,,315.68,21.4,17.84,10.92,0.3,47.9,,,INCMNSZ/CONABIO 2019 (fibra bruta),3389
Taco De Suadero,,275.72,14.89,29.52,10.8,0.51,42.4,,,INCMNSZ/CONABIO 2019 (fibra bruta),3390
Taco De Suadero,,378.95,26.33,14.43,18.81,0.43,37.6,,,INCMNSZ/CONABIO 2019 (fibra bruta),3391
Taco De Suadero,,306.36,16.86,18.52,16.2,0.39,46.2,,,INCMNSZ/CONABIO 2019 (fibra bruta),3392
Taco De Suadero,,287.99,14.71,25.44,10.35,0.46,46.5,,,INCMNSZ/CONABIO 2019 (fibra bruta),3393
Taco De Suadero,,186.37,11.98,8.18,8.7,0.53,67.7,,,INCMNSZ/CONABIO 2019 (fibra bruta),3394
Taco De Suadero,,325.04,20.97,15.28,13.7,0.26,48.1,,,INCMNSZ/CONABIO 2019 (fibra bruta),3395
Taco Dorado De Barbacoa,,354.9,13.84,18.14,21.04,0.49,45.3,,,INCMNSZ/CONABIO 2019 (fibra bruta),3397
Taco Dorado De Barbacoa,,366.47,12.7,23.36,20.7,0.07,42,,,INCMNSZ/CONABIO 2019 (fibra bruta),3398
Taco Dorado De Barbacoa,,308.93,13.34,21.51,18.85,0.09,44.7,,,INCMNSZ/CONABIO 2019 (fibra bruta),3399
Taco Dorado De Barbacoa,,289.41,11.69,15.66,20.41,0.54,50,,,INCMNSZ/CONABIO 2019 (fibra bruta),3400
Taco Dorado De Barbacoa,,449.45,16.48,38.49,20.98,0.65,21.6,,,INCMNSZ/CONABIO 2019 (fibra bruta),3401
Taco Dorado De Barbacoa,,232.4,5.6,22.74,12.5,0.37,57.5,,,INCMNSZ/CONABIO 2019 (fibra bruta),3402
Taco Dorado De Barbacoa,,341.09,5.94,26.77,18.51,0.24,47.3,,,INCMNSZ/CONABIO 2019 (fibra bruta),3403
Taco Dorado De Barbacoa,,277.94,12.57,18.26,13.43,0.13,54.2,,,INCMNSZ/CONABIO 2019 (fibra bruta),3404
Taco Dorado De Barbacoa,,267.29,10.19,13.99,18.54,0.38,55.5,,,INCMNSZ/CONABIO 2019 (fibra bruta),3405
Taco Dorado De Barbacoa,,443.33,19.42,25.2,22.34,0.53,29.9,,,INCMNSZ/CONABIO 2019 (fibra bruta),3406
Taco Sudado De Chicharrón,,401.27,22.9,17.8,20.9,0.38,35.2,,,INCMNSZ/CONABIO 2019 (fibra bruta),3417
Taco Sudado De Chicharrón,,338.48,12.74,25.57,14.96,0.65,44.5,,,INCMNSZ/CONABIO 2019 (fibra bruta),3418
Taco Sudado De Chicharrón,,144.37,15.9,21.98,17.9,0.63,41.9,,,INCMNSZ/CONABIO 2019 (fibra bruta),3419
Taco Sudado De Chicharrón,,249.31,5.82,20.42,16.03,0.77,54.7,,,INCMNSZ/CONABIO 2019 (fibra bruta),3420
Taco Sudado De Chicharrón,,281.68,15.81,20.56,17.33,1.09,43.2,,,INCMNSZ/CONABIO 2019 (fibra bruta),3421
Taco Sudado De Chicharrón,,277.54,24.32,15.79,13.06,0.63,44.3,,,INCMNSZ/CONABIO 2019 (fibra bruta),3422
Taco Sudado De Chicharrón,,311.74,6.65,25.45,18.15,0.6,47.7,,,INCMNSZ/CONABIO 2019 (fibra bruta),3423
Taco Sudado De Chicharrón,,267.92,10.54,21.64,13.99,1.14,51.3,,,INCMNSZ/CONABIO 2019 (fibra bruta),3424
Taco Sudado De Chicharrón,,370.88,17.59,21.56,14.78,0.66,43,,,INCMNSZ/CONABIO 2019 (fibra bruta),3425
Taco Sudado De Chicharrón,,363.67,20.45,20.85,15.74,0.73,39.7,,,INCMNSZ/CONABIO 2019 (fibra bruta),3426
Taco Sudado De Frijol,,250.64,5.74,27.11,10.59,0.61,53.9,,,INCMNSZ/CONABIO 2019 (fibra bruta),3427
Taco Sudado De Frijol,,255.57,5.75,31.09,7.82,1.41,52.3,,,INCMNSZ/CONABIO 2019 (fibra bruta),3428
Taco Sudado De Frijol,,175.5,4.79,28.44,11.84,0.68,52.7,,,INCMNSZ/CONABIO 2019 (fibra bruta),3429
Taco Sudado De Frijol,,241.87,5.65,28.22,9.57,0.53,54.5,,,INCMNSZ/CONABIO 2019 (fibra bruta),3430
Taco Sudado De Frijol,,335.44,5.34,31.35,16.05,0.33,45.4,,,INCMNSZ/CONABIO 2019 (fibra bruta),3431
Taco Sudado De Frijol,,283.08,6.86,29.99,12.21,1.01,47.8,,,INCMNSZ/CONABIO 2019 (fibra bruta),3432
Taco Sudado De Frijol,,327.09,4.67,30.47,16.6,0.77,45.7,,,INCMNSZ/CONABIO 2019 (fibra bruta),3433
Taco Sudado De Frijol,,285.49,4.48,28.68,15.1,0.52,49.6,,,INCMNSZ/CONABIO 2019 (fibra bruta),3434
Taco Sudado De Frijol,,308.92,5.62,28,15.74,1.06,47.9,,,INCMNSZ/CONABIO 2019 (fibra bruta),3435
Taco Sudado De Frijol,,275.53,5.6,26.97,12.7,1.32,51.6,,,INCMNSZ/CONABIO 2019 (fibra bruta),3436
Taco Sudado De Papa,,248.7,4.12,31.12,11.98,0.65,50.4,,,INCMNSZ/CONABIO 2019 (fibra bruta),3437
Taco Sudado De Papa,,234.39,3.41,33.2,6.8,0.3,54.6,,,INCMNSZ/CONABIO 2019 (fibra bruta),3438
Taco Sudado De Papa,,191.47,4.49,21.51,9.71,0.63,61.7,,,INCMNSZ/CONABIO 2019 (fibra bruta),3439
Taco Sudado De Papa,,211.56,3.27,26.49,8.7,0.76,58.5,,,INCMNSZ/CONABIO 2019 (fibra bruta),3440
Taco Sudado De Papa,,234.39,3.08,32.57,7.52,0.3,54.6,,,INCMNSZ/CONABIO 2019 (fibra bruta),3441
Taco Sudado De Papa,,267.25,3.05,26.47,14.59,0.48,54.1,,,INCMNSZ/CONABIO 2019 (fibra bruta),3442
Taco Sudado De Papa,,204.6,3.13,26.9,7.43,1.24,60.1,,,INCMNSZ/CONABIO 2019 (fibra bruta),3443
Taco Sudado De Papa,,200.38,3.35,26.48,6.79,0.35,61,,,INCMNSZ/CONABIO 2019 (fibra bruta),3444
Taco Sudado De Papa,,223.64,3.06,26.74,9.46,0.62,58.5,,,INCMNSZ/CONABIO 2019 (fibra bruta),3445
Taco Sudado De Papa Con Bistec,,232.8,8.13,24.01,8.99,0.26,56.3,,,INCMNSZ/CONABIO 2019 (fibra bruta),3446
Tacos de Carnitas De Cerdo,,290.03,15.79,16.35,14.21,0.44,50.2,,,INCMNSZ/CONABIO 2019 (fibra bruta),3380
Tamarindo,,258,5.9,64.45,0.8,5.25,21.1,,,INCMNSZ/CONABIO 2019 (fibra bruta),1102
Tamarindo Bebida Preparada,,42,0,11.2,0.1,0.2,88,,,INCMNSZ/CONABIO 2019 (fibra bruta),1105
Tamarindo Bola Con Azúcar,,371.5,1.2,89.2,1.1,3.6,3.9,,,INCMNSZ/CONABIO 2019 (fibra bruta),1106
Tamarindo Bola Con Chile,,367.3,1.9,86.1,1.7,3.8,4.5,,,INCMNSZ/CONABIO 2019 (fibra bruta),1107
"Tamarindo Concentrado, Para Preparar Bebidas",,289,0.3,71.7,1,0.3,26.4,,,INCMNSZ/CONABIO 2019 (fibra bruta),1108
Tamarindo Jarabe,,31,0.2,65.9,0,0,33.8,,,INCMNSZ/CONABIO 2019 (fibra bruta),1109
Tamarindo Jarabe Con Pulpa,,242,0.2,62.1,0.2,0.9,36.3,,,INCMNSZ/CONABIO 2019 (fibra bruta),1110
Tamarindo Néctar,,50,0.1,13.9,0,0.3,85.6,,,INCMNSZ/CONABIO 2019 (fibra bruta),1111
Tamarindo Pulpa,,332,1,89.9,0.6,1.4,6,,,INCMNSZ/CONABIO 2019 (fibra bruta),1112
Tamarindo Pulpa Con Chile,,288.4,1,67.5,1.6,2.4,23.1,,,INCMNSZ/CONABIO 2019 (fibra bruta),1113
Tamarindo Pulpa Con Chile,,284,0.6,68.7,0.7,2.5,22.5,,,INCMNSZ/CONABIO 2019 (fibra bruta),1114
Tangerina Jugo Concentrado,,238,2.4,63.1,0.4,0.5,31.6,,,INCMNSZ/CONABIO 2019 (fibra bruta),1115
Tangerina Jugo Concentrado,,239,2.4,63.6,0.2,0.3,31.8,,,INCMNSZ/CONABIO 2019 (fibra bruta),1116
"Tangerina Rosa, Jugo Concentrado",,213,3.1,55.7,0.3,0.2,39.4,,,INCMNSZ/CONABIO 2019 (fibra bruta),1117
"Tangerina Rosa, Jugo Concentrado",,228,3.5,57.9,1,0.4,35.5,,,INCMNSZ/CONABIO 2019 (fibra bruta),1118
"Tangerina Rosa, Jugo Concentrado",,216,1.8,57.5,0.4,0.2,39,,,INCMNSZ/CONABIO 2019 (fibra bruta),1119
"Tangerina Rosa, Jugo Concentrado",,219,1.1,59,0.3,0.2,38.7,,,INCMNSZ/CONABIO 2019 (fibra bruta),1120
Te Amareto,,197,19.4,53,0.9,11.7,9.2,,,INCMNSZ/CONABIO 2019 (fibra bruta),3447
Te Canela,,154,3.8,37.8,1.2,41.5,10,,,INCMNSZ/CONABIO 2019 (fibra bruta),3448
Te De Flores,,281,11.82,52.93,2.95,17.76,9.49,,,INCMNSZ/CONABIO 2019 (fibra bruta),3449
Te Negro,,256,19.6,56.8,0.6,12.1,4.6,,,INCMNSZ/CONABIO 2019 (fibra bruta),3451
Te Tila,,223,3.7,56.1,1.6,26.3,8.3,,,INCMNSZ/CONABIO 2019 (fibra bruta),3461
Tejocote,,86,0.62,21.99,0.55,2.74,73.3,,,INCMNSZ/CONABIO 2019 (fibra bruta),1122
Tomate Verde,,20,0.57,4.16,0.54,1.23,92.7,,,INCMNSZ/CONABIO 2019 (fibra bruta),3892
Tomate Verde,,20,0.75,3.62,0.6,1.33,93.3,,,INCMNSZ/CONABIO 2019 (fibra bruta),3893
Tomate Verde,,27,1.25,4.52,0.9,1.43,91.1,,,INCMNSZ/CONABIO 2019 (fibra bruta),3894
"Tomate Verde, Conserva",,27,0.12,6,0.66,1.32,90.7,,,INCMNSZ/CONABIO 2019 (fibra bruta),3897
Tomiles,,31,3.5,6.33,0.04,1.33,86.4,,,INCMNSZ/CONABIO 2019 (fibra bruta),3898
Toronja,,32,0.56,7.77,0.3,0.67,90.3,,,INCMNSZ/CONABIO 2019 (fibra bruta),1125
Toronja,,60,1.12,14.5,0.49,0.59,82.8,,,INCMNSZ/CONABIO 2019 (fibra bruta),1126
Toronja Jarabe Jugo,,39,0.8,10,0,0.2,88.9,,,INCMNSZ/CONABIO 2019 (fibra bruta),1130
Toronja Jarabe Jugo,,41,0.2,10,0.1,0.1,88.2,,,INCMNSZ/CONABIO 2019 (fibra bruta),1131
Toronja Jarabe Jugo,,51,0.31,12.13,0.06,0,87.1,,,INCMNSZ/CONABIO 2019 (fibra bruta),1133
Toronja Jarabe Jugo,,42,0.2,11.3,0.1,0.1,88.2,,,INCMNSZ/CONABIO 2019 (fibra bruta),1134
Torta De Carne De Puerco Con Salsa,,262,12.92,13.74,17.24,8.45,53.4,,,INCMNSZ/CONABIO 2019,3463
Torta De Carne De Puerco Con Salsa,,185,6.83,24.8,6.55,4.21,58.45,,,INCMNSZ/CONABIO 2019,3464
Torta De Carne De Puerco Con Verduras Y Chile Jalapeño,,193,12.18,19.12,7.52,10.97,57.63,,,INCMNSZ/CONABIO 2019,3465
Torta De Jamón,,222,12.7,22.46,6.3,0.41,55.8,,,INCMNSZ/CONABIO 2019 (fibra bruta),3467
Torta De Jamón,,250.33,8.11,25.19,10.42,0.45,53.6,,,INCMNSZ/CONABIO 2019 (fibra bruta),3468
Torta De Jamón,,303.39,9,34.72,12.38,0,41.8,,,INCMNSZ/CONABIO 2019 (fibra bruta),3469
Torta De Jamón,,203.21,9.05,27.75,5.28,0.93,54.7,,,INCMNSZ/CONABIO 2019 (fibra bruta),3470
Torta De Jamón,,214.29,7.91,29.46,4.63,0.02,55.3,,,INCMNSZ/CONABIO 2019 (fibra bruta),3471
Torta De Jamón,,212.31,9.31,23.69,6.4,0.03,58,,,INCMNSZ/CONABIO 2019 (fibra bruta),3472
Torta De Jamón,,291.13,9.04,25.07,12.02,0.01,51.6,,,INCMNSZ/CONABIO 2019 (fibra bruta),3473
Torta De Jamón,,223.6,9.45,25.93,6.93,0.05,54.9,,,INCMNSZ/CONABIO 2019 (fibra bruta),3474
Torta De Jamón,,252.06,9.54,29.46,8.02,15,50.5,,,INCMNSZ/CONABIO 2019 (fibra bruta),3475
Torta De Jamón,,286.29,13.87,19.96,12.3,1,50.8,,,INCMNSZ/CONABIO 2019 (fibra bruta),3476
Torta de Milanesa,,298.34,14.29,24.38,12.33,0.24,46.6,,,INCMNSZ/CONABIO 2019 (fibra bruta),3479
Torta De Milanesa,,292.46,13.07,24.44,12.35,0.17,48,,,INCMNSZ/CONABIO 2019 (fibra bruta),3478
Torta De Milanesa De Pollo,,283.46,11.2,23.37,12.12,0.19,51.1,,,INCMNSZ/CONABIO 2019 (fibra bruta),3480
Torta De Milanesa De Pollo,,315.5,14.39,29.93,15.34,0.15,38.4,,,INCMNSZ/CONABIO 2019 (fibra bruta),3481
Torta De Milanesa De Pollo,,280.14,15.1,29.28,8.07,0.66,45.1,,,INCMNSZ/CONABIO 2019 (fibra bruta),3482
Torta De Milanesa De Pollo,,281.02,13.56,26.71,9.31,0.16,48.6,,,INCMNSZ/CONABIO 2019 (fibra bruta),3483
Torta De Milanesa De Res,,292.04,13.46,25.27,11.1,0.53,47.8,,,INCMNSZ/CONABIO 2019 (fibra bruta),3484
Torta De Milanesa De Res,,261.13,13.63,22.26,11.67,0.1,50.4,,,INCMNSZ/CONABIO 2019 (fibra bruta),3485
Torta De Milanesa De Res,,221.72,12.66,19.4,7.47,0.25,57.9,,,INCMNSZ/CONABIO 2019 (fibra bruta),3486
Torta De Pierna,,188,9,22,7,0.5,72,,,INCMNSZ/CONABIO 2019 (fibra bruta),3488
Tortas de Milanesa de res,,333.81,14.21,29.44,13.53,0.23,40.1,,,INCMNSZ/CONABIO 2019 (fibra bruta),3487
Trigo Barra Tipo Panecillo,,367,21.6,43.3,15.1,1.1,16.4,,,INCMNSZ/CONABIO 2019 (fibra bruta),2319
"Trigo Botana Fritos Con Chile,Sal Y Limón",,449,8,57,21,5.5,3.9,,,INCMNSZ/CONABIO 2019,2321
Trigo Cereal Con Relleno De Fresa,,441.7,6.1,75.3,12.9,0.6,3.6,,,INCMNSZ/CONABIO 2019 (fibra bruta),2330
Trigo Cereal Para Desayuno,,339,13,66.9,2.2,7.6,3.6,,,INCMNSZ/CONABIO 2019 (fibra bruta),2332
Trigo Cereal Para Desayuno,,355,10.9,75.5,1,3.8,4.6,,,INCMNSZ/CONABIO 2019 (fibra bruta),2334
Trigo Cereal Para Desayuno,,338,0.8,2.3,0.4,75.7,10.8,,,INCMNSZ/CONABIO 2019 (fibra bruta),2336
Trigo Cereal Para Desayuno,,345,14.1,69.2,1.3,26,4.8,,,INCMNSZ/CONABIO 2019,2337
Trigo Cereal Para Desayuno,,220,12,67.3,2,7.7,6,,,INCMNSZ/CONABIO 2019 (fibra bruta),2338
Trigo Cereal Para Desayuno,,376,6.6,86.1,0.6,1.3,3.8,,,INCMNSZ/CONABIO 2019 (fibra bruta),2339
Trigo Cereal Para Desayuno,,402,5.3,87.8,0.3,0.6,3.8,,,INCMNSZ/CONABIO 2019 (fibra bruta),2340
Trigo Cereal Para Desayuno,,380,5.6,87.7,0.8,1.4,4.1,,,INCMNSZ/CONABIO 2019 (fibra bruta),2341
Trigo Cereal Para Desayuno,,386,6.2,87.6,1.2,0.5,2.5,,,INCMNSZ/CONABIO 2019 (fibra bruta),2342
Trigo Cereal Para Desayuno,,380,5.6,87.9,0.7,0.8,4.1,,,INCMNSZ/CONABIO 2019 (fibra bruta),2343
Trigo Cereal Para Desayuno,,381,5.9,88,0.6,0.6,3.2,,,INCMNSZ/CONABIO 2019 (fibra bruta),2344
Trigo Cereal Para Desayuno,,345,12,72.3,0.9,5,5.8,,,INCMNSZ/CONABIO 2019 (fibra bruta),2345
Trigo Cereal Para Desayuno,,234,15.5,66.7,2.3,28.8,2.6,,,INCMNSZ/CONABIO 2019,2346
Trigo Cereal Para Desayuno,,377,5.6,88,0.3,0.6,3.8,,,INCMNSZ/CONABIO 2019 (fibra bruta),2347
Trigo Cereal Para Desayuno,,369,12.8,76.1,1.5,1.2,4.4,,,INCMNSZ/CONABIO 2019 (fibra bruta),2348
Trigo Cereal Salvado Con Fibra,,318,16.8,60.4,3.5,11.2,2.4,,,INCMNSZ/CONABIO 2019 (fibra bruta),2350
Trigo Galleta,,456,5.7,66,21.5,1.2,11.7,,,INCMNSZ/CONABIO 2019,2353
Trigo Galleta,,474,6.9,72,17.6,0.3,1.9,,,INCMNSZ/CONABIO 2019 (fibra bruta),2354
Trigo Galleta,,466,5.8,67.2,19.3,1,5.2,,,INCMNSZ/CONABIO 2019 (fibra bruta),2355
Trigo Galleta,,503,6,67.5,23.2,0.3,1.9,,,INCMNSZ/CONABIO 2019 (fibra bruta),2356
Trigo Galleta,,433,14.8,65.2,16.2,2.2,7.4,,,INCMNSZ/CONABIO 2019 (fibra bruta),2366
Trigo Galleta,,452,7.9,72.8,14.4,0.8,3.1,,,INCMNSZ/CONABIO 2019 (fibra bruta),2367
Trigo Galleta,,549,3.7,60.4,34.1,0.5,0.3,,,INCMNSZ/CONABIO 2019 (fibra bruta),2368
Trigo Galleta,,476,10.5,59.1,22.7,1,5.6,,,INCMNSZ/CONABIO 2019 (fibra bruta),2369
Trigo Galleta,,462,8.7,68.4,17.4,0.9,3.6,,,INCMNSZ/CONABIO 2019 (fibra bruta),2370
Trigo Galleta,,432,9.1,66.2,14.7,0.5,8.3,,,INCMNSZ/CONABIO 2019 (fibra bruta),2371
Trigo Galleta,,419,11.1,56.7,16.8,1.2,12.6,,,INCMNSZ/CONABIO 2019 (fibra bruta),2372
Trigo Galleta,,445,8,58.8,20.4,2.8,8.5,,,INCMNSZ/CONABIO 2019 (fibra bruta),2373
Trigo Galleta,,468,8.8,66.1,19.1,0.9,3.6,,,INCMNSZ/CONABIO 2019 (fibra bruta),2374
Trigo Galleta,,463,9.8,62.7,19.7,1.4,4.9,,,INCMNSZ/CONABIO 2019 (fibra bruta),2375
Trigo Galleta,,479,10.2,61.3,22.2,1,3.3,,,INCMNSZ/CONABIO 2019 (fibra bruta),2376
Trigo Galleta,,481,10.1,61.2,22.5,1.4,2.7,,,INCMNSZ/CONABIO 2019 (fibra bruta),2377
Trigo Galleta,,460,9.5,62.3,19.8,0.7,6.2,,,INCMNSZ/CONABIO 2019 (fibra bruta),2378
Trigo Galleta Cobertura De Piña,,493.2,7,63.2,23.6,1,3.9,,,INCMNSZ/CONABIO 2019 (fibra bruta),2381
Trigo Galleta Con Chocolate,,291,18.9,2.1,23,42.9,10.6,,,INCMNSZ/CONABIO 2019 (fibra bruta),2382
Trigo Galleta Con Cobertura Clara De Chocolate,,489.9,8.6,62.8,22.7,0.8,3.7,,,INCMNSZ/CONABIO 2019 (fibra bruta),2383
Trigo Galleta Con Cobertura De Naranja,,487.1,7.8,62.9,22.7,0.7,4.6,,,INCMNSZ/CONABIO 2019 (fibra bruta),2384
Trigo Galleta Con Cobertura De Piña,,484.7,8.6,60.6,23.1,0.7,5.5,,,INCMNSZ/CONABIO 2019 (fibra bruta),2385
Trigo Galleta Con Cobertura Obscura De Chocolate,,485.3,7.3,62.5,22.9,1.2,4.7,,,INCMNSZ/CONABIO 2019 (fibra bruta),2386
Trigo Galleta Con Cobertura Sabor Chocolate,,489.8,7.1,62.7,23.4,0.7,4.8,,,INCMNSZ/CONABIO 2019 (fibra bruta),2387
Trigo Galleta Con Relleno De Piloncillo,,487.9,6.51,62.33,23.62,0,6.1,,,INCMNSZ/CONABIO 2019 (fibra bruta),2388
Trigo Galleta De Animalitos,,378,6.4,80.5,3.4,1.1,6.4,,,INCMNSZ/CONABIO 2019 (fibra bruta),2389
"Trigo Galleta De Barquillo, Crujiente En Chocolate",,524,6.9,63.5,26.9,0.5,0.9,,,INCMNSZ/CONABIO 2019 (fibra bruta),2390
Trigo Galleta De Chocolate,,480,6.9,63.1,23.1,1,5.4,,,INCMNSZ/CONABIO 2019 (fibra bruta),2391
Trigo Galleta De Cuatro Granos,,422,9.4,63.5,14.5,1.2,7.2,,,INCMNSZ/CONABIO 2019 (fibra bruta),2392
Trigo Galleta De Mantequilla,,508,4.7,67.7,24.3,0.4,2.1,,,INCMNSZ/CONABIO 2019 (fibra bruta),2393
Trigo Galleta De Ostioncitos,,449,10,67,15.7,0.3,4.3,,,INCMNSZ/CONABIO 2019 (fibra bruta),2394
Trigo Galleta Hawaiana,,425,6,78,10,0.6,4.1,,,INCMNSZ/CONABIO 2019 (fibra bruta),2395
Trigo Galleta Pirueta,,448,5.3,78.5,12.6,0.2,2.3,,,INCMNSZ/CONABIO 2019 (fibra bruta),2396
Trigo Galleta Polvorón,,501,9.9,63.5,23.9,0.9,1,,,INCMNSZ/CONABIO 2019 (fibra bruta),2397
Trigo Galleta Polvorón,,490,10.7,62,22.9,0.9,2.6,,,INCMNSZ/CONABIO 2019 (fibra bruta),2398
"Trigo Galleta Proteinada, Cobertura Fresa",,488.3,8.3,63.6,22.3,0.9,3.5,,,INCMNSZ/CONABIO 2019 (fibra bruta),2399
"Trigo Galleta Proteinada, Cobertura Naranja",,499.5,10.3,60.8,23.9,0.7,2.5,,,INCMNSZ/CONABIO 2019 (fibra bruta),2400
"Trigo Galleta Proteinada, Cobertura Piña",,491.2,7.4,63.2,23.2,0.7,4.2,,,INCMNSZ/CONABIO 2019 (fibra bruta),2401
Trigo Galleta Tradicional De Manteca,,547,7.1,57.8,32,1,1.1,,,INCMNSZ/CONABIO 2019 (fibra bruta),2402
"Trigo Galleta Vienesa, Con Relleno De Chocolate",,515,5.4,65.6,25.7,0.2,1.7,,,INCMNSZ/CONABIO 2019 (fibra bruta),2403
Trigo Galletas Light,,446.8,12.2,66.2,14.8,1,3.7,,,INCMNSZ/CONABIO 2019 (fibra bruta),2404
Trigo Germen,,371,21,58.6,5.4,2.1,10,,,INCMNSZ/CONABIO 2019 (fibra bruta),2405
Trigo Germen,,375,27.4,41.7,12.3,3.6,10.6,,,INCMNSZ/CONABIO 2019 (fibra bruta),2406
Trigo Granillo,,364,12.9,71.08,2.26,2.36,9.3,,,INCMNSZ/CONABIO 2019 (fibra bruta),2407
Trigo Grano,,379,13.9,65.31,6.4,2.59,9.9,,,INCMNSZ/CONABIO 2019 (fibra bruta),2409
Trigo Grano,,370,10.7,76.3,1.48,3.72,5.9,,,INCMNSZ/CONABIO 2019 (fibra bruta),2410
Trigo Harina,,342.8,10.8,72.2,1.2,0.5,14.7,,,INCMNSZ/CONABIO 2019 (fibra bruta),2411
Trigo Harina,,356,11.6,71.6,1.7,0.4,13.1,,,INCMNSZ/CONABIO 2019 (fibra bruta),2414
Trigo Harina,,362.1,10.9,75.8,1.7,0.9,10,,,INCMNSZ/CONABIO 2019 (fibra bruta),2416
Trigo Harina,,358,11.45,72.74,1.73,1.6,11.53,,,INCMNSZ/CONABIO 2019 (fibra bruta),2417
Trigo Harina,,362,9.54,76.73,1.08,1.93,11.91,,,INCMNSZ/CONABIO 2019,2418
Trigo Harina,,357,12.5,72.29,1.34,1.65,11.05,,,INCMNSZ/CONABIO 2019 (fibra bruta),2419
Trigo Harina,,353,12.02,71.55,1.19,0.5,14.11,,,INCMNSZ/CONABIO 2019 (fibra bruta),2423
Trigo Harina,,361,12.1,75.6,1.1,0.4,10.3,,,INCMNSZ/CONABIO 2019 (fibra bruta),2425
Trigo Harina,,359,10.6,74.3,1.2,0.5,12.8,,,INCMNSZ/CONABIO 2019 (fibra bruta),2426
Trigo Harina (74% Extracción),,371,10.1,77.78,1.14,0.08,9.9,,,INCMNSZ/CONABIO 2019 (fibra bruta),2428
Trigo Harina 100% Integral,,373.2,12.2,75.7,2.4,3.3,4.8,,,INCMNSZ/CONABIO 2019 (fibra bruta),2429
Trigo Harina Especial,,364,11.5,75.4,0.9,0.5,11.2,,,INCMNSZ/CONABIO 2019 (fibra bruta),2430
Trigo Harina Integral,,338.7,11.9,68.5,1.9,2.7,13.4,,,INCMNSZ/CONABIO 2019 (fibra bruta),2431
Trigo Harina Integral,,365,12.5,71.6,2.3,3.3,8.7,,,INCMNSZ/CONABIO 2019 (fibra bruta),2432
Trigo Harina Integral,,357,8.7,80.5,2.2,2.9,3.7,,,INCMNSZ/CONABIO 2019 (fibra bruta),2434
Trigo Harina Integral,,349,11.4,75,2.5,2.2,7.3,,,INCMNSZ/CONABIO 2019 (fibra bruta),2435
Trigo Harina Molturada Integral,,377,9.8,77.9,2,1.5,7.3,,,INCMNSZ/CONABIO 2019 (fibra bruta),2436
Trigo Harina Para Bolillos,,375,11.5,76.5,1.6,0,9.4,,,INCMNSZ/CONABIO 2019 (fibra bruta),2437
Trigo Harina Para Galletas Light,,369.3,10.3,76.4,2.5,1.1,7.5,,,INCMNSZ/CONABIO 2019 (fibra bruta),2438
Trigo Harina Para Hot Cakes,,343,9.5,67.2,3.3,1.2,13.5,,,INCMNSZ/CONABIO 2019 (fibra bruta),2439
Trigo Harina Para Pastel Light,,365.1,11.5,72.8,3.1,1.3,8,,,INCMNSZ/CONABIO 2019 (fibra bruta),2445
Trigo Harina Para Repostería,,387,11.15,80.5,1.22,0.43,6,,,INCMNSZ/CONABIO 2019 (fibra bruta),2446
Trigo Harina Refinada,,367,10.3,75.5,1.7,0.3,11.4,,,INCMNSZ/CONABIO 2019 (fibra bruta),2449
Trigo Oblea,,417.47,10.43,84,0.85,0,2.7,,,INCMNSZ/CONABIO 2019 (fibra bruta),2451
Trigo Pan Blanco (Virginia),,255,7.68,54.16,2.33,3.49,31.38,,,INCMNSZ/CONABIO 2019,2458
"Trigo Pan Blanco, Bolillo Y Pan Francés (Para Torta)",,296,8.3,55,5,4.1,29,,,INCMNSZ/CONABIO 2019,2459
Trigo Pan Bolillo,,307,9.5,64.89,0.21,0.5,23.7,,,INCMNSZ/CONABIO 2019 (fibra bruta),2461
Trigo Pan Bolillo,,283,8.5,59.67,0.36,0,30.6,,,INCMNSZ/CONABIO 2019 (fibra bruta),2463
Trigo Pan Bolillo,,309,9.2,65.2,0.4,0.6,22.8,,,INCMNSZ/CONABIO 2019 (fibra bruta),2464
Trigo Pan Bolillo Integral,,325,10.58,67.76,0.4,0.26,18.9,,,INCMNSZ/CONABIO 2019 (fibra bruta),2468
Trigo Pan Bolita,,333,10.2,66.2,2.3,0.9,18.8,,,INCMNSZ/CONABIO 2019 (fibra bruta),2469
Trigo Pan De Acambaro,,364,8.22,61.93,9.26,5.99,18.36,,,INCMNSZ/CONABIO 2019,2473
Trigo Pan De Caja Blanco,,277,8.2,52.8,3.1,0.9,33.1,,,INCMNSZ/CONABIO 2019 (fibra bruta),2474
Trigo Pan de Caja Deli-Enfant,,290.5,9.4,56.7,2.9,0.2,28.3,,,INCMNSZ/CONABIO 2019 (fibra bruta),2351
Trigo Pan de Caja Deli-Femme,,301.4,11.1,54.8,4.2,1.4,26.4,,,INCMNSZ/CONABIO 2019 (fibra bruta),2352
"Trigo Pan De Caja, 5 Granos Bajo En Sodio",,265.2,12.6,39.3,6.4,1.5,37.9,,,INCMNSZ/CONABIO 2019 (fibra bruta),2478
Trigo Pan De Fiesta,,321.8,5.8,61.6,5.8,0.1,26.3,,,INCMNSZ/CONABIO 2019 (fibra bruta),2479
"Trigo Pan De Sal, Bisquetes",,385,5,51.3,17.8,1.8,23,,,INCMNSZ/CONABIO 2019,2481
"Trigo Pan Dulce, Amaraldi",,275.7,6.7,40.8,27.3,0.8,23.3,,,INCMNSZ/CONABIO 2019 (fibra bruta),2483
"Trigo Pan Dulce, Bisquet Integral",,426.2,8,48.6,22.2,0.7,17.6,,,INCMNSZ/CONABIO 2019 (fibra bruta),2484
"Trigo Pan Dulce, Cocol",,448,9.7,55.4,21.6,0.6,11.4,,,INCMNSZ/CONABIO 2019 (fibra bruta),2487
"Trigo Pan Dulce, Conchita",,340,7.12,59.16,10.01,2.87,20.17,,,INCMNSZ/CONABIO 2019,2489
"Trigo Pan Dulce, Cuernitos",,485,8.1,57,25,1,8.8,,,INCMNSZ/CONABIO 2019,2492
"Trigo Pan Dulce, Cuerno",,381.2,9.3,50.9,15.6,0.2,22.4,,,INCMNSZ/CONABIO 2019 (fibra bruta),2494
"Trigo Pan Dulce, Cuerno Integral",,426.3,8.4,49.8,21.5,0.5,18,,,INCMNSZ/CONABIO 2019 (fibra bruta),2496
"Trigo Pan Dulce, Empanada De Calabaza",,360,5.7,48.6,15.7,1.4,28,,,INCMNSZ/CONABIO 2019,2500
"Trigo Pan Dulce, Marranitos (Pan Con Melaza Y Anís)",,391,7.1,64.3,12.5,1.4,14,,,INCMNSZ/CONABIO 2019,2505
"Trigo Pan Dulce, Muffin Integral",,317.5,7.2,48.5,18.3,0.4,24.3,,,INCMNSZ/CONABIO 2019 (fibra bruta),2506
"Trigo Pan Dulce, Rosca",,466,7,63.1,21.2,0.5,7,,,INCMNSZ/CONABIO 2019 (fibra bruta),2514
Trigo Pan Enriquecido Rebanado,,287,9.44,52.83,3.8,0.33,31.7,,,INCMNSZ/CONABIO 2019 (fibra bruta),2519
Trigo Pan Enriquecido Rebanado,,348,9.19,64.93,3.2,1.08,19.9,,,INCMNSZ/CONABIO 2019 (fibra bruta),2520
Trigo Pan Enriquecido Rebanado,,285,9.5,57.34,1.3,0.46,29.5,,,INCMNSZ/CONABIO 2019 (fibra bruta),2521
Trigo Pan Integral,,263,8.7,54.02,0.64,1.44,33.5,,,INCMNSZ/CONABIO 2019 (fibra bruta),2522
Trigo Pan Tradicional De Sonora (Bañado De Dulce De Piloncillo),,472.3,6.9,60.1,22.7,0.9,8.3,,,INCMNSZ/CONABIO 2019 (fibra bruta),2527
"Trigo Pan, Negro",,290,7.95,58.28,2.1,0.47,28.8,,,INCMNSZ/CONABIO 2019 (fibra bruta),2529
"Trigo Pan, Tostado",,411,13.1,73.8,6.5,1.6,3.4,,,INCMNSZ/CONABIO 2019 (fibra bruta),2533
"Trigo Pan, Virginia Tradicional",,309,10.79,57.7,3.88,3.49,27.62,,,INCMNSZ/CONABIO 2019,2536
Trigo Pasta Fina,,551.4,2.9,60.6,33.1,0.3,2.8,,,INCMNSZ/CONABIO 2019,2537
Trigo Pasta Fina (Beso Y Palitos),,688.7,5.7,23.6,63.5,1.2,6.1,,,INCMNSZ/CONABIO 2019,2538
Trigo Pasta Fina (Flor),,486.5,8.4,62.6,22.5,2.6,4.6,,,INCMNSZ/CONABIO 2019,2539
"Trigo Pasta Fina (Garabato De Chocolate, Ojos Garabato De Cajeta, Granillo Blanco Y Garabato De Alme",,522.5,5.8,57.1,30.1,1.5,5.6,,,INCMNSZ/CONABIO 2019,2540
Trigo Pasta Fina (Granillo De Chocolate Y Corazón),,519.2,5.7,62,27.6,1.7,3.1,,,INCMNSZ/CONABIO 2019,2541
Trigo Pasta Para Sopa,,365,10.9,76.9,0.5,0.3,11,,,INCMNSZ/CONABIO 2019 (fibra bruta),2542
Trigo Pasta Para Sopa,,370,11.2,77.2,0.8,0.4,9.6,,,INCMNSZ/CONABIO 2019 (fibra bruta),2543
Trigo Pasta Para Sopa,,382,12.12,75.9,2.4,0.5,8.2,,,INCMNSZ/CONABIO 2019 (fibra bruta),2544
Trigo Pasta para Sopa Coditos Con Crema (Pasta Corta),,132.05,3.3,17.09,4.9,0.01,73.7,,,INCMNSZ/CONABIO 2019 (fibra bruta),2551
Trigo Pasta para Sopa Coditos Con Crema (Pasta Corta),,157.96,4.44,26.21,2.7,0,65.4,,,INCMNSZ/CONABIO 2019 (fibra bruta),2552
Trigo Pasta Para Sopa Coditos Con Crema (Pasta Corta),,202.11,3.86,17.52,10.24,0,67.3,,,INCMNSZ/CONABIO 2019 (fibra bruta),2553
Trigo Pasta Para Sopa Coditos Con Crema (Pasta Corta),,170.61,3.93,19.75,6.92,0,67.9,,,INCMNSZ/CONABIO 2019 (fibra bruta),2554
Trigo Pasta Para Sopa Coditos Con Crema (Pasta Corta),,145.85,3.94,20.61,3.88,0,70.1,,,INCMNSZ/CONABIO 2019 (fibra bruta),2555
Trigo Pasta Para Sopa Coditos Con Crema (Pasta Corta),,227.59,4.18,20.68,11.05,0.05,62.6,,,INCMNSZ/CONABIO 2019 (fibra bruta),2556
Trigo Pasta Para Sopa Coditos Con Jamón (Pasta Corta),,108.18,3.57,13.84,3.71,0,78.7,,,INCMNSZ/CONABIO 2019 (fibra bruta),2557
Trigo Pasta Para Sopa Coditos Con Jitomate (Pasta Corta),,43.53,2.42,15.54,1.31,0,79.9,,,INCMNSZ/CONABIO 2019 (fibra bruta),2558
Trigo Pasta Para Sopa Con Huevo,,371,11.3,78.4,0.3,1.5,7.8,,,INCMNSZ/CONABIO 2019 (fibra bruta),2546
Trigo Pasta para Sopa de Codito Preparada (Pasta Corta),,164.39,4.18,21.33,5.14,0,68.3,,,INCMNSZ/CONABIO 2019 (fibra bruta),2550
"Trigo Pasta Para Sopa,  Espaguetti Preparado Con Crema (Pasta Larga)",,116.61,3.2,14.84,3.31,0,77.1,,,INCMNSZ/CONABIO 2019 (fibra bruta),2565
"Trigo Pasta Para Sopa,  Espaguetti Preparado Con Crema (Pasta Larga)",,108.08,2.83,14.4,3.28,0.03,78.4,,,INCMNSZ/CONABIO 2019 (fibra bruta),2566
"Trigo Pasta Para Sopa,  Espaguetti Preparado Rojo (Pasta larga)",,131.76,3.79,17.11,3.57,0.05,74.7,,,INCMNSZ/CONABIO 2019 (fibra bruta),2567
"Trigo Pasta Para Sopa,  Espaguetti Preparado Rojo (Pasta larga)",,106.57,3.74,18.31,2.23,0,74.4,,,INCMNSZ/CONABIO 2019 (fibra bruta),2568
"Trigo Pasta Para Sopa, Aguada De Codito",,29.63,1.07,6.73,0.66,0,90.4,,,INCMNSZ/CONABIO 2019 (fibra bruta),2569
"Trigo Pasta Para Sopa, Aguada De Codito Con Espinaca",,49.64,1.15,5.86,0.87,0,90.8,,,INCMNSZ/CONABIO 2019 (fibra bruta),2570
"Trigo Pasta Para Sopa, Aguada De Fideo",,30.39,1.83,6.21,1.39,0,89.7,,,INCMNSZ/CONABIO 2019 (fibra bruta),2571
"Trigo Pasta Para Sopa, Aguada De Fideo",,32.04,1.1,6.47,0.76,0,90.8,,,INCMNSZ/CONABIO 2019 (fibra bruta),2572
"Trigo Pasta Para Sopa, Aguada De Fideo",,64.61,0.89,10.69,0.44,0.03,87.1,,,INCMNSZ/CONABIO 2019 (fibra bruta),2573
"Trigo Pasta Para Sopa, Aguada De Fideo",,24.67,1.28,6.03,0.07,0,91.9,,,INCMNSZ/CONABIO 2019 (fibra bruta),2574
"Trigo Pasta Para Sopa, Aguada De Moñito",,46.27,1.52,6.07,0.96,0,90.5,,,INCMNSZ/CONABIO 2019 (fibra bruta),2575
"Trigo Pasta Para Sopa, Aguada De Moñito",,45.96,1.22,5.95,0.7,0,90.8,,,INCMNSZ/CONABIO 2019 (fibra bruta),2576
"Trigo Pasta Para Sopa, Aguada De Tallarines",,22.16,1.3,1.51,0.38,4.09,91.53,,,INCMNSZ/CONABIO 2019 (fibra bruta),2577
"Trigo Pasta Para Sopa, Cocida",,97,2.76,16.43,2.23,0.05,77.7,,,INCMNSZ/CONABIO 2019 (fibra bruta),2548
"Trigo Pasta Para Sopa, Coditos En Caldillo De Jitomate (Pasta Corta)",,162.97,5.98,25.12,3.87,0,63.3,,,INCMNSZ/CONABIO 2019 (fibra bruta),2559
"Trigo Pasta Para Sopa, Espaguetti Alfredo (Pasta larga)",,134.71,4.54,16.01,4.28,0,73.9,,,INCMNSZ/CONABIO 2019 (fibra bruta),2560
"Trigo Pasta Para Sopa, Espaguetti Preparado (Pasta larga)",,110.31,5.3,10.67,3.71,0,78.9,,,INCMNSZ/CONABIO 2019 (fibra bruta),2561
"Trigo Pasta Para Sopa, Espaguetti Preparado (Pasta larga)",,154.96,3.66,21.03,6.47,0,67.8,,,INCMNSZ/CONABIO 2019 (fibra bruta),2562
"Trigo Pasta Para Sopa, Espaguetti Preparado (Pasta larga)",,136.65,3.51,18.47,4.55,0,72.6,,,INCMNSZ/CONABIO 2019 (fibra bruta),2563
"Trigo Pasta Para Sopa, Espaguetti Preparado (Pasta larga)",,229.01,5.55,17.24,15.3,0,60.6,,,INCMNSZ/CONABIO 2019 (fibra bruta),2564
"Trigo Pasta Para Sopa, Tallarines Con Albóndigas (Pasta Larga)",,187.65,8.84,14.34,7.47,0,68,,,INCMNSZ/CONABIO 2019 (fibra bruta),2578
Trigo Pasta Seca,,525.3,7.3,59,28.9,0.3,3.9,,,INCMNSZ/CONABIO 2019 (fibra bruta),2579
Trigo Pastel Light,,195.6,8.3,33.4,3.2,1.6,51.7,,,INCMNSZ/CONABIO 2019 (fibra bruta),2580
Trigo Pastelillos,,423,3.3,61.4,19.1,0.3,14.5,,,INCMNSZ/CONABIO 2019 (fibra bruta),2581
Trigo Pastelillos,,381,4.7,67.1,11.4,1,14.6,,,INCMNSZ/CONABIO 2019 (fibra bruta),2582
Trigo Pastelillos,,341,4.2,67.2,7.1,0.3,18.6,,,INCMNSZ/CONABIO 2019 (fibra bruta),2583
Trigo Pastelillos,,167,4.1,11.7,11.7,2.84,11.9,,,INCMNSZ/CONABIO 2019,2584
Trigo Pastelillos,,368,3.3,66.8,10.7,1,16.9,,,INCMNSZ/CONABIO 2019,2585
Trigo Pastelito Con Cobertura De Chocolate,,414.3,6.4,49.7,21.1,0.5,20.4,,,INCMNSZ/CONABIO 2019 (fibra bruta),2586
Trigo Pastelito De Chocolate,,314,3.3,23.5,23.3,2.1,16.9,,,INCMNSZ/CONABIO 2019,2587
Trigo Polvorón Sabor Canela,,491.8,10.1,61.1,23,0.6,3.1,,,INCMNSZ/CONABIO 2019 (fibra bruta),2589
Trigo Polvorón Sabor Coco,,489.5,9.8,60.6,23.1,0.5,4,,,INCMNSZ/CONABIO 2019 (fibra bruta),2590
Trigo Polvorón Sabor Coco,,493.6,9.7,61.5,23.2,0.5,4.2,,,INCMNSZ/CONABIO 2019 (fibra bruta),2591
Trigo Polvorón Sabor Miel,,495.2,10.1,61.5,23.2,0.5,2.7,,,INCMNSZ/CONABIO 2019 (fibra bruta),2592
Trigo Polvorón Sabor Miel,,495.3,9.6,61.8,23.3,0.5,4,,,INCMNSZ/CONABIO 2019 (fibra bruta),2593
"Trigo Polvorón, Con Cacahuate",,490.8,9,61.5,23.2,0.7,3.6,,,INCMNSZ/CONABIO 2019 (fibra bruta),2594
"Trigo Polvorón, Sabor Canela",,477.7,8.6,62.9,21.3,0.7,4.6,,,INCMNSZ/CONABIO 2019 (fibra bruta),2595
"Trigo Polvorón, Sabor Mantequilla",,487,7,63,23,0.7,4.9,,,INCMNSZ/CONABIO 2019 (fibra bruta),2596
"Trigo Polvorón, Sabor Naranja",,485.3,9.3,61.4,22.5,0.8,4.1,,,INCMNSZ/CONABIO 2019 (fibra bruta),2597
"Trigo Polvorón, Sabor Nuez",,484.1,8.8,60.7,22.9,0.6,5,,,INCMNSZ/CONABIO 2019 (fibra bruta),2598
"Trigo Polvorón, Sabor Piña",,489.9,9.1,61.4,23.1,0.7,3.7,,,INCMNSZ/CONABIO 2019 (fibra bruta),2599
Trigo Salvado,,315,14.5,56.7,2.8,11.1,8.5,,,INCMNSZ/CONABIO 2019 (fibra bruta),2600
Trigo Salvado,,316,5.12,69.08,1.3,8.9,7.7,,,INCMNSZ/CONABIO 2019 (fibra bruta),2602
Trigo Salvado,,321,17.6,51.9,4.3,9.5,12.5,,,INCMNSZ/CONABIO 2019 (fibra bruta),2603
Trigo Salvado Crudo,,407,14.7,48.9,17.5,4.5,6.7,,,INCMNSZ/CONABIO 2019 (fibra bruta),2604
Trigo Salvado Desengrasado Y Tamizado,,336,17.9,54.7,4.6,7.9,5.2,,,INCMNSZ/CONABIO 2019 (fibra bruta),2605
Trigo Salvado Liofilizado,,382,36.7,42.2,7.1,0,2.4,,,INCMNSZ/CONABIO 2019 (fibra bruta),2606
Trigo Sémola,,352.5,10.11,74.1,1.74,0.02,13.2,,,INCMNSZ/CONABIO 2019 (fibra bruta),2608
Trigo Tortilla De Harina,,399,9.96,53.22,16.25,0.45,17.1,,,INCMNSZ/CONABIO 2019 (fibra bruta),2613
Trigo Tortilla De Harina,,366,9.4,42,18,2,26.8,,,INCMNSZ/CONABIO 2019,2614
Trigo Tortilla De Harina (Agua),,271,8,53.12,4.45,5.57,26.93,,,INCMNSZ/CONABIO 2019,2615
Trigo Tortilla De Harina (Comercial),,295,7.15,47.66,9.78,4.51,27.65,,,INCMNSZ/CONABIO 2019,2616
Trigo Tortilla De Harina (Manteca),,362,7.99,49.2,16.21,6.08,17.61,,,INCMNSZ/CONABIO 2019,2617
Trigo Tortilla De Harina Con Azúcar Tostada,,529,7.7,62.8,26.7,0,0.3,,,INCMNSZ/CONABIO 2019,2618
"Trigo Tortilla, Harina Integral Con Ajonjolí Tostada",,534,8.6,60,28.6,3.7,0.6,,,INCMNSZ/CONABIO 2019,2620
Trigo Tortillas De Harina Norteñas,,338.7,7.9,52.7,10.7,4.22,26.1,,,INCMNSZ/CONABIO 2019,2621
"Trigo, Botana Chicharrón",,481,8,52.7,28,0.8,4.9,,,INCMNSZ/CONABIO 2019 (fibra bruta),2323
"Trigo, Botana Chicharrón",,488,7.4,49.4,30.7,0.9,3.1,,,INCMNSZ/CONABIO 2019 (fibra bruta),2324
"Trigo, Botana Chicharrón",,490,7.9,53.5,28.7,0.9,5.9,,,INCMNSZ/CONABIO 2019 (fibra bruta),2325
"Trigo, Botana Chicharrón",,460,9.3,54.2,24.2,3.8,3.1,,,INCMNSZ/CONABIO 2019 (fibra bruta),2326
"Trigo, Botana Chicharrón",,479,7.5,47.9,30.3,1.6,5.3,,,INCMNSZ/CONABIO 2019 (fibra bruta),2327
Tuna,,44,0.84,10.24,0.58,4.5,83.84,,,INCMNSZ/CONABIO 2019,1137
Tuna Blanca Prensada,,206,4.5,49.6,0.9,21.2,20.8,,,INCMNSZ/CONABIO 2019 (fibra bruta),1138
"Tuna Cardona, Con Semilla",,31,0.56,8.15,0.04,2.85,88.1,,,INCMNSZ/CONABIO 2019 (fibra bruta),1140
"Tuna Cardona, Sin Semilla",,31,0.05,8.43,0.08,0.24,91,,,INCMNSZ/CONABIO 2019 (fibra bruta),1141
"Tuna Cascarona, Sin Semilla",,34,0.69,8.32,0.24,0.25,88,,,INCMNSZ/CONABIO 2019 (fibra bruta),1142
"Tuna Chaveña, Sin Semilla",,21,0.5,5.32,0.03,0.45,90.8,,,INCMNSZ/CONABIO 2019 (fibra bruta),1143
"Tuna Mansa, Blanca (Con Semilla)",,22,1.21,4.58,0.16,5.55,87.8,,,INCMNSZ/CONABIO 2019 (fibra bruta),1146
"Tuna Mansa, Colorada (Con Semillas)",,25,1.43,5.21,0.21,6.75,85.7,,,INCMNSZ/CONABIO 2019 (fibra bruta),1147
"Tuna Mansa, Sin Semilla",,17,0.93,3.78,0.1,0.19,89.4,,,INCMNSZ/CONABIO 2019 (fibra bruta),1148
"Tuna Redonda, Con Semilla",,26,1.62,5.42,0.16,6.7,85.6,,,INCMNSZ/CONABIO 2019 (fibra bruta),1150
Tuna Roja Con Semillas,,32,1.81,6.82,0.21,8.16,82.6,,,INCMNSZ/CONABIO 2019 (fibra bruta),1151
Tuna Roja Prensada,,235,4.69,58.65,0.96,16.7,15.1,,,INCMNSZ/CONABIO 2019 (fibra bruta),1152
"Tuna Tapona, Con Semilla",,32,1.93,4.55,0.12,6.6,86.3,,,INCMNSZ/CONABIO 2019 (fibra bruta),1153
Tuna Xoconoxtle,,22,0.09,5.2,0.36,4.55,89.1,,,INCMNSZ/CONABIO 2019 (fibra bruta),1154
Uña De Gato Harina Integral,,336,18.7,54,5,13.97,6.4,,,INCMNSZ/CONABIO 2019,2960
Uña De Gato Harina Sin Testas,,377,20.2,60.9,5.9,2.94,9.2,,,INCMNSZ/CONABIO 2019,2961
Uspib,,104,3.25,25.47,0.22,4.66,65.6,,,INCMNSZ/CONABIO 2019 (fibra bruta),1156
Uste X'Bek'Che',,31,2.62,5.04,0.46,2.08,88.3,,,INCMNSZ/CONABIO 2019 (fibra bruta),1157
Uva Concentrado,,252,1.1,69.8,0.1,0.2,28.2,,,INCMNSZ/CONABIO 2019 (fibra bruta),1163
Uva Concentrado,,316.56,0.28,77.96,0.4,0,20.9,,,INCMNSZ/CONABIO 2019 (fibra bruta),1164
Uva De La Playa,,48,0.87,11.61,0.38,2.44,83.6,,,INCMNSZ/CONABIO 2019 (fibra bruta),1165
Uva Jarabe,,239,0.1,59.6,0,0,40.2,,,INCMNSZ/CONABIO 2019 (fibra bruta),1167
Uva Jugo,,45,0,12.4,0.1,0.2,87.2,,,INCMNSZ/CONABIO 2019 (fibra bruta),1170
Uva Jugo,,52,0.1,14.1,0.1,0,85.6,,,INCMNSZ/CONABIO 2019 (fibra bruta),1171
Uva Jugo,,50,0.1,13.5,0.1,0,86.2,,,INCMNSZ/CONABIO 2019 (fibra bruta),1172
"Uva pasa, deshidratada",,320.92,3.05,77.09,0.04,0.49,16.6,,,INCMNSZ/CONABIO 2019 (fibra bruta),1176
Varios Barra De Cereal,,492.5,5.2,69.1,21.7,0.5,1.7,,,INCMNSZ/CONABIO 2019 (fibra bruta),2624
Varios Cereal Con Cubierta Sabor A Chocolate,,493.2,5.2,68.6,22,0.6,1.9,,,INCMNSZ/CONABIO 2019 (fibra bruta),2625
"Varios Combinación California (Brocoli, Coloflor Y Zanahoria) Congelada",,39.1,1.3,5.1,1.5,1.3,90.1,,,INCMNSZ/CONABIO 2019 (fibra bruta),3899
Varios Combinación Invernal (Brocoli Y Coloflor) Congelada,,36.2,2.1,2.9,1.8,1.4,91.1,,,INCMNSZ/CONABIO 2019 (fibra bruta),3900
"Varios Combinación Poblana ((Elote, Calabaza Y Chile Poblano) Congelada",,43.3,1.5,6.4,1.3,1,89.3,,,INCMNSZ/CONABIO 2019 (fibra bruta),3901
"Varios Combinación Primavera (Chicharo, Papa, Zanahoria Y Elote) Congelada",,83.1,3.2,12.4,2.3,1.9,79.7,,,INCMNSZ/CONABIO 2019 (fibra bruta),3902
Varios Combinación Verduras Deshidratadas sabor a pollo,,350.02,13.66,72.81,0.46,1.64,8.5,,,INCMNSZ/CONABIO 2019 (fibra bruta),3904
Varios Especias Mezcla,,241.2,7.9,34.4,8,9.4,4.5,,,INCMNSZ/CONABIO 2019 (fibra bruta),3493
"Varios Guarnición (Brocoli, Coliflor, Zanahoria Y Elote) Congelada",,55.2,2.3,5.2,2.8,1.3,87.8,,,INCMNSZ/CONABIO 2019 (fibra bruta),3903
Verdolaga,,19,2.75,2.38,0.47,1.2,90.8,,,INCMNSZ/CONABIO 2019 (fibra bruta),3905
Verdolaga,,22,1.59,4.68,0.16,0.77,91.6,,,INCMNSZ/CONABIO 2019 (fibra bruta),3906
Verdura Jugo,,19,0.8,4.1,0.2,0,93.6,,,INCMNSZ/CONABIO 2019 (fibra bruta),3913
Verdura Jugo,,14,0.7,3.7,0.3,0.4,93.8,,,INCMNSZ/CONABIO 2019 (fibra bruta),3914
Verdura Jugo,,22,0.6,4.6,0.2,0.6,93.8,,,INCMNSZ/CONABIO 2019 (fibra bruta),3915
Verdura Jugo,,23,0.7,4,0.3,0.7,94,,,INCMNSZ/CONABIO 2019 (fibra bruta),3916
Verdura Jugo,,18,0.6,2,0.8,0.6,95,,,INCMNSZ/CONABIO 2019,3917
Verdura Mezcla Con Sabor A Pollo,,394.24,11.32,75.49,0.4,0.08,9.9,,,INCMNSZ/CONABIO 2019 (fibra bruta),3918
Verdura Sopa,,88,4.4,1.4,7.2,0.2,85,,,INCMNSZ/CONABIO 2019 (fibra bruta),3919
Verdura Sopa,,37,2.6,5.4,0.5,1.8,85.9,,,INCMNSZ/CONABIO 2019 (fibra bruta),3920
Verdura Sopa Con Pasta,,84,2.9,4.3,6.1,0.9,83.6,,,INCMNSZ/CONABIO 2019 (fibra bruta),3921
Verdura Sopa Con Pollo,,35,3.8,1.9,1.3,2.3,87.9,,,INCMNSZ/CONABIO 2019 (fibra bruta),3922
X'Makulan Momo,,55,4.25,8.23,1.82,2.8,80.4,,,INCMNSZ/CONABIO 2019 (fibra bruta),3923
Yerbabuena Hoja,,48,3.12,6.83,1.95,0.9,85,,,INCMNSZ/CONABIO 2019 (fibra bruta),3924
Yerbabuena Hoja,,45,1.5,8.61,1.31,1.58,85.6,,,INCMNSZ/CONABIO 2019 (fibra bruta),3925
Yerbabuena Té,,205,11.9,44.4,2.1,26.5,6.7,,,INCMNSZ/CONABIO 2019 (fibra bruta),3927
"Yogurt Blanco, Bajo En Grasas Calcio Plus",,46.8,4.9,5.9,0.4,0,87.8,,,INCMNSZ/CONABIO 2019 (fibra bruta),1659
Yogurt Casero De Nopal,,75.1,2.9,12.5,1.5,0.1,82.4,,,INCMNSZ/CONABIO 2019 (fibra bruta),1661
Yogurt Con Cereales,,106,4.1,20.5,1.1,0.2,72.9,,,INCMNSZ/CONABIO 2019 (fibra bruta),1663
Yogurt Con Cereales Y Frutas,,119,4.4,16.3,4.2,2.5,69.5,,,INCMNSZ/CONABIO 2019 (fibra bruta),1664
Yogurt Con Durazno,,98.8,3.6,13.9,3.2,0.1,78.4,,,INCMNSZ/CONABIO 2019 (fibra bruta),1665
Yogurt Con Durazno,,94,2.5,20.1,0.4,0,76.4,,,INCMNSZ/CONABIO 2019 (fibra bruta),1666
Yogurt Con Durazno,,191,2.6,16.7,1.8,0.5,77.8,,,INCMNSZ/CONABIO 2019 (fibra bruta),1667
Yogurt Con Durazno,,102,3.5,18.3,1.9,0.3,75.2,,,INCMNSZ/CONABIO 2019 (fibra bruta),1668
Yogurt Con Durazno Y Zucaritas,,129,3.6,26.4,1.3,0.3,67.5,,,INCMNSZ/CONABIO 2019 (fibra bruta),1670
"Yogurt Con Durazno, 0% Grasa",,49,3.8,7,0.6,0,87.8,,,INCMNSZ/CONABIO 2019 (fibra bruta),1671
Yogurt Con Duraznos Suaves Terciopelo,,97.9,3,15.4,2.7,0,78.2,,,INCMNSZ/CONABIO 2019 (fibra bruta),1672
Yogurt Con Fresa,,88.9,3.6,13,2.5,0,80.1,,,INCMNSZ/CONABIO 2019 (fibra bruta),1673
Yogurt Con Fresa,,102.5,3.4,16.6,2.5,0.2,76.5,,,INCMNSZ/CONABIO 2019 (fibra bruta),1674
Yogurt Con Fresa,,109,2.5,18,3,0.1,75.8,,,INCMNSZ/CONABIO 2019 (fibra bruta),1675
Yogurt Con Fresa,,101,4.2,18.1,1.5,1.3,73.7,,,INCMNSZ/CONABIO 2019 (fibra bruta),1676
Yogurt Con Fresa,,99,2.5,18.4,1.9,0,76.3,,,INCMNSZ/CONABIO 2019 (fibra bruta),1677
Yogurt Con Fresa,,92,3.2,16.8,1.5,0.5,77.2,,,INCMNSZ/CONABIO 2019 (fibra bruta),1678
Yogurt Con Fresa,,90,2.8,16.4,1.7,0.4,78,,,INCMNSZ/CONABIO 2019 (fibra bruta),1679
Yogurt Con Fresa,,81,3.3,14.7,1.1,0.4,79.7,,,INCMNSZ/CONABIO 2019 (fibra bruta),1681
Yogurt Con Fresa Y Chocokrispis,,140,4,27.6,1.8,0.4,65.2,,,INCMNSZ/CONABIO 2019 (fibra bruta),1683
Yogurt Con Fresa Y Granola,,127,4.3,22.8,2.3,0.7,69,,,INCMNSZ/CONABIO 2019 (fibra bruta),1684
"Yogurt Con Fresa, Light",,51,4.1,7.3,0.6,0.1,87,,,INCMNSZ/CONABIO 2019 (fibra bruta),1685
Yogurt Con Fresas Corazón Rojo,,93.4,3,15.4,2.2,0.1,78.5,,,INCMNSZ/CONABIO 2019 (fibra bruta),1687
Yogurt Con Frutas,,105,4.2,19.7,1.2,0.1,73.6,,,INCMNSZ/CONABIO 2019 (fibra bruta),1688
Yogurt Con Frutas,,37,3.8,17.9,2.4,0.6,74.2,,,INCMNSZ/CONABIO 2019 (fibra bruta),1689
Yogurt Con Frutas,,99,3.9,17.1,1.8,0.4,76,,,INCMNSZ/CONABIO 2019 (fibra bruta),1690
Yogurt Con Frutas Tropicales,,92.2,3.5,15.5,1.8,0,78.3,,,INCMNSZ/CONABIO 2019 (fibra bruta),1691
Yogurt Con Frutas Tropicales,,94.9,2.8,14.4,2.9,0,79.3,,,INCMNSZ/CONABIO 2019 (fibra bruta),1692
Yogurt Con Frutas Y Cereales,,102.2,3.6,17,2.2,0.2,76.2,,,INCMNSZ/CONABIO 2019 (fibra bruta),1693
Yogurt Con Granola,,92.2,2.6,13.7,3,0,80.1,,,INCMNSZ/CONABIO 2019 (fibra bruta),1695
"Yogurt Con Higo - Nuez, Bio Calcio",,103.9,3.3,14.9,3.4,0.1,77.2,,,INCMNSZ/CONABIO 2019 (fibra bruta),1697
Yogurt Con Mango,,87,2.5,15.7,1.8,0.5,78.9,,,INCMNSZ/CONABIO 2019 (fibra bruta),1698
Yogurt Con Mango,,97,3.6,17.3,1.7,0.3,76.2,,,INCMNSZ/CONABIO 2019 (fibra bruta),1699
Yogurt Con Mangos Paraiso,,96.5,2.9,15.6,2.5,0,78.3,,,INCMNSZ/CONABIO 2019 (fibra bruta),1700
Yogurt Con Manzana Y Canela,,95.5,2.7,15.1,2.7,0,78.9,,,INCMNSZ/CONABIO 2019 (fibra bruta),1701
Yogurt Con Manzanas,,93.6,3.2,15.7,2,0.1,78.2,,,INCMNSZ/CONABIO 2019 (fibra bruta),1702
Yogurt Con Manzanas,,102.5,2.6,15.6,3.3,0,77.9,,,INCMNSZ/CONABIO 2019 (fibra bruta),1703
Yogurt Con Manzanas,,92,2.6,17.5,1.5,0.7,76.9,,,INCMNSZ/CONABIO 2019 (fibra bruta),1704
Yogurt Con Manzanas,,95,3.9,16.6,1.6,0.7,76.4,,,INCMNSZ/CONABIO 2019 (fibra bruta),1705
Yogurt Con Nuez Y Cereal,,91,2.7,14.6,2.6,0.8,78.6,,,INCMNSZ/CONABIO 2019 (fibra bruta),1706
Yogurt Con Piña - Mango Bio Calcio,,100.4,3.3,15.4,2.8,0,77.5,,,INCMNSZ/CONABIO 2019 (fibra bruta),1707
Yogurt Con Zarzamora,,99,3.8,15.1,2.6,0.1,77.5,,,INCMNSZ/CONABIO 2019 (fibra bruta),1708
Yogurt Con Zarzamora,,94,2.4,17.2,2,0.6,77.2,,,INCMNSZ/CONABIO 2019 (fibra bruta),1709
Yogurt Licuado Con Manzana Y Cereal,,78,2.3,12.8,2.1,0.4,81.8,,,INCMNSZ/CONABIO 2019 (fibra bruta),1713
Yogurt Licuado De Fresa-Mamey Y Cereal,,85,2.4,14,2.4,0.2,80.4,,,INCMNSZ/CONABIO 2019 (fibra bruta),1714
Yogurt Licuado De Manzana Y Cereal,,68,1.9,12.1,1.5,0.6,82.7,,,INCMNSZ/CONABIO 2019 (fibra bruta),1715
Yogurt Licuado De Plátano Y Cereal,,84,2.1,15.4,1.8,0.2,79.9,,,INCMNSZ/CONABIO 2019 (fibra bruta),1716
Yogurt Para Beber,,81,2.3,14.9,1.6,0.1,80.3,,,INCMNSZ/CONABIO 2019 (fibra bruta),1727
Yogurt Para Beber Con Durazno,,79,2,12.4,2.5,0.2,82.5,,,INCMNSZ/CONABIO 2019 (fibra bruta),1728
Yogurt Para Beber Con Fresa,,76,1.9,12.3,2.3,0.2,82.8,,,INCMNSZ/CONABIO 2019 (fibra bruta),1729
Yogurt Para Beber Con Fresa,,68,1.9,12.1,1.5,0.6,82.7,,,INCMNSZ/CONABIO 2019 (fibra bruta),1730
Yogurt Para Beber Con Frutas Tropicales,,77,1.9,12.7,2.3,0.1,82.5,,,INCMNSZ/CONABIO 2019 (fibra bruta),1731
Yogurt Para Beber Con Mandarina,,77,1.9,12.7,2.2,0.2,82.5,,,INCMNSZ/CONABIO 2019 (fibra bruta),1732
Yogurt Para Beber Con Piña Y Coco,,74,1.9,13.1,1.7,0.4,82.4,,,INCMNSZ/CONABIO 2019 (fibra bruta),1733
"Yogurt Para Beber, Sabor Fresa",,84,2.2,15.9,1.5,0.2,71.7,,,INCMNSZ/CONABIO 2019 (fibra bruta),1734
"Yogurt Para Beber, Sabor Fresa",,75,2.7,12.7,1.6,0.7,81.4,,,INCMNSZ/CONABIO 2019 (fibra bruta),1735
Yuca,,116,1,28.25,0.59,1.06,68.7,,,INCMNSZ/CONABIO 2019 (fibra bruta),3064
Zacate De Mar Cascarilla,,281,8.66,61.14,0.3,10.4,8.33,,,INCMNSZ/CONABIO 2019 (fibra bruta),1903
Zacate De Mar Semilla Cruda,,317,11.34,65.28,1.43,7.43,7.4,,,INCMNSZ/CONABIO 2019 (fibra bruta),1904
Zacate De Mar Semilla Tostada,,342,12.47,70.16,1.61,4.63,5.17,,,INCMNSZ/CONABIO 2019 (fibra bruta),1905
Zanahoria,,51,0.37,12.34,0.31,0.88,85.2,,,INCMNSZ/CONABIO 2019 (fibra bruta),3066
Zanahoria Harina,,296,3.62,72.18,1.1,7.2,9.6,,,INCMNSZ/CONABIO 2019 (fibra bruta),3069
Zanahoria Jugo,,30,0.7,7.7,0,0,91.2,,,INCMNSZ/CONABIO 2019 (fibra bruta),3070
Zanahoria Puré,,109,5.7,15.3,2.8,0.1,73.5,,,INCMNSZ/CONABIO 2019 (fibra bruta),3071
Zapote Amarillo,,116,1.62,28.94,0.72,1.42,66.6,,,INCMNSZ/CONABIO 2019 (fibra bruta),1180
Zapote Amarillo  (Domingo),,40,0.75,10.3,0.04,0.71,88.1,,,INCMNSZ/CONABIO 2019 (fibra bruta),1181
Zapote Blanco,,70,1.75,16.11,0.7,2.54,78.3,,,INCMNSZ/CONABIO 2019 (fibra bruta),1183
Zapote Borracho,,142,1.31,36.25,0.81,1.03,59.7,,,INCMNSZ/CONABIO 2019 (fibra bruta),1184
Zapote Negro,,65,1.12,16.68,0.1,0.8,78.6,,,INCMNSZ/CONABIO 2019 (fibra bruta),1186
Zapote Negro,,51,0.75,13.28,0.06,1.01,84.2,,,INCMNSZ/CONABIO 2019 (fibra bruta),1187
Zapote Negro,,51,0.75,13.42,0.05,2.98,88.3,,,INCMNSZ/CONABIO 2019 (fibra bruta),1188
"Zarzamora Pulpa Con Azúcar, Congelada",,182,0.4,51,0.2,0.6,47.4,,,INCMNSZ/CONABIO 2019 (fibra bruta),1191
