name,brand,calories_per_100g,protein_per_100g,carbs_per_100g,fat_per_100g,fiber_per_100g,water_per_100g,portion_name,portion_grams,source,external_id
Abulón fresco,,105,17,6,0.75,0,0,,,SMAE 2014,SMAE2014:A_O_A_MUY_BAJOS_EN_GRASA:4
Aceite,,880,0,0,100,0,0,cucharadita,5,SMAE 2014,SMAE2014:ACEITES_Y_GRASAS:4
Aceite comestible,,880,0,0,100,0,0,cucharadita,5,SMAE 2014,SMAE2014:ACEITES_Y_GRASAS:5
Aceite de aguacate,,880,0,0,100,0,0,cucharadita,5,SMAE 2014,SMAE2014:ACEITES_Y_GRASAS:6
Aceite de ajonjolí,,880,0,0,100,0,0,cucharadita,5,SMAE 2014,SMAE2014:ACEITES_Y_GRASAS:7
Aceite de almendra,,880,0,0,100,0,0,cucharadita,5,SMAE 2014,SMAE2014:ACEITES_Y_GRASAS:9
Aceite de cacao,,880,0,0,100,0,0,cucharadita,5,SMAE 2014,SMAE2014:ACEITES_Y_GRASAS:11
Aceite de cachuate,,880,0,0,100,0,0,cucharadita,5,SMAE 2014,SMAE2014:ACEITES_Y_GRASAS:10
Aceite de canola,,880,0,0,100,0,0,cucharadita,5,SMAE 2014,SMAE2014:ACEITES_Y_GRASAS:12
Aceite de cártamo,,880,0,0,100,0,0,cucharadita,5,SMAE 2014,SMAE2014:ACEITES_Y_GRASAS:13
Aceite de coco,,860,0,0,100,0,0,cucharadita,5,SMAE 2014,SMAE2014:ACEITES_Y_GRASAS:14
Aceite de girasol,,880,0,0,100,0,0,cucharadita,5,SMAE 2014,SMAE2014:ACEITES_Y_GRASAS:15
Aceite de girasol 60% con ácido linoleico,,880,0,0,100,0,0,cucharadita,5,SMAE 2014,SMAE2014:ACEITES_Y_GRASAS:16
Aceite de girasol 70% con ácido aleico,,880,0,0,100,0,0,cucharadita,5,SMAE 2014,SMAE2014:ACEITES_Y_GRASAS:17
Aceite de hígado de bacalao,,900,0,0,100,0,0,cucharadita,5,SMAE 2014,SMAE2014:ACEITES_Y_GRASAS:18
Aceite de maíz,,880,0,0,100,0,0,cucharadita,5,SMAE 2014,SMAE2014:ACEITES_Y_GRASAS:19
Aceite de oliva,,880,0,0,100,0,0,cucharadita,5,SMAE 2014,SMAE2014:ACEITES_Y_GRASAS:20
Aceite de oliva extra virgen,,880,0,0,100,0,0,cucharadita,5,SMAE 2014,SMAE2014:ACEITES_Y_GRASAS:21
Aceite de olivo,,880,0,0,100,0,0,cucharadita,5,SMAE 2014,SMAE2014:ACEITES_Y_GRASAS:22
Aceite de palma,,880,0,0,100,0,0,cucharadita,5,SMAE 2014,SMAE2014:ACEITES_Y_GRASAS:23
Aceite de soya,,880,0,0,100,0,0,cucharadita,5,SMAE 2014,SMAE2014:ACEITES_Y_GRASAS:24
Aceite de soya y algodón,,880,0,0,100,0,0,cucharadita,5,SMAE 2014,SMAE2014:ACEITES_Y_GRASAS:25
Aceite en spray,,880,0,0,100,0,0,disp.de un segundo,1,SMAE 2014,SMAE2014:ACEITES_Y_GRASAS:26
Aceituna negra sin hueso,,184,1.2,3.2,20,0,0,pieza,5,SMAE 2014,SMAE2014:ACEITES_Y_GRASAS:27
Aceituna verde con hueso,,184,1.2,3.2,20.4,0,0,pieza,4.17,SMAE 2014,SMAE2014:ACEITES_Y_GRASAS:28
Aceituna verde sin hueso,,183.3333,1.25,3.3333,20,0,0,pieza,3,SMAE 2014,SMAE2014:ACEITES_Y_GRASAS:29
Aceitunas rellenas de anchoa,,184,2.4,3.2,18,0,0,pieza,5,SMAE 2014,SMAE2014:ACEITES_Y_GRASAS:30
Aceitunas rellenas de pimiento,,125.7143,0,7.4286,10,0,0,pieza,5,SMAE 2014,SMAE2014:ACEITES_Y_GRASAS:31
Acelga cruda,,22.449,2.2449,4.3878,0.102,3.6735,0,taza,49,SMAE 2014,SMAE2014:VERDURAS:4
Acelga picada cocida,,26.3889,2.6389,5.4167,0.1389,2.9167,0,taza,144,SMAE 2014,SMAE2014:VERDURAS:5
Achiote,,250,12.5,52.5,2.5,0,0,cucharada,16,SMAE 2014,SMAE2014:ALIMENTOS_LIBRES_EN_ENERGIA:4
Acociles,,105.7143,21.1429,2.5714,1.4286,0,0,,,SMAE 2014,SMAE2014:A_O_A_MUY_BAJOS_EN_GRASA:5
Activia natural,,90,3.7333,9.9333,3.9333,0,0,pieza,150,SMAE 2014,SMAE2014:LECHE_ENTERA:4
Activia natural bebible,,68,2.6,7.96,3.04,0,0,pieza,250,SMAE 2014,SMAE2014:LECHE_ENTERA:5
Activia natural sólido,,90,3.7333,9.9333,3.9333,0,0,pieza,150,SMAE 2014,SMAE2014:LECHE_ENTERA:6
Aderezo,,106.6667,0,4.6667,10,0,0,cucharada,15,SMAE 2014,SMAE2014:ACEITES_Y_GRASAS:32
Aderezo blue cheese,,475,5,7.5,48.75,0,0,cucharada,16,SMAE 2014,SMAE2014:ACEITES_Y_GRASAS:33
Aderezo blue cheese bajo en calorias,,143.3333,2.8333,17.3333,25,0,0,cucharada,15,SMAE 2014,SMAE2014:AZUCARES_CON_GRASA:4
Aderezo con queso y ajo,,412.5,0,2.5,47.5,0,0,cucharada,16,SMAE 2014,SMAE2014:ACEITES_Y_GRASAS:34
Aderezo cremoso,,475,5,7.5,48.75,0,0,cucharada,16,SMAE 2014,SMAE2014:ACEITES_Y_GRASAS:35
Aderezo de ciruela pasas,,487.5,1.25,13.75,48.75,0,0,cucharada,16,SMAE 2014,SMAE2014:ACEITES_Y_GRASAS:36
Aderezo de hierbas finas,,387.5,1.25,10,40,0,0,cucharada,16,SMAE 2014,SMAE2014:ACEITES_Y_GRASAS:37
Aderezo de mayonesa,,728.5714,1.4286,4.2857,77.1429,0,0,cucharada,14,SMAE 2014,SMAE2014:ACEITES_Y_GRASAS:38
Aderezo de miel,,109.375,3.9063,16.7188,3.75,0,0,cucharada,16,SMAE 2014,SMAE2014:AZUCARES_CON_GRASA:5
Aderezo de miel y mostaza,,450,0,12.5,45,0,0,cucharada,16,SMAE 2014,SMAE2014:ACEITES_Y_GRASAS:39
Aderezo de miel y mostaza bajo calorias,,142.2222,2.8889,31.3333,4,0,0,cucharada,15,SMAE 2014,SMAE2014:AZUCARES_CON_GRASA:6
Aderezo francés,,400,0,16.25,38.75,0,0,cucharada,16,SMAE 2014,SMAE2014:ACEITES_Y_GRASAS:40
Aderezo fránces bajo en calorías,,131.6667,0,21.8333,5.6667,0,0,cucharada,15,SMAE 2014,SMAE2014:AZUCARES_CON_GRASA:7
Aderezo italiano,,437.5,1.25,10,45,0,0,cucharada,16,SMAE 2014,SMAE2014:ACEITES_Y_GRASAS:41
Aderezo italiano bajo en calorías,,106.6667,0,4.6667,10,0,0,cucharada,15,SMAE 2014,SMAE2014:ACEITES_Y_GRASAS:42
Aderezo italiano cremoso,,350,0,10,35,0,0,cucharada,16,SMAE 2014,SMAE2014:ACEITES_Y_GRASAS:43
Aderezo italiano cremoso bajo en calorías,,66.6667,3.3333,10,3.6667,0,0,cucharada,15,SMAE 2014,SMAE2014:ACEITES_Y_GRASAS:44
Aderezo jalapeño,,412.5,1.25,8.75,42.5,0,0,cucharada,16,SMAE 2014,SMAE2014:ACEITES_Y_GRASAS:45
Aderezo mil islas,,350,0,13.75,33.75,0,0,cucharada,16,SMAE 2014,SMAE2014:ACEITES_Y_GRASAS:46
Aderezo mil islas bajo en calorías,,160,0.6667,16,10.6667,0,0,cucharada,15,SMAE 2014,SMAE2014:AZUCARES_CON_GRASA:8
Aderezo ranch,,550,0,6.25,58.75,0,0,cucharada,16,SMAE 2014,SMAE2014:ACEITES_Y_GRASAS:47
Aderezo ranch bajo en calorías,,142.2222,2.8889,31.3333,6.2222,0,0,cucharada,15,SMAE 2014,SMAE2014:AZUCARES_CON_GRASA:9
Aderezo roquefort,,475,5,7.5,48.75,0,0,cucharada,16,SMAE 2014,SMAE2014:ACEITES_Y_GRASAS:48
Aderezo ruso,,462.5,1.25,10,47.5,0,0,cucharada,16,SMAE 2014,SMAE2014:ACEITES_Y_GRASAS:49
Aderezo ruso bajo en calorías,,144.4444,0.6667,27.5556,3.7778,0,0,cucharada,15,SMAE 2014,SMAE2014:AZUCARES_CON_GRASA:10
Aderezo tipo blue cheese,,475,5,7.5,48.75,0,0,cucharada,16,SMAE 2014,SMAE2014:ACEITES_Y_GRASAS:50
Aderezo tipo cesar,,412.5,3.75,6.25,41.25,0,0,cucharada,16,SMAE 2014,SMAE2014:ACEITES_Y_GRASAS:51
Aderezo tipo cesar bajo en calorías,,193.3333,3.3333,6.4444,16.2222,0,0,cucharada,15,SMAE 2014,SMAE2014:AZUCARES_CON_GRASA:11
Aderezo tipo francés,,400,0,16.25,38.75,0,0,cucharada,16,SMAE 2014,SMAE2014:ACEITES_Y_GRASAS:52
Aderezo tipo mil islas,,350,0,13.75,33.75,0,0,cucharada,16,SMAE 2014,SMAE2014:ACEITES_Y_GRASAS:53
Aderezo tipo ranch,,550,0,6.25,58.75,0,0,cucharada,16,SMAE 2014,SMAE2014:ACEITES_Y_GRASAS:54
Aderezo vinagreta casera,,450,0,3,50,0,0,cucharada,5,SMAE 2014,SMAE2014:ACEITES_Y_GRASAS:55
Aderezo vinagreta comercial,,205,0,13.5,16.5,0,0,cucharadita,5,SMAE 2014,SMAE2014:ACEITES_Y_GRASAS:56
Aderezos para ensalada bajos en calorías y grasa,,47.0588,0,9.4118,0,0,0,taza,255,SMAE 2014,SMAE2014:AZUCARES_SIN_GRASA:4
Agua,,0.8333,0,0,0,0,0,taza,240,SMAE 2014,SMAE2014:ALIMENTOS_LIBRES_EN_ENERGIA:5
Agua de coco,,18.0556,0.3056,4.6944,0.1944,0,0,taza,240,SMAE 2014,SMAE2014:FRUTAS:4
Agua mineral,,1.1268,0,0,0,0,0,lata,355,SMAE 2014,SMAE2014:ALIMENTOS_LIBRES_EN_ENERGIA:6
Agua quina,,35.8974,0,9.4872,0,0,0,lata,351,SMAE 2014,SMAE2014:AZUCARES_SIN_GRASA:5
Aguacate California,,93.1034,1.2069,3.6207,9.1379,0,0,cucharadita,174,SMAE 2014,SMAE2014:ACEITES_Y_GRASAS:57
Aguacate de pellejo,,64.7059,0.7353,2.9412,6.6176,0,0,pieza,45.33,SMAE 2014,SMAE2014:ACEITES_Y_GRASAS:58
Aguacate florida,,59.4059,0.7921,4.7525,4.7525,0,0,pieza,303,SMAE 2014,SMAE2014:ACEITES_Y_GRASAS:59
Aguacate hass,,93.1034,1.2069,3.6207,9.1379,0,0,pieza,174,SMAE 2014,SMAE2014:ACEITES_Y_GRASAS:60
Aguacate madiano,,75.8621,0.8621,3.9655,7.069,0,0,pieza,174,SMAE 2014,SMAE2014:ACEITES_Y_GRASAS:61
Aguacate verde,,95.8333,1.0417,3.125,9.5833,0,0,pieza,96,SMAE 2014,SMAE2014:ACEITES_Y_GRASAS:62
Aguardiente,,280,0,0,0,0,0,ml,1,SMAE 2014,SMAE2014:BEBIDAS_ALCOHOLICAS:4
Aguayón,,140,21,0,6.3333,0,0,,,SMAE 2014,SMAE2014:A_O_A_MUY_BAJOS_EN_GRASA:6
Aguayón de res,,140,21.3333,0,6.3333,0,0,,,SMAE 2014,SMAE2014:A_O_A_MUY_BAJOS_EN_GRASA:7
Aguja de res,,154.5455,20.6061,0,7.8788,0,0,,,SMAE 2014,SMAE2014:A_O_A_BAJO_EN_GRASA:4
Ahuahutle seco,,390,78,2,4,0,0,,,SMAE 2014,SMAE2014:A_O_A_MUY_BAJOS_EN_GRASA:8
Ajo en polvo,,250,15,55,0,0,0,cucharadita,4,SMAE 2014,SMAE2014:ALIMENTOS_LIBRES_EN_ENERGIA:7
Ajonjoli,,610,27,10,57,0,0,cucharadita,2.5,SMAE 2014,SMAE2014:ACEITES_Y_GRASAS_CON_PROTEINAS:107
Ajonjoli,,610,27,10,57,0,0,cucharadita,2.5,SMAE 2014,SMAE2014:ACEITES_Y_GRASAS_CON_PROTEINAS:4
Ajonjoli tostado,,576.9231,16.9231,26.1538,48.4615,0,0,cucharada,2.6,SMAE 2014,SMAE2014:ACEITES_Y_GRASAS_CON_PROTEINAS:108
Ajonjoli tostado,,576.9231,16.9231,26.1538,48.4615,0,0,cucharada,2.6,SMAE 2014,SMAE2014:ACEITES_Y_GRASAS_CON_PROTEINAS:5
Albahaca deshidratada,,250,10,45,0,0,0,cucharadita,1.33,SMAE 2014,SMAE2014:ALIMENTOS_LIBRES_EN_ENERGIA:8
Albahaca molida,,250,10,45,0,0,0,cucharadita,1.33,SMAE 2014,SMAE2014:ALIMENTOS_LIBRES_EN_ENERGIA:9
Albaricoque en almibar,,83.0769,0.6154,21.2308,0.1538,2.7692,0,taza,260,SMAE 2014,SMAE2014:FRUTAS:5
Albaricoque en mitades enlatados en agua,,26.8722,0.7048,6.3877,0.1762,1.5859,0,taza,227,SMAE 2014,SMAE2014:FRUTAS:7
Albaricoque en mitades enlatados en jugo,,48.3607,0.6557,12.377,0.082,1.6393,0,taza,244,SMAE 2014,SMAE2014:FRUTAS:6
Alcachofa mediana cocida,,52.0833,2.9167,11.875,0.4167,8.5417,0,pieza,48,SMAE 2014,SMAE2014:VERDURAS:6
Alcaparras,,23.5294,2.3529,4.7059,0.5882,0,0,cucharada,8.5,SMAE 2014,SMAE2014:ALIMENTOS_LIBRES_EN_ENERGIA:10
Alcaravea,,400,20,50,20,0,0,cucharadita,2,SMAE 2014,SMAE2014:ALIMENTOS_LIBRES_EN_ENERGIA:11
Alce crudo,,102.8571,20,0,0.8571,0,0,,,SMAE 2014,SMAE2014:A_O_A_MUY_BAJOS_EN_GRASA:9
Alcohol con fruta,,55,0,7.9167,1.3333,0,0,vaso,300,SMAE 2014,SMAE2014:PLATILLOS_BEBIDAS:50
Alcohol con leche,,61.6667,0,5.3333,0,0,0,vaso,300,SMAE 2014,SMAE2014:PLATILLOS_BEBIDAS:47
Alcohól con refresco,,63.3333,0,10,0,0,0,vaso,300,SMAE 2014,SMAE2014:PLATILLOS_BEBIDAS:40
Alcohol con verdura,,31.6667,0,1.3333,0,0,0,vaso,300,SMAE 2014,SMAE2014:PLATILLOS_BEBIDAS:44
Alegría natural,,352.381,12.8571,64.2857,7.1429,6.6667,0,cucharadita,4.2,SMAE 2014,SMAE2014:CEREALES_SIN_GRASA:4
Alegría tostada,,393.75,13.75,73.125,8.125,10,0,cucharadita,4,SMAE 2014,SMAE2014:CEREALES_SIN_GRASA:5
Alemndra ahumada,,591.6667,21.6667,17.5,53.3333,0,0,pieza,1.2,SMAE 2014,SMAE2014:ACEITES_Y_GRASAS_CON_PROTEINAS:111
Alemndra ahumada,,591.6667,21.6667,17.5,53.3333,0,0,pieza,1.2,SMAE 2014,SMAE2014:ACEITES_Y_GRASAS_CON_PROTEINAS:8
ALF* para beber fresa con Lactobacillus casei Shirota,,86.0465,2.8837,15.0233,1.4884,0,0,envase,215,SMAE 2014,SMAE2014:LECHE_CON_AZUCAR:4
ALF* para beber mango con Lactobacillus casei Shirota,,72.093,2.8837,14.6047,0.186,0,0,envase,215,SMAE 2014,SMAE2014:LECHE_CON_AZUCAR:5
ALF* para beber natural con Lactobacillus casei Shirota,,66.1972,2.8169,12.3944,0.6103,0,0,envase,213,SMAE 2014,SMAE2014:LECHE_CON_AZUCAR:6
ALF** fresa con lactobacillus casei Shirota,,60.3774,4.0252,10.7547,0.1887,0,0,envase,106,SMAE 2014,SMAE2014:LECHE_DESCREMADA:4
ALF** mango con lactobacillus casei Shirota,,60.3774,4.0252,10.6289,0.1887,0,0,envase,106,SMAE 2014,SMAE2014:LECHE_DESCREMADA:5
ALF** manzana con lactobacillus casei Shirota,,56.6038,4.0252,9.6855,0.1887,0,0,envase,106,SMAE 2014,SMAE2014:LECHE_DESCREMADA:6
ALF** natural con Lactobacillus casei Shirota,,68.5714,3.619,8.5714,2.1587,0,0,envase,105,SMAE 2014,SMAE2014:LECHE_SEMIDESCREMADA:4
Alfonso 13,,61.6667,0,5.3333,1.3333,0,0,vaso,300,SMAE 2014,SMAE2014:PLATILLOS_BEBIDAS:48
Alimento lácteo fermentado con Actiregularis sabor Ciruela Pasa (bebible),,84.4,2.32,12.68,2.72,0,0,pieza,250,SMAE 2014,SMAE2014:LECHE_CON_AZUCAR:7
Alimento lácteo fermentado con Actiregularis sabor Ciruela Pasa (sólido),,103,3.1,15.45,3.2,0,0,pieza,150,SMAE 2014,SMAE2014:LECHE_CON_AZUCAR:8
Alimento lácteo fermentado con Actiregularis sabor fresa (bebible),,84.4,2.32,12.8,2.72,0,0,pieza,250,SMAE 2014,SMAE2014:LECHE_CON_AZUCAR:9
Alimento lácteo fermentado con Actiregularis sabor fresa (sólido),,94,3.5,12.75,3.2,0,0,pieza,150,SMAE 2014,SMAE2014:LECHE_CON_AZUCAR:10
Alimento lácteo fermentado sabor fresa (Lactobacillus casei y Streptococcus thermophilus),,87.037,3.6111,13.7037,2.037,0,0,pieza,108,SMAE 2014,SMAE2014:LECHE_CON_AZUCAR:11
Alimento lácteo fermentado sabor manzana (Lactobacillus casei y Streptococcus thermophilus),,74.537,3.7963,14.4444,0.1852,0,0,pieza,108,SMAE 2014,SMAE2014:LECHE_CON_AZUCAR:12
Alimento lácteo fermentado sabor natural (Lactobacillus casei y Streptococcus thermophilus),,74.537,3.9815,14.3519,0.1852,0,0,pieza,108,SMAE 2014,SMAE2014:LECHE_CON_AZUCAR:13
Almeja chirla,,82,14.8,1.4,0.8,0,0,,,SMAE 2014,SMAE2014:A_O_A_MUY_BAJOS_EN_GRASA:10
Almeja cruda mediana sin concha,,74.1379,12.7586,2.5862,1.0345,0,0,pieza,14.5,SMAE 2014,SMAE2014:A_O_A_MUY_BAJOS_EN_GRASA:11
Almeja fresca sin concha,,74.1379,12.7586,2.5862,1.0345,0,0,pieza,14.5,SMAE 2014,SMAE2014:A_O_A_MUY_BAJOS_EN_GRASA:12
Almendra,,550,22.5,4.1667,55,0,0,pieza,1.2,SMAE 2014,SMAE2014:ACEITES_Y_GRASAS_CON_PROTEINAS:109
Almendra,,550,22.5,4.1667,55,0,0,pieza,1.2,SMAE 2014,SMAE2014:ACEITES_Y_GRASAS_CON_PROTEINAS:6
Almendra acaramelada,,600,18.3333,28.3333,50,0,0,pieza,2,SMAE 2014,SMAE2014:ACEITES_Y_GRASAS_CON_PROTEINAS:110
Almendra acaramelada,,600,18.3333,28.3333,50,0,0,pieza,2,SMAE 2014,SMAE2014:ACEITES_Y_GRASAS_CON_PROTEINAS:7
Almendra con chocolate,,513.3333,9.3333,44,37.3333,0,0,,,SMAE 2014,SMAE2014:AZUCARES_CON_GRASA:12
Almendra deshidratada,,591.6667,20,20,52.5,0,0,pieza,1.2,SMAE 2014,SMAE2014:ACEITES_Y_GRASAS_CON_PROTEINAS:112
Almendra deshidratada,,591.6667,20,20,52.5,0,0,pieza,1.2,SMAE 2014,SMAE2014:ACEITES_Y_GRASAS_CON_PROTEINAS:9
Almendra fileteada,,600,20.8333,18.3333,54.1667,0,0,cucharada,6,SMAE 2014,SMAE2014:ACEITES_Y_GRASAS_CON_PROTEINAS:10
Almendra fileteada,,600,20.8333,18.3333,54.1667,0,0,cucharada,6,SMAE 2014,SMAE2014:ACEITES_Y_GRASAS_CON_PROTEINAS:113
Almendra picada,,620,21,18,52,0,0,cucharadita,2.5,SMAE 2014,SMAE2014:ACEITES_Y_GRASAS_CON_PROTEINAS:11
Almendra picada,,620,21,18,52,0,0,cucharadita,2.5,SMAE 2014,SMAE2014:ACEITES_Y_GRASAS_CON_PROTEINAS:114
Almendra tostada,,591.6667,16.6667,25,52.5,0,0,cucharada,1.2,SMAE 2014,SMAE2014:ACEITES_Y_GRASAS_CON_PROTEINAS:115
Almendra tostada,,591.6667,16.6667,25,52.5,0,0,cucharada,1.2,SMAE 2014,SMAE2014:ACEITES_Y_GRASAS_CON_PROTEINAS:12
Alón de pollo con piel cocido,,229.4118,22.7451,0,16.8627,0,0,pieza,51,SMAE 2014,SMAE2014:A_O_A_ALTO_EN_GRASA:4
Alón de pollo con piel crudo,,223.5294,18.4314,0,16.0784,0,0,pieza,51,SMAE 2014,SMAE2014:A_O_A_ALTO_EN_GRASA:5
Alón de pollo sin piel,,127.5862,22.069,0,3.4483,0,0,pieza,29,SMAE 2014,SMAE2014:A_O_A_MUY_BAJOS_EN_GRASA:13
Alubia cocida (chica o grande),,137.7778,9.6667,25,0.3333,6.2222,0,taza,180,SMAE 2014,SMAE2014:LEGUMINOSAS:4
Alubia cruda (chica o grande),,334.2857,23.1429,60.2857,0.8571,15.1429,0,,,SMAE 2014,SMAE2014:LEGUMINOSAS:5
Alubia enlatada guisada,,115.1163,7.3256,21.2791,0.3488,4.8837,0,taza,258,SMAE 2014,SMAE2014:LEGUMINOSAS:6
Alubia germinada,,33.1579,4.7895,4.6842,0.5789,0,0,taza,190,SMAE 2014,SMAE2014:LEGUMINOSAS:7
Alverjón o chicharo seco cocido,,118.3673,8.3673,21.1224,0.4082,0,0,taza,196,SMAE 2014,SMAE2014:LEGUMINOSAS:9
Alverjón o chicharo seco crudo,,340,24.5714,60.2857,1.1429,0,0,,,SMAE 2014,SMAE2014:LEGUMINOSAS:8
Amaranto cocido,,21.2121,2.1212,4.0909,0.1515,0,0,taza,132,SMAE 2014,SMAE2014:CEREALES_SIN_GRASA:6
Amaranto tostado,,393.75,13.75,72.5,8.125,10,0,taza,64,SMAE 2014,SMAE2014:CEREALES_SIN_GRASA:7
Anchoa con aceite,,208.3333,29.1667,0,10.8333,0,0,pieza,4,SMAE 2014,SMAE2014:A_O_A_BAJO_EN_GRASA:5
Anchoa fresca,,130,20.3333,0,4.6667,0,0,,,SMAE 2014,SMAE2014:A_O_A_MUY_BAJOS_EN_GRASA:14
Anillos de calamar,,89.4737,15.5263,3.1579,1.3158,0,0,taza,152,SMAE 2014,SMAE2014:A_O_A_MUY_BAJOS_EN_GRASA:15
Anillos de trigo azucarados de colores,,393.75,6.25,83.75,3.75,1.25,0,taza,32,SMAE 2014,SMAE2014:CEREALES_SIN_GRASA:8
Anís,,400,20,50,20,0,0,cucharadita,2,SMAE 2014,SMAE2014:ALIMENTOS_LIBRES_EN_ENERGIA:12
Anís dulce seco,,267.2727,0,1.0909,0,0,0,ml,1,SMAE 2014,SMAE2014:BEBIDAS_ALCOHOLICAS:5
Anona,,100,1.6949,24.9153,0.678,3.3898,0,,,SMAE 2014,SMAE2014:FRUTAS:8
Añejo tipo cotija,,291.6667,28.3333,1.25,33.3333,0,0,cucharada,12,SMAE 2014,SMAE2014:A_O_A_ALTO_EN_GRASA:6
Apio cocido,,17.6991,0.7965,3.9823,0.177,1.5929,0,taza,150.67,SMAE 2014,SMAE2014:VERDURAS:7
Apio crudo,,16.2963,0.6667,2.963,0.1481,1.8519,0,taza,90,SMAE 2014,SMAE2014:VERDURAS:8
Arándano fresco,,46.2585,0.4082,12.1769,0.1361,4.6259,0,taza,98,SMAE 2014,SMAE2014:FRUTAS:9
Arenque cocido,,204,23.2,0,11.6,0,0,,,SMAE 2014,SMAE2014:A_O_A_BAJO_EN_GRASA:6
Arenque fresco crudo,,157.1429,18,0,9.1429,0,0,,,SMAE 2014,SMAE2014:A_O_A_BAJO_EN_GRASA:7
Arenque marinado,,158.6957,18.0435,0,9.1304,0,0,filete,184,SMAE 2014,SMAE2014:A_O_A_MODERADOS_EN_GRASA:4
Armadillo,,166.6667,29.0476,0,5.2381,0,0,,,SMAE 2014,SMAE2014:A_O_A_MUY_BAJOS_EN_GRASA:16
Arrachera cruda,,140,21.4286,0,5.4286,0,0,,,SMAE 2014,SMAE2014:A_O_A_BAJO_EN_GRASA:8
Arrachera de avestruz,,90,20.5,0,1,0,0,,,SMAE 2014,SMAE2014:A_O_A_MUY_BAJOS_EN_GRASA:17
Arrachera de res cruda,,186.6667,28,0,7.3333,0,0,,,SMAE 2014,SMAE2014:A_O_A_BAJO_EN_GRASA:9
Arroz a la jardinera,,89.7436,0,16.4103,1.2821,0,0,taza,195,SMAE 2014,SMAE2014:PLATILLOS_SOPAS:46
Arroz a la mexicana,,89.7436,0,16.4103,1.2821,0,0,taza,195,SMAE 2014,SMAE2014:PLATILLOS_SOPAS:47
Arroz blanco con plátano frito,,98.8095,0,14.2857,3.5714,0,0,taza,210,SMAE 2014,SMAE2014:PLATILLOS_SOPAS:62
Arroz cocido,,127.6596,2.3404,28.2979,0.2128,0.2128,0,taza,188,SMAE 2014,SMAE2014:CEREALES_SIN_GRASA:9
Arroz con pollo al horno,,134.5238,0,14.2857,5.9524,0,0,taza,210,SMAE 2014,SMAE2014:PLATILLOS_SOPAS:54
Arroz crudo,,360,6.5,79.5,0.5,0,0,,,SMAE 2014,SMAE2014:CEREALES_SIN_GRASA:10
Arroz inflado con cocoa,,376.4706,5.2941,86.4706,1.1765,0.5882,0,taza,34,SMAE 2014,SMAE2014:CEREALES_SIN_GRASA:11
Arroz inflado natural,,382.3529,6.4706,85.8824,0.5882,2.9412,0,taza,34,SMAE 2014,SMAE2014:CEREALES_SIN_GRASA:12
Arroz integral cocido,,112.3077,2.3077,23.5385,0.7692,1.8462,0,taza,195,SMAE 2014,SMAE2014:CEREALES_SIN_GRASA:13
Arroz integral crudo,,360,2.5,76,2.5,3.5,0,,,SMAE 2014,SMAE2014:CEREALES_SIN_GRASA:14
Arroz precocido cocido,,123.0769,2.8846,26.1538,0.3846,0.9615,0,taza,156,SMAE 2014,SMAE2014:CEREALES_SIN_GRASA:15
Arroz precocido crudo,,375,8,80.5,1,2,0,,,SMAE 2014,SMAE2014:CEREALES_SIN_GRASA:16
Arroz pulido crudo,,360,6.5,79.5,0.5,0,0,,,SMAE 2014,SMAE2014:CEREALES_SIN_GRASA:17
Arroz rojo,,86.5385,0,15.8974,1.2821,0,0,taza,195,SMAE 2014,SMAE2014:PLATILLOS_SOPAS:42
Arroz salvaje cocido,,101.8519,3.8889,21.4815,0.3704,1.8519,0,taza,162,SMAE 2014,SMAE2014:CEREALES_SIN_GRASA:18
Arroz salvaje crudo,,355,14.5,75,1,6,0,,,SMAE 2014,SMAE2014:CEREALES_SIN_GRASA:19
Arroz y pasta,,86.5385,0,15.8974,1.2821,0,0,taza,195,SMAE 2014,SMAE2014:PLATILLOS_SOPAS:41
Arroz y pasta con carne y salsa cremosa,,134.5238,0,14.2857,5.9524,0,0,taza,210,SMAE 2014,SMAE2014:PLATILLOS_SOPAS:53
"Arroz, pasta, papas con salsa cremosa o fritos",,98.8095,0,14.2857,3.5714,0,0,taza,210,SMAE 2014,SMAE2014:PLATILLOS_SOPAS:57
"Arroz, pastas, torillas con verduras",,89.7436,0,16.4103,1.2821,0,0,taza,195,SMAE 2014,SMAE2014:PLATILLOS_SOPAS:45
Arúgula,,25,2.5,3.3333,0.8333,0,0,taza,12,SMAE 2014,SMAE2014:ALIMENTOS_LIBRES_EN_ENERGIA:13
"Arúgula, cruda",,25,2.625,3.625,0.625,4.375,0,taza,20,SMAE 2014,SMAE2014:VERDURAS:9
Aspartame,,0,0,0,0,0,0,sobre,1,SMAE 2014,SMAE2014:ALIMENTOS_LIBRES_EN_ENERGIA:14
Ate,,315.3846,3.0769,75.3846,0.7692,0,0,,,SMAE 2014,SMAE2014:AZUCARES_SIN_GRASA:6
Ate de guayaba,,315.3846,3.0769,75.3846,0.7692,0,0,,,SMAE 2014,SMAE2014:AZUCARES_SIN_GRASA:7
Ate de membrillo,,315.3846,3.0769,75.3846,0.7692,0,0,,,SMAE 2014,SMAE2014:AZUCARES_SIN_GRASA:8
Atole en polvo,,377.7778,0,91.1111,0,0,0,cucharadita,2.57,SMAE 2014,SMAE2014:CEREALES_SIN_GRASA:20
Atole en sobre,,362.5,0,87.5,0,0,0,sobre,48,SMAE 2014,SMAE2014:CEREALES_SIN_GRASA:21
Atole vitaminado,,368.75,0,88.125,0,0,0,sobre,48,SMAE 2014,SMAE2014:CEREALES_SIN_GRASA:22
Atún blanco en aceite,,186.6667,26.6667,0,8,0,0,,,SMAE 2014,SMAE2014:A_O_A_BAJO_EN_GRASA:10
Atún blanco en agua (drenado),,130.303,23.9394,0,3.0303,0,0,lata,99,SMAE 2014,SMAE2014:A_O_A_MUY_BAJOS_EN_GRASA:18
Atún en aceite drenado,,200,29.3939,0,8.1818,0,0,lata,99,SMAE 2014,SMAE2014:A_O_A_BAJO_EN_GRASA:11
Atún en agua drenado,,118.1818,25.7576,0,0.9091,0,0,lata,99,SMAE 2014,SMAE2014:A_O_A_MUY_BAJOS_EN_GRASA:19
Atún fresco,,143.3333,23.3333,0,5,0,0,,,SMAE 2014,SMAE2014:A_O_A_MUY_BAJOS_EN_GRASA:20
Atún horneado,,185,30,0,6.5,0,0,,,SMAE 2014,SMAE2014:A_O_A_MUY_BAJOS_EN_GRASA:21
Atún lihgt (drenado),,118.1818,25.7576,0,0.9091,0,0,lata,99,SMAE 2014,SMAE2014:A_O_A_MUY_BAJOS_EN_GRASA:22
Avellana,,553.8462,19.2308,17.6923,50,0,0,pieza,1.44,SMAE 2014,SMAE2014:ACEITES_Y_GRASAS_CON_PROTEINAS:116
Avellana,,553.8462,19.2308,17.6923,50,0,0,pieza,1.44,SMAE 2014,SMAE2014:ACEITES_Y_GRASAS_CON_PROTEINAS:13
Avellana picada,,591.6667,20,19.1667,53.3333,0,0,cucharadita,2.4,SMAE 2014,SMAE2014:ACEITES_Y_GRASAS_CON_PROTEINAS:117
Avellana picada,,591.6667,20,19.1667,53.3333,0,0,cucharadita,2.4,SMAE 2014,SMAE2014:ACEITES_Y_GRASAS_CON_PROTEINAS:14
Avellana salada,,654.5455,16.3636,14.5455,64.5455,0,0,pieza,1.38,SMAE 2014,SMAE2014:ACEITES_Y_GRASAS_CON_PROTEINAS:118
Avellana salada,,654.5455,16.3636,14.5455,64.5455,0,0,pieza,1.38,SMAE 2014,SMAE2014:ACEITES_Y_GRASAS_CON_PROTEINAS:15
Avellana tostada,,681.8182,10,18.1818,68.1818,0,0,pieza,1.38,SMAE 2014,SMAE2014:ACEITES_Y_GRASAS_CON_PROTEINAS:119
Avellana tostada,,681.8182,10,18.1818,68.1818,0,0,pieza,1.38,SMAE 2014,SMAE2014:ACEITES_Y_GRASAS_CON_PROTEINAS:16
Avena cocida,,40.2439,3.1707,11.4634,0.7927,2.622,0,taza,218.67,SMAE 2014,SMAE2014:CEREALES_SIN_GRASA:23
Avena con canela y especias,,373.3333,8.6667,78,4.6667,6.6667,0,sobre,45,SMAE 2014,SMAE2014:CEREALES_SIN_GRASA:24
Avena con manzana y canela,,378.5714,8.5714,77.8571,5,6.4286,0,sobre,42,SMAE 2014,SMAE2014:CEREALES_SIN_GRASA:25
Avena con pasitas y especias,,378.5714,8.5714,77.8571,5,6.4286,0,sobre,42,SMAE 2014,SMAE2014:CEREALES_SIN_GRASA:26
Avena en hojuelas,,365,16,67,6.5,10,0,taza,40,SMAE 2014,SMAE2014:CEREALES_SIN_GRASA:27
Avena instantánea PLUS varios sabores,,378.5714,9.2857,70,7.1429,8.5714,0,sobre,42,SMAE 2014,SMAE2014:CEREALES_SIN_GRASA:28
Avena instantánea preparada,,68.8312,2.3377,11.6883,1.4286,1.6883,0,taza,231,SMAE 2014,SMAE2014:CEREALES_SIN_GRASA:29
Avena instantánea varios sabores,,364.2857,7.1429,67.1429,7.1429,5.7143,0,sobre,42,SMAE 2014,SMAE2014:CEREALES_SIN_GRASA:30
Avena integral,,250,17.6923,67.3077,7.3077,15.7692,0,taza,78,SMAE 2014,SMAE2014:CEREALES_SIN_GRASA:31
"Avena integral con pasitas, instantánea preparada",,350,7.7273,74.5455,4.0909,5.9091,0,sobre,44,SMAE 2014,SMAE2014:CEREALES_SIN_GRASA:32
Avena Quaker Old fashion,,340,14,59,5.5,9.5,0,pieza,40,SMAE 2014,SMAE2014:CEREALES_SIN_GRASA:33
Azafrán,,300,10,70,10,0,0,cucharadita,1,SMAE 2014,SMAE2014:ALIMENTOS_LIBRES_EN_ENERGIA:15
Azúcar glass,,390,0,100,0,0,0,cucharadita,2.5,SMAE 2014,SMAE2014:AZUCARES_SIN_GRASA:11
Azúcar mascabado,,360,0,91,0,0,0,cucharadita,5,SMAE 2014,SMAE2014:AZUCARES_SIN_GRASA:13
Azúcar morena,,377.7778,0,97.7778,0,0,0,cucharadita,3,SMAE 2014,SMAE2014:AZUCARES_SIN_GRASA:14
Bacalao enlatado,,105.7143,22.8571,0,0.8571,0,0,,,SMAE 2014,SMAE2014:A_O_A_MUY_BAJOS_EN_GRASA:23
Bacalao fresco,,82.2222,17.7778,0,0.6667,0,0,,,SMAE 2014,SMAE2014:A_O_A_MUY_BAJOS_EN_GRASA:24
Bacalao noruego,,293.3333,62.6667,0,2.6667,0,0,,,SMAE 2014,SMAE2014:A_O_A_MUY_BAJOS_EN_GRASA:25
Bacalao seco,,293.3333,62.6667,0,2.6667,0,0,,,SMAE 2014,SMAE2014:A_O_A_MUY_BAJOS_EN_GRASA:26
Bagel,,270.8333,10.4167,52.5,1.6667,2.0833,0,pieza,72,SMAE 2014,SMAE2014:CEREALES_SIN_GRASA:34
Bagel de ajo,,279.1667,10.4167,53.75,1.6667,2.5,0,pieza,72,SMAE 2014,SMAE2014:CEREALES_SIN_GRASA:35
Bagel de ajonjolí,,308.3333,11.25,53.75,2.9167,2.5,0,pieza,72,SMAE 2014,SMAE2014:CEREALES_SIN_GRASA:36
Bagel de avena,,250,10.4167,52.5,1.25,3.75,0,pieza,72,SMAE 2014,SMAE2014:CEREALES_SIN_GRASA:37
Bagel de canela y pasas,,270.8333,9.5833,54.5833,1.6667,2.0833,0,pieza,72,SMAE 2014,SMAE2014:CEREALES_SIN_GRASA:38
Bagel de cebolla,,308.3333,11.25,53.75,2.9167,2.5,0,pieza,72,SMAE 2014,SMAE2014:CEREALES_SIN_GRASA:39
Bagel integral,,250,10.4167,52.5,1.25,3.75,0,pieza,72,SMAE 2014,SMAE2014:CEREALES_SIN_GRASA:40
Bagre,,95,17.5,0,2.75,0,0,,,SMAE 2014,SMAE2014:A_O_A_MUY_BAJOS_EN_GRASA:27
Bagre fileteado,,95,17.5,0,2.75,0,0,,,SMAE 2014,SMAE2014:A_O_A_MUY_BAJOS_EN_GRASA:28
Baguette,,266.6667,8.1481,49.6296,3.7037,2.2222,0,pieza,189,SMAE 2014,SMAE2014:CEREALES_SIN_GRASA:41
Barbacoa,,135,19,0,6,0,0,,,SMAE 2014,SMAE2014:A_O_A_BAJO_EN_GRASA:12
Barbacoa con hueso,,134.2105,18.9474,0,6.0526,0,0,,,SMAE 2014,SMAE2014:A_O_A_BAJO_EN_GRASA:13
Barquillo,,426.6667,7.3333,80,7.3333,2.6667,0,pieza,10,SMAE 2014,SMAE2014:CEREALES_SIN_GRASA:42
Barra Chewy para niños varios sabores,,413.0435,6.9565,73.913,10,6.5217,0,paquete,23,SMAE 2014,SMAE2014:CEREALES_CON_GRASA:9
Barra de fruta con Avena fresa,,400,5.3333,59,16,6.3333,0,,,SMAE 2014,SMAE2014:CEREALES_CON_GRASA:5
Barra de granola,,480.9524,10.4762,65.2381,20,5.2381,0,pieza,28,SMAE 2014,SMAE2014:CEREALES_CON_GRASA:6
Barra multigrano linaza,,495,9.5,60,24,7,0,,,SMAE 2014,SMAE2014:CEREALES_CON_GRASA:7
Barra Special K varios sabores,,375,8.3333,79.1667,4.1667,0,0,pieza,24,SMAE 2014,SMAE2014:CEREALES_SIN_GRASA:43
Barra Stila varios sabores,,357.8947,8.4211,65.2632,6.8421,7.8947,0,pieza,25.33,SMAE 2014,SMAE2014:CEREALES_SIN_GRASA:44
Barra zucaritas,,428.5714,4.7619,76.1905,9.5238,2.381,0,barra,21,SMAE 2014,SMAE2014:CEREALES_CON_GRASA:8
Barrita de avena,,400,5.7143,79.2857,7.8571,3.5714,0,pieza,28,SMAE 2014,SMAE2014:CEREALES_SIN_GRASA:45
Barrita de fresa,,461.9048,5.2381,68.5714,18.5714,1.4286,0,pieza,63,SMAE 2014,SMAE2014:CEREALES_CON_GRASA:14
Barrita de granola con cacahuate,,457.8947,7.3684,57.8947,26.3158,3.6842,0,pieza,57,SMAE 2014,SMAE2014:CEREALES_CON_GRASA:10
Barrita de granola con choco chip,,425,7.5,70,16.7857,5,0,pieza,28,SMAE 2014,SMAE2014:CEREALES_CON_GRASA:11
Barrita de granola con pasitas y nuez,,414.2857,8.0952,64.2857,20.9524,5.7143,0,pieza,28,SMAE 2014,SMAE2014:CEREALES_CON_GRASA:12
Barrita de granola cubierta con chocolate,,466.6667,5.7143,63.8095,25.2381,3.8095,0,pieza,28,SMAE 2014,SMAE2014:CEREALES_CON_GRASA:13
Barrita de granola sabor manzana,,392.8571,5.7143,80.7143,7.1429,5,0,pieza,28,SMAE 2014,SMAE2014:CEREALES_SIN_GRASA:46
Barrita marinela,,455,3.5,67,19,1,0,,,SMAE 2014,SMAE2014:CEREALES_CON_GRASA:15
Base para pay,,550,5,45,40,0,0,,,SMAE 2014,SMAE2014:CEREALES_CON_GRASA:16
Bebida láctea fermentada,,62.5,1.125,14.625,0.25,0,0,pieza,3.81,SMAE 2014,SMAE2014:AZUCARES_SIN_GRASA:15
Bebida para deportistas,,26.3158,0,6.4474,0,0,0,bote sport,608,SMAE 2014,SMAE2014:AZUCARES_SIN_GRASA:16
Bebida para deportistas en polvo,,360,0,95,0,0,0,cucharadita,5,SMAE 2014,SMAE2014:AZUCARES_SIN_GRASA:17
Berenjena picada cocida,,35.3535,0.8081,8.6869,0.202,2.5253,0,taza,99,SMAE 2014,SMAE2014:VERDURAS:10
Berro crudo,,60.7143,2.3214,1.25,0.1786,0.5357,0,taza,28,SMAE 2014,SMAE2014:VERDURAS:11
Betabel con mayonesa,,77.0833,0,3.3333,6.25,0,0,taza,240,SMAE 2014,SMAE2014:PLATILLOS_GUARNICIONES:33
Betabel crudo,,48.7179,2.0513,11.0256,0.2564,0.7692,0,pieza,156,SMAE 2014,SMAE2014:VERDURAS:12
Betabel crudo rallado,,47.3684,2.1053,10.7895,0.2632,0.7895,0,taza,152,SMAE 2014,SMAE2014:VERDURAS:13
Bigote de cajeta,,468.1818,10.9091,40.9091,22.7273,0,0,pieza,66,SMAE 2014,SMAE2014:CEREALES_CON_GRASA:18
Bigote relleno de chocolate,,442.8571,7.1429,53.8095,21.9048,1.9048,0,pieza,63,SMAE 2014,SMAE2014:CEREALES_CON_GRASA:17
Bigotes de chocolate,,468.1818,10.9091,40.9091,22.7273,0,0,pieza,66,SMAE 2014,SMAE2014:CEREALES_CON_GRASA:19
Bigotes miniatura de cajeta,,457.6923,10.7692,40.3846,22.3077,0,0,pieza,13,SMAE 2014,SMAE2014:CEREALES_CON_GRASA:20
Bimbuñuelos,,400,3,53.3333,19.3333,0,0,pieza,15,SMAE 2014,SMAE2014:CEREALES_CON_GRASA:21
Bio 4,,75,2.5833,13.0833,1.2917,0,0,pieza,120,SMAE 2014,SMAE2014:LECHE_CON_AZUCAR:14
Birote,,304.5455,9.5455,64.0909,0,0.4545,0,pieza,66,SMAE 2014,SMAE2014:CEREALES_SIN_GRASA:47
Bisquet,,357.5758,6.0606,47.8788,16.3636,1.5152,0,pieza,66,SMAE 2014,SMAE2014:CEREALES_CON_GRASA:22
Bistec,,120,24,0,2.6667,0,0,,,SMAE 2014,SMAE2014:A_O_A_MUY_BAJOS_EN_GRASA:29
Bistec a la mexicana,,247.5,0,6,15,0,0,taza,133.33,SMAE 2014,SMAE2014:PLATILLOS_PLATOS_FUERTES:30
Bistec bola,,284,28.8,0,18,0,0,,,SMAE 2014,SMAE2014:A_O_A_MODERADOS_EN_GRASA:5
Bistec de res,,120,24,0,2.6667,0,0,,,SMAE 2014,SMAE2014:A_O_A_MUY_BAJOS_EN_GRASA:30
Bistec de ternera,,157.1429,19.7143,0,8,0,0,,,SMAE 2014,SMAE2014:A_O_A_BAJO_EN_GRASA:14
Bledos crudos,,28.4211,2.5263,4,0.3158,0.9474,0,,,SMAE 2014,SMAE2014:VERDURAS:14
Bloody merry,,31.6667,0,1.3333,0,0,0,vaso,300,SMAE 2014,SMAE2014:PLATILLOS_BEBIDAS:45
Blueberries,,57.0093,0.6542,14.3925,0.3738,2.4299,0,taza,142.67,SMAE 2014,SMAE2014:FRUTAS:11
Blueberries congeladas,,50.8621,0.431,12.2414,0.6897,2.7586,0,taza,154.67,SMAE 2014,SMAE2014:FRUTAS:12
Blueberries congeladas con azucar,,81.0345,0.3448,21.7241,0.1724,2.2414,0,taza,232,SMAE 2014,SMAE2014:FRUTAS:13
Blueberries en almibar,,87.5,0.625,22.0313,0.3125,1.5625,0,taza,256,SMAE 2014,SMAE2014:FRUTAS:14
Bola de res,,284,28.8,0,18,0,0,,,SMAE 2014,SMAE2014:A_O_A_MODERADOS_EN_GRASA:6
Bola de ternera,,117.1429,20.8571,0,3.1429,0,0,,,SMAE 2014,SMAE2014:A_O_A_MUY_BAJOS_EN_GRASA:31
Bolillo,,305,9.5,64,0,0.5,0,pieza,60,SMAE 2014,SMAE2014:CEREALES_SIN_GRASA:48
Bolillo integral,,320,10.5,67,0.5,1,0,pieza,60,SMAE 2014,SMAE2014:CEREALES_SIN_GRASA:49
Bolillo integral sin migajón,,320,10.5,67,0.5,1,0,pieza,60,SMAE 2014,SMAE2014:CEREALES_SIN_GRASA:50
Bolillo sin migajón,,305,9.5,64,0,0.5,0,pieza,60,SMAE 2014,SMAE2014:CEREALES_SIN_GRASA:51
Bollo de hamburguesa,,260,9.6,50,4.4,2.4,0,pieza,75,SMAE 2014,SMAE2014:CEREALES_SIN_GRASA:52
Bollos para hamburguesa,,260,9.6,50,4.4,2.4,0,pieza,75,SMAE 2014,SMAE2014:CEREALES_SIN_GRASA:53
Bonito,,164.5161,23.5484,0,7.0968,0,0,,,SMAE 2014,SMAE2014:A_O_A_BAJO_EN_GRASA:15
Bonito en aceite,,220,29.2,0,11.6,0,0,,,SMAE 2014,SMAE2014:A_O_A_BAJO_EN_GRASA:16
Bonito filereado,,166.6667,24,0,7.3333,0,0,,,SMAE 2014,SMAE2014:A_O_A_BAJO_EN_GRASA:17
Boost *,,42.3077,0.3846,10.1282,0,0,0,lata,234,SMAE 2014,SMAE2014:AZUCARES_SIN_GRASA:18
Boquerón crudo,,113.8889,17.7778,0,4.7222,0,0,,,SMAE 2014,SMAE2014:A_O_A_MUY_BAJOS_EN_GRASA:32
Boquerones (fritos),,175,19.25,0.25,10.25,0,0,,,SMAE 2014,SMAE2014:A_O_A_MODERADOS_EN_GRASA:7
"Boquilla, crudo",,81.5789,19.7368,0,0.2632,0,0,,,SMAE 2014,SMAE2014:A_O_A_MUY_BAJOS_EN_GRASA:33
Botanas con proteinas de amaranto,,505,7.5,50.5,29,2.5,0,bolsa,40,SMAE 2014,SMAE2014:CEREALES_CON_GRASA:23
Brandy,,231.6667,0,0,0,0,0,ml,1,SMAE 2014,SMAE2014:BEBIDAS_ALCOHOLICAS:6
Breba,,32.8125,0.5208,8.3854,0.1042,1.7188,0,pieza,38.4,SMAE 2014,SMAE2014:FRUTAS:15
Brócoli cocido,,28.2609,2.9348,5,0.4348,2.9348,0,taza,184,SMAE 2014,SMAE2014:VERDURAS:15
Brócoli crudo,,26.7606,2.9577,5.2113,0.4225,2.9577,0,taza,71,SMAE 2014,SMAE2014:VERDURAS:16
Brownie casero,,466.6667,6.25,50,29.1667,0,0,pieza,24,SMAE 2014,SMAE2014:CEREALES_CON_GRASA:24
Brownie comercial,,407.1429,5,63.9286,16.4286,2.1429,0,pieza,56,SMAE 2014,SMAE2014:CEREALES_CON_GRASA:25
Bubulubu,,383.3333,0.8333,76.6667,7.5,0,0,pieza,36,SMAE 2014,SMAE2014:AZUCARES_SIN_GRASA:20
Budin azteca,,184.7222,0,17.7778,8.3333,0,0,taza,180,SMAE 2014,SMAE2014:PLATILLOS_PLATOS_FUERTES:63
burbujas de maíz azucaradas,,368.75,4.375,87.5,0.625,1.25,0,taza,32,SMAE 2014,SMAE2014:CEREALES_SIN_GRASA:54
Burn *,,58.0645,0.3226,14.5161,0,0,0,lata,310,SMAE 2014,SMAE2014:AZUCARES_SIN_GRASA:21
Cabeza de carnero cocida,,110,14,0,5.6,0,0,,,SMAE 2014,SMAE2014:A_O_A_BAJO_EN_GRASA:18
Cabeza de cerdo,,110,14,0,5.6,0,0,,,SMAE 2014,SMAE2014:A_O_A_BAJO_EN_GRASA:19
Cabeza de pescado,,100,20.5,0,1.25,0,0,,,SMAE 2014,SMAE2014:A_O_A_MUY_BAJOS_EN_GRASA:34
Cabrilla,,81.5789,20.2632,0,0,0,0,,,SMAE 2014,SMAE2014:A_O_A_MUY_BAJOS_EN_GRASA:35
Cabrito,,144,27.2,0,3.2,0,0,,,SMAE 2014,SMAE2014:A_O_A_MUY_BAJOS_EN_GRASA:36
Cacahuate,,608.3333,24.1667,22.5,51.6667,0,0,pieza,0.86,SMAE 2014,SMAE2014:ACEITES_Y_GRASAS_CON_PROTEINAS:120
Cacahuate,,608.3333,24.1667,22.5,51.6667,0,0,pieza,0.86,SMAE 2014,SMAE2014:ACEITES_Y_GRASAS_CON_PROTEINAS:17
Cacahuate acaramelado,,535.7143,21.4286,17.8571,46.4286,0,0,cucharadita,2.8,SMAE 2014,SMAE2014:ACEITES_Y_GRASAS_CON_PROTEINAS:121
Cacahuate acaramelado,,535.7143,21.4286,17.8571,46.4286,0,0,cucharadita,2.8,SMAE 2014,SMAE2014:ACEITES_Y_GRASAS_CON_PROTEINAS:18
Cacahuate con cáscara,,583.3333,23.3333,1.6667,50,0,0,,,SMAE 2014,SMAE2014:ACEITES_Y_GRASAS_CON_PROTEINAS:123
Cacahuate con cáscara,,583.3333,23.3333,1.6667,50,0,0,,,SMAE 2014,SMAE2014:ACEITES_Y_GRASAS_CON_PROTEINAS:20
Cacahuate con pepitas,,625,23.3333,20,50,0,0,,,SMAE 2014,SMAE2014:ACEITES_Y_GRASAS_CON_PROTEINAS:124
Cacahuate con pepitas,,625,23.3333,20,50,0,0,,,SMAE 2014,SMAE2014:ACEITES_Y_GRASAS_CON_PROTEINAS:21
Cacahuate con piel,,514.2857,24.2857,20.7143,45,0,0,pieza,0.93,SMAE 2014,SMAE2014:ACEITES_Y_GRASAS_CON_PROTEINAS:125
Cacahuate con piel,,514.2857,24.2857,20.7143,45,0,0,pieza,0.93,SMAE 2014,SMAE2014:ACEITES_Y_GRASAS_CON_PROTEINAS:22
Cacahuate confitado (chocolate),,518.75,13.125,50,33.75,0,0,pieza,4,SMAE 2014,SMAE2014:AZUCARES_CON_GRASA:15
Cacahuate enchilado,,558.3333,24.1667,17.5,49.1667,0,0,pieza,0.92,SMAE 2014,SMAE2014:ACEITES_Y_GRASAS_CON_PROTEINAS:126
Cacahuate enchilado,,558.3333,24.1667,17.5,49.1667,0,0,pieza,0.92,SMAE 2014,SMAE2014:ACEITES_Y_GRASAS_CON_PROTEINAS:23
Cacahuate japonés,,485.7143,19.2857,45,25.7143,0,0,pieza,0.93,SMAE 2014,SMAE2014:ACEITES_Y_GRASAS_CON_PROTEINAS:127
Cacahuate japonés,,485.7143,19.2857,45,25.7143,0,0,pieza,0.93,SMAE 2014,SMAE2014:ACEITES_Y_GRASAS_CON_PROTEINAS:24
Cacahuate picado,,616.6667,25,22.5,51.6667,0,0,cucharadita,2.4,SMAE 2014,SMAE2014:ACEITES_Y_GRASAS_CON_PROTEINAS:128
Cacahuate picado,,616.6667,25,22.5,51.6667,0,0,cucharadita,2.4,SMAE 2014,SMAE2014:ACEITES_Y_GRASAS_CON_PROTEINAS:25
Cacahuate salado,,591.6667,26.6667,20,45.8333,0,0,pieza,0.92,SMAE 2014,SMAE2014:ACEITES_Y_GRASAS_CON_PROTEINAS:129
Cacahuate salado,,591.6667,26.6667,20,45.8333,0,0,pieza,0.92,SMAE 2014,SMAE2014:ACEITES_Y_GRASAS_CON_PROTEINAS:26
Cacahuate tostado,,575,23.3333,20.8333,49.1667,0,0,pieza,0.92,SMAE 2014,SMAE2014:ACEITES_Y_GRASAS_CON_PROTEINAS:130
Cacahuate tostado,,575,23.3333,20.8333,49.1667,0,0,pieza,0.92,SMAE 2014,SMAE2014:ACEITES_Y_GRASAS_CON_PROTEINAS:27
Cacahuates confitados,,514.2857,10,50.7143,30.7143,0,0,bolsa,56,SMAE 2014,SMAE2014:ACEITES_Y_GRASAS_CON_PROTEINAS:131
Cacahuates confitados,,514.2857,10,50.7143,30.7143,0,0,bolsa,56,SMAE 2014,SMAE2014:ACEITES_Y_GRASAS_CON_PROTEINAS:28
Cacahuates cubiertos con salsa y limón,,553.8462,20,40.7692,35.3846,0,0,cucharada,6.5,SMAE 2014,SMAE2014:ACEITES_Y_GRASAS_CON_PROTEINAS:132
Cacahuates cubiertos con salsa y limón,,553.8462,20,40.7692,35.3846,0,0,cucharada,6.5,SMAE 2014,SMAE2014:ACEITES_Y_GRASAS_CON_PROTEINAS:29
Cacahucate cocido,,320,13.5,21.5,22,0,0,,,SMAE 2014,SMAE2014:ACEITES_Y_GRASAS_CON_PROTEINAS:122
Cacahucate cocido,,320,13.5,21.5,22,0,0,,,SMAE 2014,SMAE2014:ACEITES_Y_GRASAS_CON_PROTEINAS:19
Cacao sin cascara,,558.3333,15.8333,20.8333,49.1667,0,0,,,SMAE 2014,SMAE2014:ACEITES_Y_GRASAS_CON_PROTEINAS:135
Cacao sin cascara,,558.3333,15.8333,20.8333,49.1667,0,0,,,SMAE 2014,SMAE2014:ACEITES_Y_GRASAS_CON_PROTEINAS:32
Cacoa con cáscara,,500,13.5714,23.5714,42.1429,0,0,,,SMAE 2014,SMAE2014:ACEITES_Y_GRASAS_CON_PROTEINAS:133
Cacoa con cáscara,,500,13.5714,23.5714,42.1429,0,0,,,SMAE 2014,SMAE2014:ACEITES_Y_GRASAS_CON_PROTEINAS:30
Cacoa pataste,,600,17.5,21.6667,54.1667,0,0,,,SMAE 2014,SMAE2014:ACEITES_Y_GRASAS_CON_PROTEINAS:134
Cacoa pataste,,600,17.5,21.6667,54.1667,0,0,,,SMAE 2014,SMAE2014:ACEITES_Y_GRASAS_CON_PROTEINAS:31
Café americano,,2.0833,0.125,0.375,0,0,0,taza,240,SMAE 2014,SMAE2014:ALIMENTOS_LIBRES_EN_ENERGIA:16
Café capuchino helado,,53.75,0.875,10,1,0,0,taza,240,SMAE 2014,SMAE2014:AZUCARES_SIN_GRASA:22
Café capuchino instantáneo,,400,2.5,86.25,5,0,0,cucharadita,4,SMAE 2014,SMAE2014:AZUCARES_SIN_GRASA:23
Café con azúcar,,2.0833,0.125,3.4167,0,0,0,taza,240,SMAE 2014,SMAE2014:ALIMENTOS_LIBRES_EN_ENERGIA:17
Café de polvo descafeinado,,200,10,35,0,0,0,cucharadita,2,SMAE 2014,SMAE2014:ALIMENTOS_LIBRES_EN_ENERGIA:22
Café descafeinado,,2.0833,0.125,0.375,0,0,0,taza,240,SMAE 2014,SMAE2014:ALIMENTOS_LIBRES_EN_ENERGIA:19
Café descafeinado preparado,,2.0833,0.125,0.375,0,0,0,taza,240,SMAE 2014,SMAE2014:ALIMENTOS_LIBRES_EN_ENERGIA:20
Café en polvo,,400,10,90,0,0,0,cucharada,2,SMAE 2014,SMAE2014:ALIMENTOS_LIBRES_EN_ENERGIA:21
Café en polvo sabor moka,,200,10,35,0,0,0,cucharadita,2,SMAE 2014,SMAE2014:ALIMENTOS_LIBRES_EN_ENERGIA:23
Café instantáneo,,200,10,35,0,0,0,cucharadita,2,SMAE 2014,SMAE2014:ALIMENTOS_LIBRES_EN_ENERGIA:25
"Café instantáneo, descafeinado",,200,10,40,0,0,0,cucharadita,2,SMAE 2014,SMAE2014:ALIMENTOS_LIBRES_EN_ENERGIA:27
Café intantánio preparado,,2.0833,0.125,0.375,0,0,0,taza,240,SMAE 2014,SMAE2014:ALIMENTOS_LIBRES_EN_ENERGIA:26
Café molido,,25,20,0,0,0,0,cucharada,4,SMAE 2014,SMAE2014:ALIMENTOS_LIBRES_EN_ENERGIA:28
Café ó té sin azúcar,,1.25,0,0.2083,0,0,0,taza,240,SMAE 2014,SMAE2014:ALIMENTOS_LIBRES_EN_ENERGIA:29
Café sin azúcar,,2.0833,0.125,0.375,0,0,0,taza,240,SMAE 2014,SMAE2014:ALIMENTOS_LIBRES_EN_ENERGIA:30
Caimito blanco o morado,,52.3077,1.3077,9.3846,1.6923,2.9231,0,pieza,130,SMAE 2014,SMAE2014:FRUTAS:16
Cajeta,,400,5.5556,71.1111,11.1111,0,0,cucharadita,6,SMAE 2014,SMAE2014:AZUCARES_SIN_GRASA:24
Calabacita alargada cruda,,23.0769,1.7582,3.7363,0.1099,1.5385,0,pieza,91,SMAE 2014,SMAE2014:VERDURAS:17
Calabacita de Castilla cocida,,20,0.7273,4.9091,0.0909,1.0909,0,taza,220,SMAE 2014,SMAE2014:VERDURAS:19
Calabacita redonda cruda,,22.7848,1.7722,3.6709,0.1266,1.519,0,pieza,79,SMAE 2014,SMAE2014:VERDURAS:18
Calabacitas con elote y rajas,,39.5833,0,3.3333,2.0833,0,0,taza,240,SMAE 2014,SMAE2014:PLATILLOS_GUARNICIONES:23
Calabacitas rellenas,,40.625,0,2.5,2.0833,0,0,taza,120,SMAE 2014,SMAE2014:PLATILLOS_GUARNICIONES:37
Calabaza melón,,59.1837,2.8571,11.4286,0.9184,1.3265,0,,,SMAE 2014,SMAE2014:FRUTAS:17
Calahua,,184.2105,2.6316,8.4211,17.3684,0,0,cucharada,19,SMAE 2014,SMAE2014:ACEITES_Y_GRASAS:63
Calamar americano,,91.1111,15.5556,3.1111,1.3333,0,0,,,SMAE 2014,SMAE2014:A_O_A_MUY_BAJOS_EN_GRASA:37
Calamar crudo,,91.1111,15.5556,3.1111,1.3333,0,0,,,SMAE 2014,SMAE2014:A_O_A_MUY_BAJOS_EN_GRASA:38
Calamar fresco entero,,91.1111,15.5556,3.1111,1.3333,0,0,,,SMAE 2014,SMAE2014:A_O_A_MUY_BAJOS_EN_GRASA:39
Calamar fresco limpio,,93.3333,18,3.1111,1.3333,0,0,,,SMAE 2014,SMAE2014:A_O_A_MUY_BAJOS_EN_GRASA:40
Calamar frito,,174.2857,18,7.7143,7.4286,0,0,,,SMAE 2014,SMAE2014:A_O_A_BAJO_EN_GRASA:20
Caldo,,7.5,1.1667,0.0833,0.25,0,0,taza,240,SMAE 2014,SMAE2014:ALIMENTOS_LIBRES_EN_ENERGIA:31
Caldo de carne,,7.5,1.1667,0.0833,0.25,0,0,taza,240,SMAE 2014,SMAE2014:ALIMENTOS_LIBRES_EN_ENERGIA:32
Caldo de carne,,21.3542,0,0.8333,1.1458,0,0,taza,240,SMAE 2014,SMAE2014:PLATILLOS_SOPAS:37
Caldo de carne concentrado,,12.9032,2.4194,0.8065,0,0,0,taza,248,SMAE 2014,SMAE2014:ALIMENTOS_LIBRES_EN_ENERGIA:33
Caldo de pescado,,7.5,1.1667,0.0833,0.25,0,0,taza,240,SMAE 2014,SMAE2014:ALIMENTOS_LIBRES_EN_ENERGIA:34
Caldo de pollo,,7.5,1.0833,0.3333,0.3333,0,0,taza,240,SMAE 2014,SMAE2014:ALIMENTOS_LIBRES_EN_ENERGIA:35
Caldo de pollo concentrado,,24,1.6,1.6,1.6,0,0,taza,250,SMAE 2014,SMAE2014:ALIMENTOS_LIBRES_EN_ENERGIA:36
Caldo de pollo desgrasado,,4.6875,0,0,0.5208,0,0,taza,240,SMAE 2014,SMAE2014:PLATILLOS_SOPAS:7
Caldo de pollo enlatado,,24,1.6,1.6,1.6,0,0,taza,250,SMAE 2014,SMAE2014:ALIMENTOS_LIBRES_EN_ENERGIA:37
Caldo de res,,7.5,1.1667,0.0833,0.25,0,0,taza,240,SMAE 2014,SMAE2014:ALIMENTOS_LIBRES_EN_ENERGIA:38
Caldo de res desgradado,,4.6875,0,0,0.5208,0,0,taza,240,SMAE 2014,SMAE2014:PLATILLOS_SOPAS:8
Caldo de res enlatado,,12.1951,2.439,0.8537,0,0,0,taza,246,SMAE 2014,SMAE2014:ALIMENTOS_LIBRES_EN_ENERGIA:39
Caldo gallego,,109.1667,0,10.6667,3.8333,0,0,tazón,300,SMAE 2014,SMAE2014:PLATILLOS_PLATOS_FUERTES:97
Caldo Tlalpeño,,21.3542,0,0.8333,1.1458,0,0,taza,240,SMAE 2014,SMAE2014:PLATILLOS_SOPAS:38
Camarón 16-20,,85,17.75,1,1.75,0,0,pieza,20,SMAE 2014,SMAE2014:A_O_A_MUY_BAJOS_EN_GRASA:41
Camarón cocido,,111.7647,21.4706,0,1.1765,0,0,pieza,6.8,SMAE 2014,SMAE2014:A_O_A_MUY_BAJOS_EN_GRASA:42
Camarón crudo mediano,,111.1111,13.8889,0.8333,1.6667,0,0,pieza,6,SMAE 2014,SMAE2014:A_O_A_MUY_BAJOS_EN_GRASA:43
Camarón de surimi,,80,16.25,9.25,1.5,0,0,,,SMAE 2014,SMAE2014:A_O_A_MUY_BAJOS_EN_GRASA:44
Camarón enlatado,,131.25,25.3125,0,1.25,0,0,taza,128,SMAE 2014,SMAE2014:A_O_A_MUY_BAJOS_EN_GRASA:45
Camarón gigante,,95,18.25,1,1.75,0,0,pieza,20,SMAE 2014,SMAE2014:A_O_A_MUY_BAJOS_EN_GRASA:46
Camarón pacotilla,,91.6667,20.8333,0.8333,1.6667,0,0,pieza,6,SMAE 2014,SMAE2014:A_O_A_MUY_BAJOS_EN_GRASA:47
Camarón seco,,366.6667,83.3333,5.5556,2.2222,0,0,,,SMAE 2014,SMAE2014:A_O_A_MUY_BAJOS_EN_GRASA:48
Camarón seco salado,,466.6667,90,5.5556,2.2222,0,0,,,SMAE 2014,SMAE2014:A_O_A_MUY_BAJOS_EN_GRASA:49
Camarón U15,,92.5,19,1,1.75,0,0,pieza,20,SMAE 2014,SMAE2014:A_O_A_MUY_BAJOS_EN_GRASA:50
Camote al honor,,100,1.7143,23.4286,0.1429,1.8571,0,taza,210,SMAE 2014,SMAE2014:CEREALES_SIN_GRASA:55
Camote amarillo,,125.9259,1.4815,28.3333,0.7407,2.963,0,taza,162,SMAE 2014,SMAE2014:CEREALES_SIN_GRASA:56
Camote cocido,,105.7971,1.5942,24.3478,0.2899,1.8841,0,taza,207,SMAE 2014,SMAE2014:CEREALES_SIN_GRASA:57
Camote con miel,,100,0.5085,24.4068,0,2.0339,0,taza,177,SMAE 2014,SMAE2014:CEREALES_SIN_GRASA:58
Camote con naranja,,152.5,0.5,38,0,0,0,taza,200,SMAE 2014,SMAE2014:CEREALES_SIN_GRASA:59
Camote en dulce,,136.5385,0.7692,27.8846,3.2692,2.3077,0,taza,260,SMAE 2014,SMAE2014:CEREALES_SIN_GRASA:60
Camote largo,,123.7288,1.3559,28.1356,0.8475,2.8814,0,pieza,236,SMAE 2014,SMAE2014:CEREALES_SIN_GRASA:61
Camote poblano (dulce),,137.7778,0.8889,28,3.3333,2.4444,0,pieza,60,SMAE 2014,SMAE2014:CEREALES_SIN_GRASA:62
Campota de fruta,,83.3333,0,20.8333,0,0,0,taza,240,SMAE 2014,SMAE2014:PLATILLOS_POSTRES:8
Cana de azúcar,,64,0.5,17.2,0.5,1.9,0,,,SMAE 2014,SMAE2014:FRUTAS:18
Canela,,250,5,80,5,0,0,cucharadita,2,SMAE 2014,SMAE2014:ALIMENTOS_LIBRES_EN_ENERGIA:40
Canela en polvo,,250,5,80,5,0,0,cucharadita,2,SMAE 2014,SMAE2014:ALIMENTOS_LIBRES_EN_ENERGIA:41
Canela en raja,,250,5,80,5,0,0,raja,10,SMAE 2014,SMAE2014:ALIMENTOS_LIBRES_EN_ENERGIA:42
Canela molida,,250,5,80,5,0,0,cucharadita,2,SMAE 2014,SMAE2014:ALIMENTOS_LIBRES_EN_ENERGIA:43
Canelones,,340,9.5,73,0.5,2,0,pieza,5,SMAE 2014,SMAE2014:CEREALES_SIN_GRASA:63
Cangrejo,,97.619,19.2857,0,0.9524,0,0,pieza,21,SMAE 2014,SMAE2014:A_O_A_MUY_BAJOS_EN_GRASA:51
Cangrejo de Alaska,,102.5,20.25,0,1.75,0,0,,,SMAE 2014,SMAE2014:A_O_A_MUY_BAJOS_EN_GRASA:53
Cangrejo enlatado,,97.0588,20.2941,0,1.1765,0,0,taza,136,SMAE 2014,SMAE2014:A_O_A_MUY_BAJOS_EN_GRASA:55
Cangrejp cocido,,102.5,20.25,0,1.75,0,0,,,SMAE 2014,SMAE2014:A_O_A_MUY_BAJOS_EN_GRASA:52
Capirotada,,325,0,58.3333,8.3333,0,0,pieza,30,SMAE 2014,SMAE2014:PLATILLOS_POSTRES:23
Capulín,,65.625,1.4583,16.7708,0,0.625,0,taza,32,SMAE 2014,SMAE2014:FRUTAS:19
Carambolo o Carambola,,30.9942,1.0526,6.7251,0.3509,2.807,0,pieza,114,SMAE 2014,SMAE2014:FRUTAS:20
Caramelo,,391.6667,0,98.3333,0,0,0,pieza pequeña,6,SMAE 2014,SMAE2014:AZUCARES_SIN_GRASA:25
Caramelo de mantequilla,,409.0909,0,98.1818,3.6364,0,0,pieza,5.5,SMAE 2014,SMAE2014:AZUCARES_SIN_GRASA:26
Caramelo macizo,,391.6667,0,98.3333,0,0,0,pieza pequeña,6,SMAE 2014,SMAE2014:AZUCARES_SIN_GRASA:27
Caramelo salvavidas,,400,0,100,0,0,0,pieza,2.5,SMAE 2014,SMAE2014:AZUCARES_SIN_GRASA:28
Cardamomo,,300,10,70,5,0,0,cucharadita,2,SMAE 2014,SMAE2014:ALIMENTOS_LIBRES_EN_ENERGIA:44
Cardamomo molido,,300,10,70,5,0,0,cucharadita,2,SMAE 2014,SMAE2014:ALIMENTOS_LIBRES_EN_ENERGIA:45
Carlos V,,509.0909,3.6364,67.2727,25.4545,0,0,pieza,22,SMAE 2014,SMAE2014:AZUCARES_CON_GRASA:16
Carne de alce cocida,,136,29.2,0,0.8,0,0,,,SMAE 2014,SMAE2014:A_O_A_MUY_BAJOS_EN_GRASA:56
Carne de armadillo,,160,28.4,0,5.2,0,0,,,SMAE 2014,SMAE2014:A_O_A_MUY_BAJOS_EN_GRASA:57
Carne de avestruz,,88.5714,20.2857,0,1.1429,0,0,,,SMAE 2014,SMAE2014:A_O_A_MUY_BAJOS_EN_GRASA:58
Carne de cerdo,,140,19.75,0,6.25,0,0,,,SMAE 2014,SMAE2014:A_O_A_BAJO_EN_GRASA:21
Carne de cerdo molida,,140,19.75,0,6.25,0,0,,,SMAE 2014,SMAE2014:A_O_A_BAJO_EN_GRASA:22
Carne de faisám cruda sin piel,,133.3333,23.6667,0,3.6667,0,0,,,SMAE 2014,SMAE2014:A_O_A_MUY_BAJOS_EN_GRASA:59
Carne de ganzo de crianza,,162.5,23.125,0,7.1875,0,0,,,SMAE 2014,SMAE2014:A_O_A_BAJO_EN_GRASA:23
carne de jaiba,,97.5,17.5,1,2.5,0,0,,,SMAE 2014,SMAE2014:A_O_A_MUY_BAJOS_EN_GRASA:60
Carne de pato de crianza,,130.7692,18.2051,0,5.8974,0,0,,,SMAE 2014,SMAE2014:A_O_A_BAJO_EN_GRASA:24
Carne de pollo o pescado a la plancha,,247.5,0,0,17.5,0,0,pieza,100,SMAE 2014,SMAE2014:PLATILLOS_PLATOS_FUERTES:6
Carne de pollo o pescado quisados con verduras,,247.5,0,6,15,0,0,taza,133.33,SMAE 2014,SMAE2014:PLATILLOS_PLATOS_FUERTES:25
Carne de res (promedio),,180,20.6667,0,10,0,0,,,SMAE 2014,SMAE2014:A_O_A_BAJO_EN_GRASA:25
Carne de res seca,,390.9091,64.5455,0.9091,14.5455,0,0,,,SMAE 2014,SMAE2014:A_O_A_MUY_BAJOS_EN_GRASA:61
Carne de res semigrasossa,,257.8947,18.4211,0,19.7368,0,0,,,SMAE 2014,SMAE2014:A_O_A_ALTO_EN_GRASA:7
Carne de suadero,,262.069,26.8966,0,16.5517,0,0,,,SMAE 2014,SMAE2014:A_O_A_MODERADOS_EN_GRASA:8
Carne de ternera,,157.1429,19.7143,0,8,0,0,,,SMAE 2014,SMAE2014:A_O_A_BAJO_EN_GRASA:26
Carne de venado cruda,,155.5556,21.8519,0,7.037,0,0,,,SMAE 2014,SMAE2014:A_O_A_MUY_BAJOS_EN_GRASA:62
Carne deshebrada,,250,24.6667,0,16,0,0,,,SMAE 2014,SMAE2014:A_O_A_MODERADOS_EN_GRASA:9
Carne molida de cerdo,,140,19.75,0,6.25,0,0,,,SMAE 2014,SMAE2014:A_O_A_BAJO_EN_GRASA:27
Carne molida de pavo,,110,22.3333,0,1.3333,0,0,,,SMAE 2014,SMAE2014:A_O_A_MUY_BAJOS_EN_GRASA:63
Carne molida de pollo,,113.3333,23.3333,0,1.6667,0,0,,,SMAE 2014,SMAE2014:A_O_A_MUY_BAJOS_EN_GRASA:64
Carne molida estra magna cocida,,250,24.6667,0,16,0,0,,,SMAE 2014,SMAE2014:A_O_A_MODERADOS_EN_GRASA:10
Carne molida estra magna salteada,,256.6667,25,0,16.3333,0,0,,,SMAE 2014,SMAE2014:A_O_A_MODERADOS_EN_GRASA:11
Carne molida popular de res,,293.9394,15.7576,0,25.1515,0,0,,,SMAE 2014,SMAE2014:A_O_A_ALTO_EN_GRASA:8
Carne molida regular,,267.5,18,0,21.25,0,0,,,SMAE 2014,SMAE2014:A_O_A_ALTO_EN_GRASA:9
Carne molida regular cocida,,285.7143,23.1429,0,20.8571,0,0,,,SMAE 2014,SMAE2014:A_O_A_ALTO_EN_GRASA:10
Carne obscura de pollo con piel,,237.5,16.75,0,18.25,0,0,,,SMAE 2014,SMAE2014:A_O_A_ALTO_EN_GRASA:11
Carne obscura de pollo cruda,,126.6667,20,0,4.3333,0,0,,,SMAE 2014,SMAE2014:A_O_A_MUY_BAJOS_EN_GRASA:65
Carne promedio,,175.8621,20.3448,0,10,0,0,,,SMAE 2014,SMAE2014:A_O_A_BAJO_EN_GRASA:28
"Carne, pollo o pescado con salsas ligeras",,270,0,0,20,0,0,pieza,100,SMAE 2014,SMAE2014:PLATILLOS_PLATOS_FUERTES:21
"Carne, pollo ó pescado guisados",,282.5,0,2,20,0,0,pieza,100,SMAE 2014,SMAE2014:PLATILLOS_PLATOS_FUERTES:10
Carnero,,135,19,0,6,0,0,,,SMAE 2014,SMAE2014:A_O_A_BAJO_EN_GRASA:29
Carnero con hueso,,134.2105,18.9474,0,6.0526,0,0,,,SMAE 2014,SMAE2014:A_O_A_BAJO_EN_GRASA:30
Carpa,,124.3902,17.561,0,5.6098,0,0,,,SMAE 2014,SMAE2014:A_O_A_BAJO_EN_GRASA:31
Carpa cocida,,163.3333,22.6667,0,7.3333,0,0,,,SMAE 2014,SMAE2014:A_O_A_BAJO_EN_GRASA:32
Carpa horneada,,163.3333,22.6667,0,7.3333,0,0,,,SMAE 2014,SMAE2014:A_O_A_BAJO_EN_GRASA:33
Cáscara de limón,,50,2,17,0,0,0,cucharadita,2,SMAE 2014,SMAE2014:ALIMENTOS_LIBRES_EN_ENERGIA:46
Cáscara de naranja,,100,2.5,25,0,0,0,cucharadita,2,SMAE 2014,SMAE2014:ALIMENTOS_LIBRES_EN_ENERGIA:47
Cáscara de naranja cristalizada,,320,0,82,0,0,0,,,SMAE 2014,SMAE2014:AZUCARES_SIN_GRASA:29
Cáscara de papa cruda,,58.4,2.56,12.48,0.08,2.48,0,taza,50,SMAE 2014,SMAE2014:CEREALES_SIN_GRASA:64
Castaña,,200,1.8182,45,1.3636,0,0,pieza,11,SMAE 2014,SMAE2014:AZUCARES_SIN_GRASA:30
Castaña asada,,366.6667,5,78.3333,4.1667,0,0,,,SMAE 2014,SMAE2014:AZUCARES_SIN_GRASA:32
Castaña con cáscara,,216.6667,2.2222,46.1111,2.2222,0,0,pieza,9,SMAE 2014,SMAE2014:AZUCARES_SIN_GRASA:31
Caviar,,248.1481,24.4444,4.0741,17.7778,0,0,cucharadita,5.4,SMAE 2014,SMAE2014:A_O_A_MODERADOS_EN_GRASA:12
Caviar negro,,248.1481,24.4444,4.0741,17.7778,0,0,cucharadita,5.4,SMAE 2014,SMAE2014:A_O_A_MODERADOS_EN_GRASA:13
Caviar rojo,,248.1481,24.4444,4.0741,17.7778,0,0,cucharadita,5.4,SMAE 2014,SMAE2014:A_O_A_MODERADOS_EN_GRASA:14
Cazón,,131.25,21.25,0,4.375,0,0,,,SMAE 2014,SMAE2014:A_O_A_MUY_BAJOS_EN_GRASA:66
Cazón fileteado,,130.303,20.9091,0,4.5455,0,0,,,SMAE 2014,SMAE2014:A_O_A_MUY_BAJOS_EN_GRASA:67
Ccoc seco,,488.8889,3.3333,46.6667,34.4444,0,0,cucharada,6,SMAE 2014,SMAE2014:ACEITES_Y_GRASAS:72
Cebada,,345,11,76.5,2.5,10.5,0,,,SMAE 2014,SMAE2014:CEREALES_SIN_GRASA:65
Cebada perla cocida,,123.0769,2.3077,28.4615,0.3846,3.8462,0,taza,156,SMAE 2014,SMAE2014:CEREALES_SIN_GRASA:66
Cebolla blanca rebanada,,39.6552,1.0345,9.3103,0.1724,1.7241,0,taza,116,SMAE 2014,SMAE2014:VERDURAS:20
Cebolla cocida,,43.3962,1.3208,10,0.1887,1.3208,0,taza,212,SMAE 2014,SMAE2014:VERDURAS:21
Cebolla deshidratada,,400,0,80,0,0,0,cucharadita,1,SMAE 2014,SMAE2014:ALIMENTOS_LIBRES_EN_ENERGIA:48
Cebolla en polvo,,400,10,80,0,0,0,cucharadita,2,SMAE 2014,SMAE2014:ALIMENTOS_LIBRES_EN_ENERGIA:49
Cebolla morada rebanada,,34.4828,0.8621,7.5862,0.1724,1.2069,0,taza,116,SMAE 2014,SMAE2014:VERDURAS:22
Cebollín,,33.3333,3.3333,3.3333,0,0,0,cucharadita,1,SMAE 2014,SMAE2014:ALIMENTOS_LIBRES_EN_ENERGIA:50
Cebollín deshidratada,,0,0,0,0,0,0,cucharadita,0.4,SMAE 2014,SMAE2014:ALIMENTOS_LIBRES_EN_ENERGIA:51
Cebollín fresco,,33.3333,3.3333,3.3333,0,0,0,cucharadita,1,SMAE 2014,SMAE2014:ALIMENTOS_LIBRES_EN_ENERGIA:52
Cebollín liofilizado,,250,25,65,0,0,0,cucharada,0.2,SMAE 2014,SMAE2014:ALIMENTOS_LIBRES_EN_ENERGIA:53
Cebollita de cambray sin raíz,,31.9444,1.8056,7.3611,0.1389,2.6389,0,pieza,24,SMAE 2014,SMAE2014:VERDURAS:23
Cebollita en salmuera,,25.2632,0.9474,7.0526,0.2105,1.6842,0,taza,190,SMAE 2014,SMAE2014:VERDURAS:24
Cecina,,160,24,0.8,6.4,0,0,,,SMAE 2014,SMAE2014:A_O_A_MUY_BAJOS_EN_GRASA:68
Cecina de res,,196,14.6,0,14.8,0,0,,,SMAE 2014,SMAE2014:A_O_A_ALTO_EN_GRASA:12
Cecina enchilada,,160,24,0.8,6.4,0,0,,,SMAE 2014,SMAE2014:A_O_A_MUY_BAJOS_EN_GRASA:69
Centeno,,327.2727,11.8182,72.2727,1.8182,1.8182,0,cucharadita,4.4,SMAE 2014,SMAE2014:CEREALES_SIN_GRASA:67
Cerdo en canal,,191.3793,6.5517,0,18.2759,0,0,,,SMAE 2014,SMAE2014:A_O_A_ALTO_EN_GRASA:13
Cereal Avena Flakes,,357.8947,10,66.3158,5.7895,10,0,taza,25.33,SMAE 2014,SMAE2014:CEREALES_SIN_GRASA:68
Cereal Chewy para niños varios sabores,,371.4286,6.4286,75,5,8.5714,0,pieza,28,SMAE 2014,SMAE2014:CEREALES_SIN_GRASA:69
Cereal con almendras y pasas,,368.4211,7.8947,86.8421,3.6842,8.4211,0,taza,57,SMAE 2014,SMAE2014:CEREALES_SIN_GRASA:70
Cereal con avena con maple,,240.7407,17.037,65.1852,7.037,15.1852,0,taza,81,SMAE 2014,SMAE2014:CEREALES_SIN_GRASA:73
Cereal con leche y azúcar,,108.3333,0,15.4167,2.0833,0,0,taza,240,SMAE 2014,SMAE2014:PLATILLOS_DE_DESAYUNO:6
Cereal con leche y fruta,,112.5,0,16.4583,3.3333,0,0,taza,240,SMAE 2014,SMAE2014:PLATILLOS_DE_DESAYUNO:9
Cereal con plátano ó fresas,,112.5,0,16.4583,3.3333,0,0,taza,240,SMAE 2014,SMAE2014:PLATILLOS_DE_DESAYUNO:10
Cereal de arroz,,394.1176,8.2353,82.9412,2.9412,6.4706,0,taza,34,SMAE 2014,SMAE2014:CEREALES_SIN_GRASA:71
Cereal de arroz inflado con chocolate,,387.5,6.875,86.25,3.75,7.5,0,taza,32,SMAE 2014,SMAE2014:CEREALES_SIN_GRASA:72
"Cereal de avena integral, seco",,373.6842,15.2632,72.6316,5.2632,11.5789,0,taza,57,SMAE 2014,SMAE2014:CEREALES_SIN_GRASA:74
Cereal de galleta de chispa de chocolate,,400,3.3333,86.6667,5.3333,4,0,taza,30,SMAE 2014,SMAE2014:CEREALES_SIN_GRASA:75
Cereal de maíz reventado con azúcar,,368.75,3.125,85,3.125,3.75,0,taza,32,SMAE 2014,SMAE2014:CEREALES_SIN_GRASA:76
Cereal de salvado de trigo,,257.1429,12.381,72.8571,3.3333,31.9048,0,taza,63,SMAE 2014,SMAE2014:CEREALES_SIN_GRASA:78
Cereal de trigo con canela,,446.1538,3.0769,82.3077,12.3077,3.0769,0,taza,39,SMAE 2014,SMAE2014:CEREALES_SIN_GRASA:79
Cereal de trigo sabor frutas,,400,3.3333,86.6667,5.3333,0,0,taza,30,SMAE 2014,SMAE2014:CEREALES_SIN_GRASA:80
Cereal integral con pasitas,,330,10,78.5,2.5,13.5,0,taza,60,SMAE 2014,SMAE2014:CEREALES_SIN_GRASA:81
Cereal Multibran Flakes,,342.1053,12.6316,58.4211,6.8421,13.6842,0,taza,25.33,SMAE 2014,SMAE2014:CEREALES_SIN_GRASA:82
Cereal Multibran pasas,,347.3684,10.5263,63.6842,5.2632,12.1053,0,taza,25.33,SMAE 2014,SMAE2014:CEREALES_SIN_GRASA:83
Cereal multigrano,,335,11.5,73.5,2.5,12,0,taza,80,SMAE 2014,SMAE2014:CEREALES_SIN_GRASA:84
Cereal sin azúcar,,364.2857,8.5714,85.7143,0.7143,4.2857,0,taza,28,SMAE 2014,SMAE2014:CEREALES_SIN_GRASA:85
Cereales de maíz reventado sabor chocolate y crema de cacahucate,,435.7143,6.4286,75.7143,11.4286,4.2857,0,taza,42,SMAE 2014,SMAE2014:CEREALES_SIN_GRASA:77
Cereza,,63.6364,1.0227,16.7045,0.2273,2.3864,0,pieza,4.4,SMAE 2014,SMAE2014:FRUTAS:21
Cereza congeladas,,45.8065,0.9032,11.0323,0.4516,1.6129,0,taza,155,SMAE 2014,SMAE2014:FRUTAS:22
Cerezas en almibar,,90.625,0.7813,23.2813,0.1563,1.0938,0,taza,256,SMAE 2014,SMAE2014:FRUTAS:23
Cerezas maschino enlatadas,,320,0,84,0,6,0,pieza,5,SMAE 2014,SMAE2014:FRUTAS:24
Cerveza,,42.9775,0,3.5393,0,0,0,tarro o lata,356,SMAE 2014,SMAE2014:BEBIDAS_ALCOHOLICAS:7
Cerveza ligth,,29.0019,0,1.6384,0,0,0,tarro o lata,354,SMAE 2014,SMAE2014:BEBIDAS_ALCOHOLICAS:8
Chabacano,,48.4127,1.4286,11.1111,0.3968,1.9841,0,pieza,31.5,SMAE 2014,SMAE2014:FRUTAS:25
Chagua,,76,10.5333,9.3333,0.8667,3.1333,0,,,SMAE 2014,SMAE2014:FRUTAS:26
Chalacas crudas,,31.5789,1.4474,7.2368,0.2632,0.9211,0,pieza,25.33,SMAE 2014,SMAE2014:VERDURAS:36
Chambarete,,127.2727,20.6061,0,4.8485,0,0,,,SMAE 2014,SMAE2014:A_O_A_MUY_BAJOS_EN_GRASA:70
Chambarete de res,,127.2727,20.6061,0,4.8485,0,0,,,SMAE 2014,SMAE2014:A_O_A_MUY_BAJOS_EN_GRASA:71
Champaña,,67.3333,0,1.5333,0,0,0,copa,150,SMAE 2014,SMAE2014:BEBIDAS_ALCOHOLICAS:9
Champillonesal ajillo,,39.5833,0,3.3333,2.0833,0,0,taza,240,SMAE 2014,SMAE2014:PLATILLOS_GUARNICIONES:24
Champiñon cocido entero,,25.641,3.5897,4.1026,0.3846,1.7949,0,taza,156,SMAE 2014,SMAE2014:VERDURAS:25
Champiñon cocido rebanado,,25.7143,3.5714,4,0.2857,1.8571,0,taza,140,SMAE 2014,SMAE2014:VERDURAS:26
Champiñon crudo entero,,21.5054,3.1183,3.3333,0.3226,0.9677,0,taza,93,SMAE 2014,SMAE2014:VERDURAS:27
Champíñon crudo rebanado,,21.9048,3.0476,3.2381,0.381,1.0476,0,taza,70,SMAE 2014,SMAE2014:VERDURAS:28
Charales frescos,,159.2593,25.1852,1.1111,5.9259,0,0,,,SMAE 2014,SMAE2014:A_O_A_MUY_BAJOS_EN_GRASA:72
Charales secos,,316.6667,68.3333,2.5,4.1667,0,0,,,SMAE 2014,SMAE2014:A_O_A_MUY_BAJOS_EN_GRASA:73
Charritos de amaranto,,505,7.5,50.5,29,2.5,0,bolsa,40,SMAE 2014,SMAE2014:CEREALES_CON_GRASA:26
Chayote cocido picado,,23.75,0.625,5.125,0.5,2.75,0,taza,160,SMAE 2014,SMAE2014:VERDURAS:29
Chayote crudo,,19,0.8,4.5,0.1,1.7,0,pieza,200,SMAE 2014,SMAE2014:VERDURAS:30
Chayotes al horno con crema y queso,,40.625,0,2.5,2.0833,0,0,taza,80,SMAE 2014,SMAE2014:PLATILLOS_GUARNICIONES:38
Chayotes reyenos,,40.625,0,2.5,2.0833,0,0,taza,60,SMAE 2014,SMAE2014:PLATILLOS_GUARNICIONES:39
Cheescake,,320,5.6667,25.6667,22.6667,0.3333,0,rebanada,30,SMAE 2014,SMAE2014:CEREALES_CON_GRASA:27
Cheetos,,550,4,52,36,0,0,,,SMAE 2014,SMAE2014:CEREALES_CON_GRASA:28
Cheetos poffs,,530,8,52,32,3,0,,,SMAE 2014,SMAE2014:CEREALES_CON_GRASA:29
Cheez whiz,,275.7576,12.1212,9.0909,20.9091,0,0,cucharada,16.5,SMAE 2014,SMAE2014:A_O_A_ALTO_EN_GRASA:14
Chepil crudo,,63.4146,6.8293,7.3171,0.4878,2.1951,0,,,SMAE 2014,SMAE2014:VERDURAS:31
Cherimoya picada,,74.359,1.6667,17.6923,0.641,2.3077,0,taza,156,SMAE 2014,SMAE2014:FRUTAS:27
Cherna,,84.2105,19.2105,0,0.7895,0,0,,,SMAE 2014,SMAE2014:A_O_A_MUY_BAJOS_EN_GRASA:74
Chetos torciditos,,540,5,51,35,2,0,,,SMAE 2014,SMAE2014:CEREALES_CON_GRASA:30
Chewy candy,,338.4615,0,80.7692,1.5385,0,0,pieza,26,SMAE 2014,SMAE2014:AZUCARES_SIN_GRASA:33
Chía,,140.8163,7.1429,3.8776,12.0408,0,0,cucharada,7,SMAE 2014,SMAE2014:ACEITES_Y_GRASAS_CON_PROTEINAS:136
Chía,,140.8163,7.1429,3.8776,12.0408,0,0,cucharada,7,SMAE 2014,SMAE2014:ACEITES_Y_GRASAS_CON_PROTEINAS:33
Chicharo cocido con vaina,,78.5714,5.3571,14.2857,0.3571,5,0,taza,56,SMAE 2014,SMAE2014:VERDURAS:33
Chícharo cocido sin vaina,,85,5.25,15.25,0.25,5.5,0,taza,160,SMAE 2014,SMAE2014:VERDURAS:32
Chicharo en vaina cocido,,39.6226,3.2075,6.4151,0.1887,2.8302,0,taza,159,SMAE 2014,SMAE2014:VERDURAS:34
Chicharo germinado cocido,,97.0874,6.9903,16.9903,0.4854,0,0,taza,206,SMAE 2014,SMAE2014:LEGUMINOSAS:10
Chicharos o espinacas con crema,,77.0833,0,3.3333,6.25,0,0,taza,240,SMAE 2014,SMAE2014:PLATILLOS_GUARNICIONES:34
Chicharrón,,600,57.5,0,39.1667,0,0,,,SMAE 2014,SMAE2014:A_O_A_MODERADOS_EN_GRASA:15
Chicharrón de cerdo,,600,57.5,0,39.1667,0,0,,,SMAE 2014,SMAE2014:A_O_A_MODERADOS_EN_GRASA:16
Chicharrón de harina enchilado,,460.8696,9.1304,54.3478,24.3478,3.913,0,bolsa,46,SMAE 2014,SMAE2014:CEREALES_CON_GRASA:31
Chicharrón de puerco,,600,57.5,0,39.1667,0,0,,,SMAE 2014,SMAE2014:A_O_A_MODERADOS_EN_GRASA:17
Chicle,,246.6667,0,66,0,0,0,pieza,3,SMAE 2014,SMAE2014:AZUCARES_SIN_GRASA:34
Chicle bajo en azúcar,,266.6667,0,95,0,0,0,pieza,2,SMAE 2014,SMAE2014:AZUCARES_SIN_GRASA:35
Chicle casacabel,,266.6667,10,53.3333,6.6667,0,0,,,SMAE 2014,SMAE2014:ALIMENTOS_LIBRES_EN_ENERGIA:55
Chicle en polvo,,400,20,80,10,0,0,pieza,0.33,SMAE 2014,SMAE2014:ALIMENTOS_LIBRES_EN_ENERGIA:56
Chicle piquín,,400,20,80,10,0,0,pieza,0.33,SMAE 2014,SMAE2014:ALIMENTOS_LIBRES_EN_ENERGIA:57
Chicle piquín molido,,250,10,40,15,0,0,cucharadita,4,SMAE 2014,SMAE2014:ALIMENTOS_LIBRES_EN_ENERGIA:58
Chicle sin azúcar,,333.3333,0,66.6667,0,0,0,pieza,3,SMAE 2014,SMAE2014:ALIMENTOS_LIBRES_EN_ENERGIA:54
Chicloso,,383.3333,2.5,72.5,9.1667,0,0,pieza,12,SMAE 2014,SMAE2014:AZUCARES_SIN_GRASA:36
Chicoria cruda,,20,1.1667,3.4167,0.1667,0.9167,0,,,SMAE 2014,SMAE2014:VERDURAS:35
Chicozapote,,82.6667,0.4,19.8667,1.0667,5.3333,0,pieza,150,SMAE 2014,SMAE2014:FRUTAS:28
Chilacayote crudo,,14.0741,1.1852,2.6667,0.2222,0.2963,0,,,SMAE 2014,SMAE2014:VERDURAS:37
Chilaquiles,,168.75,0,21.25,6.25,0,0,taza,160,SMAE 2014,SMAE2014:PLATILLOS_DE_DESAYUNO:30
Chilaquiles,,89.7436,0,16.4103,1.2821,0,0,taza,195,SMAE 2014,SMAE2014:PLATILLOS_SOPAS:50
Chilaquiles rojos con pollo,,175,0,16.8421,7.8947,0,0,taza,190,SMAE 2014,SMAE2014:PLATILLOS_PLATOS_FUERTES:46
Chile chilaca,,40,1.6,7.4,0.4,1,0,pieza,25,SMAE 2014,SMAE2014:VERDURAS:38
Chile chipotle seco,,362.5,15,60,6.25,7.5,0,pieza,4,SMAE 2014,SMAE2014:VERDURAS:39
Chile costeño,,31.4815,1.6667,7.2222,0.1852,2.037,0,pieza,13.5,SMAE 2014,SMAE2014:VERDURAS:40
Chile cristalino,,37.037,1.6667,7.2222,0.1852,2.037,0,pieza,13.5,SMAE 2014,SMAE2014:VERDURAS:41
Chile cuaresmeño,,32,1.6,7.4,0.4,1,0,pieza,25,SMAE 2014,SMAE2014:VERDURAS:42
Chile de árbol seco,,300,12.8571,61.4286,5.7143,30,0,pieza,1.75,SMAE 2014,SMAE2014:VERDURAS:43
Chile habanero,,37.3134,2.2388,5.3731,0.7463,1.6418,0,pieza,13.4,SMAE 2014,SMAE2014:VERDURAS:44
Chile jalapeño,,29.4872,1.4103,5.8974,0.641,2.8205,0,pieza,13,SMAE 2014,SMAE2014:VERDURAS:45
Chile poblano,,46.875,2.5,10.3125,0.625,0.3125,0,pieza,64,SMAE 2014,SMAE2014:VERDURAS:46
Chiles secos,,328.5714,11.4286,61.4286,10,0,0,,,SMAE 2014,SMAE2014:VERDURAS:47
Chilorio,,213.3333,16.6667,2.3333,15.6667,0,0,,,SMAE 2014,SMAE2014:ACEITES_Y_GRASAS_CON_PROTEINAS:137
Chilorio,,213.3333,16.6667,2.3333,15.6667,0,0,,,SMAE 2014,SMAE2014:ACEITES_Y_GRASAS_CON_PROTEINAS:34
Chilorio de pavo,,213.3333,16.6667,2.3333,15.6667,0,0,,,SMAE 2014,SMAE2014:ACEITES_Y_GRASAS_CON_PROTEINAS:138
Chilorio de pavo,,213.3333,16.6667,2.3333,15.6667,0,0,,,SMAE 2014,SMAE2014:ACEITES_Y_GRASAS_CON_PROTEINAS:35
Chipirón (calamar) crudo,,91.1111,15.5556,3.1111,1.3333,0,0,,,SMAE 2014,SMAE2014:A_O_A_MUY_BAJOS_EN_GRASA:75
Chips ahoy,,478.9474,5.2632,66.3158,21.0526,1.5789,0,pieza,9.5,SMAE 2014,SMAE2014:CEREALES_CON_GRASA:32
Chips de platano,,519.0476,2.381,58.5714,33.8095,8.0952,0,bolsa individual,49,SMAE 2014,SMAE2014:CEREALES_CON_GRASA:33
Chirimoya,,94.6429,1.25,23.9286,0.3571,2.1429,0,pieza,168,SMAE 2014,SMAE2014:FRUTAS:29
Chispas de chocolate,,522.2222,7.2222,57.7778,28.8889,0,0,cucharadita,3.6,SMAE 2014,SMAE2014:AZUCARES_CON_GRASA:18
Chispas de chocolate hershey,,523.5294,4.7059,62.9412,28.2353,0,0,cucharadita,3.4,SMAE 2014,SMAE2014:AZUCARES_CON_GRASA:17
Chistorra,,486.6667,11.3333,4.6667,46.6667,0,0,,,SMAE 2014,SMAE2014:ACEITES_Y_GRASAS_CON_PROTEINAS:139
Chistorra,,486.6667,11.3333,4.6667,46.6667,0,0,,,SMAE 2014,SMAE2014:ACEITES_Y_GRASAS_CON_PROTEINAS:36
Choco chispas,,516.6667,5.5556,70.5556,1.1111,1.1111,0,pieza,4.5,SMAE 2014,SMAE2014:CEREALES_CON_GRASA:34
Chocolate amargo,,500,5,57.1429,31.4286,0,0,pieza,42,SMAE 2014,SMAE2014:AZUCARES_CON_GRASA:19
Chocolate blanco,,540,6,59.3333,32,0,0,,,SMAE 2014,SMAE2014:AZUCARES_CON_GRASA:20
Chocolate blanco son azúcar,,473.6842,8.9474,52.1053,35.2632,0,0,,,SMAE 2014,SMAE2014:AZUCARES_CON_GRASA:21
Chocolate con almendras,,513.3333,8.6667,52,33.3333,0,0,barra,45,SMAE 2014,SMAE2014:AZUCARES_CON_GRASA:23
Chocolate con arroz tostado,,538.4615,7.6923,60.7692,30,0,0,barra,39,SMAE 2014,SMAE2014:AZUCARES_CON_GRASA:22
Chocolate con azúcar,,466.6667,4,75.3333,16.6667,0,0,,,SMAE 2014,SMAE2014:AZUCARES_CON_GRASA:24
Chocolate con galleta y caramelo,,500,4.6667,64.6667,24.6667,0,0,barra,30,SMAE 2014,SMAE2014:AZUCARES_CON_GRASA:25
Chocolate con leche,,426.6667,9.3333,74,10.6667,0,0,,,SMAE 2014,SMAE2014:AZUCARES_CON_GRASA:26
Chocolate con leche con menos del 10% proteinas,,428.5714,9.2857,73.5714,10.7143,0,0,,,SMAE 2014,SMAE2014:AZUCARES_CON_GRASA:27
Chocolate con leche y almendras sin azúcar,,573.3333,10,40,42,0,0,,,SMAE 2014,SMAE2014:AZUCARES_CON_GRASA:28
Chocolate con nugar,,457.8947,4.2105,71.5789,17.3684,0,0,pieza,57,SMAE 2014,SMAE2014:AZUCARES_CON_GRASA:29
Chocolate con nugar y cacahuate,,473.6842,7.3684,60.5263,23.6842,0,0,pieza,57,SMAE 2014,SMAE2014:AZUCARES_CON_GRASA:30
Chocolate de coco y almendras,,487.5,4.375,60.625,27.5,0,0,pieza,48,SMAE 2014,SMAE2014:AZUCARES_CON_GRASA:31
Chocolate de leche,,517.6471,7.6471,57.6471,28.8235,0,0,pieza,25.5,SMAE 2014,SMAE2014:AZUCARES_CON_GRASA:32
Chocolate de menta,,400,1.7647,75.2941,11.7647,0,0,pieza,8.5,SMAE 2014,SMAE2014:AZUCARES_CON_GRASA:33
Chocolate en polvo con más del 10% proteínas,,400,12.6667,73.3333,6.6667,0,0,,,SMAE 2014,SMAE2014:AZUCARES_CON_GRASA:34
Chocolate en polvo con menos del 10% proteinas,,400,7.5,84.1667,3.3333,0,0,,,SMAE 2014,SMAE2014:AZUCARES_CON_GRASA:35
Chocolate en polvo DICONSA,,376,60,24,4.4,0,0,,,SMAE 2014,SMAE2014:AZUCARES_CON_GRASA:36
Chocolate en polvo sin azúcar,,400,20,60,10,0,0,cucharadita,5,SMAE 2014,SMAE2014:AZUCARES_SIN_GRASA:37
Chocolate en polvo sin azúcares,,400,20,60,10,0,0,cucharadita,5,SMAE 2014,SMAE2014:AZUCARES_CON_GRASA:37
Chocolate fundido,,421.4286,2.1429,77.8571,10.7143,0,0,cucharada,18.67,SMAE 2014,SMAE2014:AZUCARES_CON_GRASA:38
Chocolate para repostería sin azúcar,,500,10,30,55,0,0,,,SMAE 2014,SMAE2014:ALIMENTOS_LIBRES_EN_ENERGIA:59
Chocolate rallado,,511.7647,5.2941,58.2353,31.7647,0,0,cucharadita,3.4,SMAE 2014,SMAE2014:AZUCARES_CON_GRASA:39
Chocolate semi amargo,,476.4706,4.1176,62.9412,30,0,0,,,SMAE 2014,SMAE2014:AZUCARES_CON_GRASA:40
Chocolate sin azúcar,,566.6667,14,40.6667,38.6667,0,0,,,SMAE 2014,SMAE2014:AZUCARES_CON_GRASA:41
Chongos zamoranos,,179.6296,6.0185,32.037,2.963,0,0,taza,216,SMAE 2014,SMAE2014:LECHE_CON_AZUCAR:15
Chorizo,,426.6667,23.3333,0,37.3333,0,0,,,SMAE 2014,SMAE2014:ACEITES_Y_GRASAS_CON_PROTEINAS:140
Chorizo,,426.6667,23.3333,0,37.3333,0,0,,,SMAE 2014,SMAE2014:ACEITES_Y_GRASAS_CON_PROTEINAS:37
Chorizo de pollo,,205.7143,14.2857,0.2857,16.2857,0,0,,,SMAE 2014,SMAE2014:ACEITES_Y_GRASAS_CON_PROTEINAS:141
Chorizo de pollo,,205.7143,14.2857,0.2857,16.2857,0,0,,,SMAE 2014,SMAE2014:ACEITES_Y_GRASAS_CON_PROTEINAS:38
Chorizo vegetariano,,466.6667,27.3333,1.3333,38,0,0,,,SMAE 2014,SMAE2014:ACEITES_Y_GRASAS_CON_PROTEINAS:142
Chorizo vegetariano,,466.6667,27.3333,1.3333,38,0,0,,,SMAE 2014,SMAE2014:ACEITES_Y_GRASAS_CON_PROTEINAS:39
Chuleta ahumada,,100,17.9412,0.2941,2.9412,0,0,pieza,68,SMAE 2014,SMAE2014:A_O_A_MUY_BAJOS_EN_GRASA:76
Chuleta de carnero,,291.6667,15.5556,0,25,0,0,,,SMAE 2014,SMAE2014:A_O_A_ALTO_EN_GRASA:15
Chuleta de cerdo,,142.1053,20,0,6.3158,0,0,pieza,76,SMAE 2014,SMAE2014:A_O_A_BAJO_EN_GRASA:34
Chuleta de cordero entera,,208.8889,18.4444,0,14.4444,0,0,pieza,135,SMAE 2014,SMAE2014:A_O_A_ALTO_EN_GRASA:16
Churritos barcel,,553.3333,5.3333,51.3333,36.6667,4.6667,0,paquete,60,SMAE 2014,SMAE2014:CEREALES_CON_GRASA:35
Cilantro picado crudo,,23.3333,2.1667,3.6667,0.5,2.8333,0,taza,60,SMAE 2014,SMAE2014:VERDURAS:48
Ciricote,,65.5556,1.2222,16.6667,0.1111,1.5556,0,,,SMAE 2014,SMAE2014:FRUTAS:30
Ciruela criolla roja o amarilla,,46.2025,0.6962,11.4557,0.2532,1.3924,0,pieza,52.67,SMAE 2014,SMAE2014:FRUTAS:31
Ciruela negra,,75.7576,1.0606,18.9394,0,1.9697,0,pieza,132,SMAE 2014,SMAE2014:FRUTAS:32
Ciruela pasa deshuesada,,107.1429,0.8929,28.0357,0.1786,3.0357,0,pieza,8,SMAE 2014,SMAE2014:FRUTAS:33
Clamato,,31.6667,0,1.3333,0,0,0,vaso,300,SMAE 2014,SMAE2014:PLATILLOS_BEBIDAS:46
Clara de huevo,,48.4848,10.9091,0.7576,0.1515,0,0,pieza,33,SMAE 2014,SMAE2014:A_O_A_MUY_BAJOS_EN_GRASA:77
Clara de huevo en polvo,,380,81,8,0,0,0,cucharada,6.67,SMAE 2014,SMAE2014:A_O_A_MUY_BAJOS_EN_GRASA:78
Clavito (hongo) crudo,,39.4366,6.0563,5.3521,0.5634,1.5493,0,taza,71,SMAE 2014,SMAE2014:VERDURAS:49
Clavo,,300,5,60,20,0,0,cucharadita,2,SMAE 2014,SMAE2014:ALIMENTOS_LIBRES_EN_ENERGIA:60
Clavo de olor,,300,5,60,20,0,0,cucharadita,2,SMAE 2014,SMAE2014:ALIMENTOS_LIBRES_EN_ENERGIA:61
Clavo en polvo,,300,5,60,20,0,0,cucharadita,2,SMAE 2014,SMAE2014:ALIMENTOS_LIBRES_EN_ENERGIA:62
Clavo entero,,300,5,60,20,0,0,,,SMAE 2014,SMAE2014:ALIMENTOS_LIBRES_EN_ENERGIA:63
Clavo molido,,300,5,60,20,0,0,cucharadita,2,SMAE 2014,SMAE2014:ALIMENTOS_LIBRES_EN_ENERGIA:64
Clight,,200,0,50,0,0,0,sobre,1.33,SMAE 2014,SMAE2014:ALIMENTOS_LIBRES_EN_ENERGIA:65
Coca light,,0.4167,0,0.0417,0,0,0,lata,240,SMAE 2014,SMAE2014:ALIMENTOS_LIBRES_EN_ENERGIA:68
Cocacola de dieta,,0.4167,0,0.0417,0,0,0,lata,240,SMAE 2014,SMAE2014:ALIMENTOS_LIBRES_EN_ENERGIA:69
Cocca Cola de dieta,,0.4167,0,0.0417,0,0,0,lata,240,SMAE 2014,SMAE2014:ALIMENTOS_LIBRES_EN_ENERGIA:66
Cocca Cola Zero,,0.4167,0,0,0,0,0,lata,240,SMAE 2014,SMAE2014:ALIMENTOS_LIBRES_EN_ENERGIA:67
Cocktail de frutas en almibar,,70.9677,0.4839,18.871,0.1613,1.7742,0,taza,248,SMAE 2014,SMAE2014:FRUTAS:34
Cocktail de frutas enlatado en agua,,31.9328,0.4202,8.4874,0.084,1.0084,0,taza,238,SMAE 2014,SMAE2014:FRUTAS:35
Cocktail de frutas enlatado en jugo de frutas,,46.2185,0.5042,11.8487,0,1.0084,0,taza,238,SMAE 2014,SMAE2014:FRUTAS:36
Coco,,512.5,6.25,11.25,53.75,0,0,,,SMAE 2014,SMAE2014:ACEITES_Y_GRASAS:64
Coco de aceite,,512.5,6.25,11.25,53.75,0,0,,,SMAE 2014,SMAE2014:ACEITES_Y_GRASAS:65
Coco deshidratado,,666.6667,6.6667,25,65,0,0,,,SMAE 2014,SMAE2014:ACEITES_Y_GRASAS:66
Coco en hojuelas,,488.8889,3.3333,48.8889,33.3333,0,0,cucharada,4.5,SMAE 2014,SMAE2014:ACEITES_Y_GRASAS:67
Coco entero,,300,3.5714,5,32.8571,0,0,,,SMAE 2014,SMAE2014:ACEITES_Y_GRASAS:68
Coco fresco,,350,3.3333,15,33.3333,0,0,,,SMAE 2014,SMAE2014:ACEITES_Y_GRASAS:69
Coco rallado,,488.8889,3.3333,46.6667,34.4444,0,0,cucharada,6,SMAE 2014,SMAE2014:ACEITES_Y_GRASAS:70
Coco rallado y endulzado,,488.8889,3.3333,46.6667,34.4444,0,0,cucharada,6,SMAE 2014,SMAE2014:ACEITES_Y_GRASAS:71
Coco seco y endulzado,,488.8889,3.3333,46.6667,34.4444,0,0,cucharada,6,SMAE 2014,SMAE2014:ACEITES_Y_GRASAS:73
Cocoa en polvo con aspartame,,300,23.3333,53.3333,3.3333,0,0,cucharada,12,SMAE 2014,SMAE2014:ALIMENTOS_LIBRES_EN_ENERGIA:70
Cocoa sin azúcar,,350,20,45,10,0,0,cucharada,10,SMAE 2014,SMAE2014:ALIMENTOS_LIBRES_EN_ENERGIA:71
Cocoa sin azúcar Hershey,,350,20,45,10,0,0,cucharada,10,SMAE 2014,SMAE2014:ALIMENTOS_LIBRES_EN_ENERGIA:72
Cococa en polvo,,400,20,60,10,0,0,cucharadita,5,SMAE 2014,SMAE2014:AZUCARES_SIN_GRASA:38
Cocoyol,,172.093,5.814,22.093,8.8372,4.8837,0,,,SMAE 2014,SMAE2014:FRUTAS:37
Codito al chipotle,,86.5385,0,15.8974,1.2821,0,0,taza,195,SMAE 2014,SMAE2014:PLATILLOS_SOPAS:43
Codito con atún,,134.5238,0,14.2857,5.9524,0,0,taza,210,SMAE 2014,SMAE2014:PLATILLOS_SOPAS:55
Codito crudo,,370,12.5,75,1,0.5,0,,,SMAE 2014,SMAE2014:CEREALES_SIN_GRASA:86
Coditos con crema deshidratados,,406.6667,12.6667,64,10,0,0,cucharada,10,SMAE 2014,SMAE2014:CEREALES_SIN_GRASA:87
Cokctail de fruta,,83.3333,0,20.8333,0,0,0,taza,240,SMAE 2014,SMAE2014:PLATILLOS_POSTRES:7
Col cocida picada,,22.6667,1.3333,5.4667,0,1.8667,0,taza,150,SMAE 2014,SMAE2014:VERDURAS:50
Col cruda picada,,24.1071,1.25,5.3571,0.1786,2.3214,0,taza,56,SMAE 2014,SMAE2014:VERDURAS:51
Col morada cruda picada,,30.3571,1.4286,7.3214,0.1786,2.1429,0,taza,56,SMAE 2014,SMAE2014:VERDURAS:52
Colesita de Bruselas cocida,,36.5079,2.5397,7.1429,0.4762,2.5397,0,pieza,21,SMAE 2014,SMAE2014:VERDURAS:53
Coliflor cocida,,22.4,1.84,4.08,0.48,2.32,0,taza,125,SMAE 2014,SMAE2014:VERDURAS:54
Coliflor cruda,,25,2,5.25,0.125,2.5,0,taza,40,SMAE 2014,SMAE2014:VERDURAS:55
Coliflor verde cocida,,32.3529,3.0882,6.1765,3.0882,3.2353,0,taza,136,SMAE 2014,SMAE2014:VERDURAS:56
Coliflor verde cruda,,30.7692,2.9487,6.1538,2.9487,3.2051,0,taza,39,SMAE 2014,SMAE2014:VERDURAS:57
Colinabo crudo,,33.3333,1.6667,6.2121,1.6667,2.1212,0,,,SMAE 2014,SMAE2014:VERDURAS:58
Coloc,,101.6667,1.8333,25.6667,0.5,0.6,0,,,SMAE 2014,SMAE2014:FRUTAS:38
Comino,,350,20,45,20,0,0,cucharadita,2,SMAE 2014,SMAE2014:ALIMENTOS_LIBRES_EN_ENERGIA:73
Comino entetro,,350,20,45,20,0,0,cucharadita,2,SMAE 2014,SMAE2014:ALIMENTOS_LIBRES_EN_ENERGIA:74
Comino molido,,600,20,40,20,0,0,cucharadita,2,SMAE 2014,SMAE2014:ALIMENTOS_LIBRES_EN_ENERGIA:75
Concentrado de pollo,,200,13.3333,23.3333,3.3333,0,0,,,SMAE 2014,SMAE2014:ALIMENTOS_LIBRES_EN_ENERGIA:76
"Concha, pan dulce",,414.2857,10.9524,52.8571,17.619,0,0,pieza,63,SMAE 2014,SMAE2014:CEREALES_CON_GRASA:36
Conejo,,159.375,20.3125,0,8.125,0,0,,,SMAE 2014,SMAE2014:A_O_A_BAJO_EN_GRASA:35
Conejo de crianza,,159.375,20.3125,0,8.125,0,0,,,SMAE 2014,SMAE2014:A_O_A_BAJO_EN_GRASA:36
Consiomé de res,,7.5,1.1667,0.0833,0.25,0,0,taza,240,SMAE 2014,SMAE2014:ALIMENTOS_LIBRES_EN_ENERGIA:85
Consiomé de res en polvo,,16.6667,0,3.3333,1.6667,0,0,cucharada,12,SMAE 2014,SMAE2014:ALIMENTOS_LIBRES_EN_ENERGIA:88
Consomé,,16.6667,2,0.3333,0.5,0,0,taza,240,SMAE 2014,SMAE2014:ALIMENTOS_LIBRES_EN_ENERGIA:77
Consomé de camarón en polvo,,200,15,25,5,0,0,cucharada,12,SMAE 2014,SMAE2014:ALIMENTOS_LIBRES_EN_ENERGIA:78
Consomé de pescado,,30,0,1,2,0,0,,,SMAE 2014,SMAE2014:ALIMENTOS_LIBRES_EN_ENERGIA:79
Consomé de pollo,,16.6667,2,0.3333,0.5,0,0,taza,240,SMAE 2014,SMAE2014:ALIMENTOS_LIBRES_EN_ENERGIA:80
Consomé de pollo bajo en grasa,,8.3333,0.5,1.3333,0,0,0,cucharada,12,SMAE 2014,SMAE2014:ALIMENTOS_LIBRES_EN_ENERGIA:81
Consomé de pollo desgarsado en polvo,,16.6667,0,3.3333,3.3333,0,0,cucharada,12,SMAE 2014,SMAE2014:ALIMENTOS_LIBRES_EN_ENERGIA:82
Consomé de pollo en cubo,,200,15,25,5,0,0,pieza,6,SMAE 2014,SMAE2014:ALIMENTOS_LIBRES_EN_ENERGIA:83
Consomé de pollo en polvo,,200,15,25,5,0,0,cucharada,12,SMAE 2014,SMAE2014:ALIMENTOS_LIBRES_EN_ENERGIA:84
Consomé de res condesado,,13.3333,2.1667,0,0.3333,0,0,taza,240,SMAE 2014,SMAE2014:ALIMENTOS_LIBRES_EN_ENERGIA:86
Consomé de res en cubo,,250,15,25,10,0,0,pieza,6,SMAE 2014,SMAE2014:ALIMENTOS_LIBRES_EN_ENERGIA:87
Consomé de res enlatado,,13.3333,2.1667,0,0.3333,0,0,taza,240,SMAE 2014,SMAE2014:ALIMENTOS_LIBRES_EN_ENERGIA:89
Consomé de verdura,,25,0,2.5,1.0417,0,0,taza,240,SMAE 2014,SMAE2014:PLATILLOS_SOPAS:10
Consomé en polvo,,200,15,25,5,0,0,cucharada,12,SMAE 2014,SMAE2014:ALIMENTOS_LIBRES_EN_ENERGIA:90
Consomé sabor tomate,,300,15,75,0,0,0,,,SMAE 2014,SMAE2014:ALIMENTOS_LIBRES_EN_ENERGIA:91
Consomés y caldos desgrasados,,4.6875,0,0,0.5208,0,0,taza,240,SMAE 2014,SMAE2014:PLATILLOS_SOPAS:6
Coñac,,240,0,2,0,0,0,ml,1,SMAE 2014,SMAE2014:BEBIDAS_ALCOHOLICAS:10
Coquito,,683.3333,8.3333,15,71.6667,0,0,,,SMAE 2014,SMAE2014:ACEITES_Y_GRASAS:74
Corazón de borrego,,122.2222,16.4444,0.4444,5.5556,0,0,,,SMAE 2014,SMAE2014:A_O_A_BAJO_EN_GRASA:37
Corazón de borrego cocido,,183.3333,24.6667,2,8,0,0,,,SMAE 2014,SMAE2014:A_O_A_BAJO_EN_GRASA:38
Corazón de cordero,,122.2222,16.4444,0.4444,5.5556,0,0,,,SMAE 2014,SMAE2014:A_O_A_BAJO_EN_GRASA:39
Corazón de cordero cocido,,183.3333,24.6667,2,8,0,0,,,SMAE 2014,SMAE2014:A_O_A_BAJO_EN_GRASA:40
Corazón de lechuga crudo,,9.6774,0.9677,3.5484,0.9677,1.5323,0,pieza,124,SMAE 2014,SMAE2014:VERDURAS:60
Corazón de palmito crudo,,27.2727,2.4242,4.5455,2.4242,2.4242,0,pieza,33,SMAE 2014,SMAE2014:VERDURAS:61
Corazón de pavo,,145,18.25,0.75,7,0,0,,,SMAE 2014,SMAE2014:A_O_A_BAJO_EN_GRASA:41
Corazón de pollo cocido,,212,31.6,0,10.4,0,0,,,SMAE 2014,SMAE2014:A_O_A_BAJO_EN_GRASA:42
Corazón de puerco cocido,,148,23.6,0.4,5.2,0,0,,,SMAE 2014,SMAE2014:A_O_A_MUY_BAJOS_EN_GRASA:79
Corazón de puerco crudo,,117.1429,17.1429,1.4286,4.2857,0,0,,,SMAE 2014,SMAE2014:A_O_A_MUY_BAJOS_EN_GRASA:80
Corazón de res cocido,,164,28.4,0,4.8,0,0,,,SMAE 2014,SMAE2014:A_O_A_MUY_BAJOS_EN_GRASA:81
Corazón de res crudo,,113.1579,17.6316,0.2632,3.9474,0,0,,,SMAE 2014,SMAE2014:A_O_A_MUY_BAJOS_EN_GRASA:82
Corazón de ternera cocido,,185,29,0,7,0,0,,,SMAE 2014,SMAE2014:A_O_A_MUY_BAJOS_EN_GRASA:83
Corazón de ternera crudo,,110,17.25,0,4,0,0,,,SMAE 2014,SMAE2014:A_O_A_MUY_BAJOS_EN_GRASA:84
Cordero,,281.0811,16.4865,0,23.2432,0,0,,,SMAE 2014,SMAE2014:A_O_A_ALTO_EN_GRASA:17
Corned beef,,216,26.8,0,12.4,0,0,,,SMAE 2014,SMAE2014:A_O_A_BAJO_EN_GRASA:43
Corned beef con áspic,,153.3333,23,0,6,0,0,,,SMAE 2014,SMAE2014:A_O_A_BAJO_EN_GRASA:44
Coroso,,514.2857,5.7143,11.4286,53.5714,0,0,,,SMAE 2014,SMAE2014:ACEITES_Y_GRASAS_CON_PROTEINAS:143
Coroso,,514.2857,5.7143,11.4286,53.5714,0,0,,,SMAE 2014,SMAE2014:ACEITES_Y_GRASAS_CON_PROTEINAS:40
Costilla de carnero,,291.6667,15.5556,0,25,0,0,,,SMAE 2014,SMAE2014:A_O_A_ALTO_EN_GRASA:18
Costilla de res,,386.2069,15.5172,0,35.5172,0,0,,,SMAE 2014,SMAE2014:A_O_A_ALTO_EN_GRASA:19
Costillar de cerdo,,209.0909,19.697,0,13.9394,0,0,,,SMAE 2014,SMAE2014:A_O_A_MODERADOS_EN_GRASA:18
Costillitas de cerdo,,209.0909,19.697,0,13.9394,0,0,,,SMAE 2014,SMAE2014:A_O_A_MODERADOS_EN_GRASA:19
Costra para pay casera,,121.1111,1.5556,10.8889,8,0.4444,0,,,SMAE 2014,SMAE2014:CEREALES_CON_GRASA:37
Costra para pay congelada,,80.8,1.04,9.04,4.64,0.48,0,,,SMAE 2014,SMAE2014:CEREALES_CON_GRASA:38
Couscous,,111.5385,3.8462,23.0769,0.1923,1.3462,0,taza,156,SMAE 2014,SMAE2014:CEREALES_SIN_GRASA:88
Cozarón de alcachofa crudo,,64,2.4,16.4,2.4,1.2,0,pieza,25,SMAE 2014,SMAE2014:VERDURAS:59
Creama chantilly,,350,1.6667,2.5,36.6667,0,0,cucharada,8,SMAE 2014,SMAE2014:ACEITES_Y_GRASAS:82
Creama de coco dulce,,189.4737,1.0526,53.1579,16.3158,0,0,cucharadita,6.33,SMAE 2014,SMAE2014:ACEITES_Y_GRASAS:83
Creama de coco natural,,333.3333,3.3333,6.6667,34.6667,0,0,cucharadita,5,SMAE 2014,SMAE2014:ACEITES_Y_GRASAS:84
Creama dulce,,189.4737,2.6316,3.6842,18.9474,0,0,cucharadita,4.75,SMAE 2014,SMAE2014:ACEITES_Y_GRASAS:86
Crema,,286.6667,0,14,21.3333,0,0,cucharada,15,SMAE 2014,SMAE2014:ACEITES_Y_GRASAS:75
Crema 20% grasa (dulce),,195.2381,2.8571,3.8095,19.5238,0,0,cucharada,15.75,SMAE 2014,SMAE2014:ACEITES_Y_GRASAS:76
Crema 40% grasa (agria),,346.1538,2.3077,3.0769,36.9231,0,0,cucharada,13,SMAE 2014,SMAE2014:ACEITES_Y_GRASAS:77
Crema ácida,,219.0476,3.3333,4.2857,20.9524,0,0,cucharada,10.5,SMAE 2014,SMAE2014:ACEITES_Y_GRASAS:78
Crema agria,,338.4615,2.3077,3.0769,36.9231,0,0,cucharada,13,SMAE 2014,SMAE2014:ACEITES_Y_GRASAS:79
Crema batida,,350,1.6667,2.5,36.6667,0,0,cuchrada,8,SMAE 2014,SMAE2014:ACEITES_Y_GRASAS:80
Crema batida en aerosol,,266.6667,3.3333,13.3333,23.3333,0,0,cucharada,3,SMAE 2014,SMAE2014:ACEITES_Y_GRASAS:81
Crema de brocoli,,40.4167,0,3.3167,2.1417,0,0,taza,240,SMAE 2014,SMAE2014:PLATILLOS_SOPAS:17
Crema de calabacitas,,40.4167,0,3.325,2.1417,0,0,taza,240,SMAE 2014,SMAE2014:PLATILLOS_SOPAS:18
Crema de elote,,62.5,0,7.1875,2.7083,0,0,taza,240,SMAE 2014,SMAE2014:PLATILLOS_SOPAS:32
Crema de espinacas,,40.4167,0,3.325,2.1417,0,0,taza,240,SMAE 2014,SMAE2014:PLATILLOS_SOPAS:19
Crema de leche en polvo,,550,5,55,35,0,0,cucharadita,2,SMAE 2014,SMAE2014:ACEITES_Y_GRASAS:85
Crema de menta,,370,0,41.5,0,0,0,ml,1,SMAE 2014,SMAE2014:BEBIDAS_ALCOHOLICAS:11
crema de papa,,62.5,0,7.1875,2.7083,0,0,taza,240,SMAE 2014,SMAE2014:PLATILLOS_SOPAS:31
Crema de poblano,,40.4167,0,3.325,2.1417,0,0,taza,240,SMAE 2014,SMAE2014:PLATILLOS_SOPAS:20
Crema de verduras,,40.4167,0,3.3167,2.1417,0,0,taza,240,SMAE 2014,SMAE2014:PLATILLOS_SOPAS:16
Crema dulce para batir,,189.4737,2.6316,3.6842,18.9474,0,0,cucharadita,4.75,SMAE 2014,SMAE2014:ACEITES_Y_GRASAS:87
Crema en polvo para café,,544.4444,5,55,35.5556,0,0,cucharadita,2,SMAE 2014,SMAE2014:AZUCARES_CON_GRASA:43
Crema entera,,292.8571,2.1429,2.8571,30.7143,0,0,cucharada,14,SMAE 2014,SMAE2014:ACEITES_Y_GRASAS:88
Crema Lala Light,,48.75,1,1.75,4.25,0,0,cucharada,16,SMAE 2014,SMAE2014:ACEITES_Y_GRASAS:89
Crema ligera,,292.8571,2.1429,2.8571,30.7143,0,0,cucharada,14,SMAE 2014,SMAE2014:ACEITES_Y_GRASAS:90
Crema natural,,286.6667,0,14,21.3333,0,0,cucharada,15,SMAE 2014,SMAE2014:ACEITES_Y_GRASAS:91
Crema para batir,,195.2381,2.8571,3.8095,19.5238,0,0,cucharada,14,SMAE 2014,SMAE2014:ACEITES_Y_GRASAS:92
Crema para café,,292.8571,2.1429,2.8571,30.7143,0,0,cucharada,14,SMAE 2014,SMAE2014:ACEITES_Y_GRASAS:93
Crema s de cereal,,62.5,0,7.1875,2.7083,0,0,taza,240,SMAE 2014,SMAE2014:PLATILLOS_SOPAS:30
Cremor tártaro,,266.6667,0,60,0,0,0,cucharadita,3,SMAE 2014,SMAE2014:ALIMENTOS_LIBRES_EN_ENERGIA:92
Crepa,,230,5.3333,43.6667,3.3333,1.6667,0,pieza,15,SMAE 2014,SMAE2014:CEREALES_SIN_GRASA:89
Crepas de cajeta,,325,0,58.3333,8.3333,0,0,pieza,30,SMAE 2014,SMAE2014:PLATILLOS_POSTRES:24
Crepas de fresa,,231.25,0,40.625,6.25,0,0,pieza,40,SMAE 2014,SMAE2014:PLATILLOS_POSTRES:31
Crepas para rellenar,,230,7.6667,38.6667,4.6667,1,0,pieza,15,SMAE 2014,SMAE2014:CEREALES_SIN_GRASA:90
Crepas saladas,,230,5.3333,43.6667,3.3333,1.6667,0,pieza,15,SMAE 2014,SMAE2014:CEREALES_SIN_GRASA:91
Cresón cocido,,22.963,1.9259,3.8519,1.9259,0.7407,0,taza,135,SMAE 2014,SMAE2014:VERDURAS:62
Cresón limpio crudo,,32,2.8,5.6,2.8,1.2,0,taza,50,SMAE 2014,SMAE2014:VERDURAS:63
Croissant,,400,7.931,45.1724,20.6897,2.4138,0,pieza mediana,58,SMAE 2014,SMAE2014:CEREALES_CON_GRASA:39
Croissant de manzana,,253.4884,7.4419,36.9767,8.6047,2.5581,0,pieza mediana,57.33,SMAE 2014,SMAE2014:CEREALES_CON_GRASA:40
Croissant de queso,,406.8966,8.9655,46.2069,20.6897,2.4138,0,pieza mediana,58,SMAE 2014,SMAE2014:CEREALES_CON_GRASA:41
Croquetas de atún,,233.3333,0,5,16.6667,0,0,pieza,75,SMAE 2014,SMAE2014:PLATILLOS_PLATOS_FUERTES:41
Croutones,,406.6667,12,74,6.6667,5.3333,0,taza,30,SMAE 2014,SMAE2014:CEREALES_SIN_GRASA:92
Croutones sazonados,,456.5217,10.4348,62.1739,17.8261,4.7826,0,taza,30.67,SMAE 2014,SMAE2014:CEREALES_CON_GRASA:42
Crucetas crudas,,17.9487,1.1111,3.6752,1.1111,0.6838,0,,,SMAE 2014,SMAE2014:VERDURAS:64
Cuadritos de avena,,373.6842,15.2632,72.6316,5.2632,11.5789,0,taza,57,SMAE 2014,SMAE2014:CEREALES_SIN_GRASA:93
Cuadritos de avena con salvado,,373.6842,15.2632,72.6316,5.2632,11.5789,0,taza,57,SMAE 2014,SMAE2014:CEREALES_SIN_GRASA:94
Cuba,,63.3333,0,10,0,0,0,vaso,300,SMAE 2014,SMAE2014:PLATILLOS_BEBIDAS:42
Cubierta de chocolate,,400,0,75.8333,10.8333,0,0,cucharadita,6,SMAE 2014,SMAE2014:AZUCARES_SIN_GRASA:41
Cubierta de fresa,,256.25,0,66.25,0,0,0,cucharadita,5.33,SMAE 2014,SMAE2014:AZUCARES_SIN_GRASA:42
Cubierta de piña,,250,0,66.25,0,0,0,cucharadita,5.33,SMAE 2014,SMAE2014:AZUCARES_SIN_GRASA:43
Cubo consomé,,200,13.3333,23.3333,3.3333,0,0,pieza,24,SMAE 2014,SMAE2014:ALIMENTOS_LIBRES_EN_ENERGIA:93
Cueritos de fruta,,354.5455,0,81.8182,2.7273,0,0,pieza,22,SMAE 2014,SMAE2014:AZUCARES_SIN_GRASA:44
Cuernitos,,400,7.931,45.1724,20.6897,2.4138,0,pieza mediana,58,SMAE 2014,SMAE2014:CEREALES_CON_GRASA:43
Cuernitos de manzana,,253.4884,7.4419,36.9767,8.6047,2.5581,0,pieza mediana,57.33,SMAE 2014,SMAE2014:CEREALES_CON_GRASA:44
Cuernitos de queso,,406.8966,8.9655,46.2069,20.6897,2.4138,0,pieza mediana,58,SMAE 2014,SMAE2014:CEREALES_CON_GRASA:45
Cuernos,,400,7.931,45.1724,20.6897,2.4138,0,pieza mediana,58,SMAE 2014,SMAE2014:CEREALES_CON_GRASA:46
Cuete,,95.3488,16.9767,3.0233,3.0233,0,0,,,SMAE 2014,SMAE2014:A_O_A_MUY_BAJOS_EN_GRASA:85
Cuete con vinagreta,,270,0,0,20,0,0,rebanada,50,SMAE 2014,SMAE2014:PLATILLOS_PLATOS_FUERTES:22
Cuete de res,,95.3488,16.9767,3.0233,3.0233,0,0,,,SMAE 2014,SMAE2014:A_O_A_MUY_BAJOS_EN_GRASA:86
Cuete de ternera,,157.1429,19.7143,0,8,0,0,,,SMAE 2014,SMAE2014:A_O_A_BAJO_EN_GRASA:45
Cuitlacoche cocido,,30.303,1.2121,6.2121,1.2121,1.8182,0,taza,198,SMAE 2014,SMAE2014:VERDURAS:65
Cundeamor,,7.1111,0.8667,3.5333,0.1556,1.2444,0,,,SMAE 2014,SMAE2014:FRUTAS:39
Cupcake de chocolate,,350,3.3333,60,11.6667,3.3333,0,pieza,60,SMAE 2014,SMAE2014:CEREALES_CON_GRASA:47
Cúrcuma,,52.8986,4.058,9.5652,0,1.2319,0,,,SMAE 2014,SMAE2014:CEREALES_SIN_GRASA:95
Curry,,350,15,60,15,0,0,cucharadita,2,SMAE 2014,SMAE2014:ALIMENTOS_LIBRES_EN_ENERGIA:94
Curry en polvo,,350,15,60,15,0,0,cucharadita,2,SMAE 2014,SMAE2014:ALIMENTOS_LIBRES_EN_ENERGIA:95
Dacaf,,200,10,35,0,0,0,cucharadita,2,SMAE 2014,SMAE2014:ALIMENTOS_LIBRES_EN_ENERGIA:96
Dalmata,,436.8421,4.2105,57.3684,21.0526,1.0526,0,pieza,57,SMAE 2014,SMAE2014:CEREALES_CON_GRASA:48
Dátil seco,,270.5882,1.7647,72.9412,0,6.4706,0,pieza,8.5,SMAE 2014,SMAE2014:FRUTAS:40
Desarmador,,55,0,7.9167,0,0,0,vaso,300,SMAE 2014,SMAE2014:PLATILLOS_BEBIDAS:51
Diet coke,,0.4167,0,0.0417,0,0,0,taza,240,SMAE 2014,SMAE2014:ALIMENTOS_LIBRES_EN_ENERGIA:97
Diet sprite,,1.25,0.0417,0,0,0,0,taza,240,SMAE 2014,SMAE2014:ALIMENTOS_LIBRES_EN_ENERGIA:98
Dip,,160,3.3333,6.3333,13,0,0,cucharada,15,SMAE 2014,SMAE2014:ACEITES_Y_GRASAS:94
Dip de cebolla,,160,3.3333,6.3333,13,0,0,cucharada,15,SMAE 2014,SMAE2014:ACEITES_Y_GRASAS:95
Dip preparado,,160,3.3333,6.3333,13,0,0,cucharada,15,SMAE 2014,SMAE2014:ACEITES_Y_GRASAS:96
Dip preparado con crema,,160,3.3333,6.3333,13,0,0,cucharada,15,SMAE 2014,SMAE2014:ACEITES_Y_GRASAS:97
Dona,,428.5714,4.7619,50.9524,23.3333,1.4286,0,pieza,63,SMAE 2014,SMAE2014:CEREALES_CON_GRASA:49
Dona azucarada,,428.5714,4.7619,50.9524,23.3333,1.4286,0,pieza,63,SMAE 2014,SMAE2014:CEREALES_CON_GRASA:50
Dona glaseada,,428.5714,4.7619,50.9524,23.3333,1.4286,0,pieza,63,SMAE 2014,SMAE2014:CEREALES_CON_GRASA:53
Dona glaseada de chocolate,,485.7143,4.7619,49.0476,31.4286,1.9048,0,pieza,63,SMAE 2014,SMAE2014:CEREALES_CON_GRASA:51
Dona glaseada sabor chocolate,,485.7143,4.7619,49.0476,31.4286,1.9048,0,pieza,63,SMAE 2014,SMAE2014:CEREALES_CON_GRASA:52
Doraditas,,544.4444,5,68.3333,27.7778,0,0,pieza,36,SMAE 2014,SMAE2014:CEREALES_CON_GRASA:54
Doritos nachos,,475,8,55,25,5,0,paquete,60,SMAE 2014,SMAE2014:CEREALES_CON_GRASA:56
Doritos pizzerolas,,489.4737,7.3684,56.8421,25.7895,5.2632,0,paquete,57,SMAE 2014,SMAE2014:CEREALES_CON_GRASA:57
Dresas con crema,,104.1667,0,16.6667,4.1667,0,0,taza,240,SMAE 2014,SMAE2014:PLATILLOS_POSTRES:12
Durazno amarillo,,39.2157,0.915,9.5425,0.1307,1.5033,0,pieza,76.5,SMAE 2014,SMAE2014:FRUTAS:41
Durazno con azúcar congelado,,93.6508,0.6349,23.8095,0.1587,1.746,0,taza,252,SMAE 2014,SMAE2014:FRUTAS:42
Durazno en almibar,,53.9683,0.4762,14.5238,0.0794,1.3492,0,taza,252,SMAE 2014,SMAE2014:FRUTAS:43
Durazno enlatado en agua,,24.1803,0.4508,6.1066,0.041,1.3115,0,taza,244,SMAE 2014,SMAE2014:FRUTAS:44
Durazno enlatado en jugo,,44,0.64,11.6,0.08,1.28,0,taza,250,SMAE 2014,SMAE2014:FRUTAS:45
Durazno prisco,,38.6364,0.9091,9.4697,0.0758,1.5152,0,pieza,44,SMAE 2014,SMAE2014:FRUTAS:46
Duraznos con crema,,104.1667,0,16.6667,4.1667,0,0,taza,240,SMAE 2014,SMAE2014:PLATILLOS_POSTRES:11
Echalot,,73.5294,2.6471,17.0588,2.6471,0,0,pieza,34,SMAE 2014,SMAE2014:VERDURAS:66
Eclair de chocolate,,337.931,4.4828,44.1379,15.8621,0,0,pieza,58,SMAE 2014,SMAE2014:CEREALES_CON_GRASA:58
Ejotes al vapor,,19.2308,0,3.0769,0,0,0,taza,260,SMAE 2014,SMAE2014:PLATILLOS_GUARNICIONES:19
Ejotes cocidos picados,,34.9206,1.9048,7.7778,1.9048,3.1746,0,taza,126,SMAE 2014,SMAE2014:VERDURAS:67
Ejotes salteados,,39.5833,0,3.3333,2.0833,0,0,taza,240,SMAE 2014,SMAE2014:PLATILLOS_GUARNICIONES:25
Ejotes salteados con almendras,,77.0833,0,3.3333,6.25,0,0,taza,240,SMAE 2014,SMAE2014:PLATILLOS_GUARNICIONES:35
Elote amarillo cocido,,107.5758,3.3333,25.1515,1.2121,2.8788,0,pieza,44,SMAE 2014,SMAE2014:CEREALES_SIN_GRASA:96
Elote amarillo congelado,,98.5915,3.2394,23.5211,0.8451,2.8169,0,pieza,47.33,SMAE 2014,SMAE2014:CEREALES_SIN_GRASA:97
Elote amarillo crudo,,85.9155,3.2394,24.9296,1.2676,2.8169,0,pieza,53.25,SMAE 2014,SMAE2014:CEREALES_SIN_GRASA:98
Elote amarillo desgranado cocido,,79.5181,2.7711,19.5181,0.4819,2.4096,0,taza,166,SMAE 2014,SMAE2014:CEREALES_SIN_GRASA:99
Elote amarillo desgranado crudo,,79.5181,2.7711,19.5181,0.4819,2.4096,0,taza,166,SMAE 2014,SMAE2014:CEREALES_SIN_GRASA:100
Elote amarillo enlatado,,80.4878,2.561,18.5366,0.9756,1.9512,0,taza,164,SMAE 2014,SMAE2014:CEREALES_SIN_GRASA:101
Elote blanco cocido,,85.3659,3.1707,18.9024,1.2195,2.6829,0,pieza,54.67,SMAE 2014,SMAE2014:CEREALES_SIN_GRASA:102
elote blanco desgranado,,79.5181,2.7711,19.5181,0.4819,2.4096,0,taza,166,SMAE 2014,SMAE2014:CEREALES_SIN_GRASA:103
Elote crudo,,85.3659,3.1707,18.9024,1.2195,2.6829,0,pieza,54.67,SMAE 2014,SMAE2014:CEREALES_SIN_GRASA:104
Elote desgranado,,79.5181,2.7711,19.5181,0.4819,2.4096,0,taza,166,SMAE 2014,SMAE2014:CEREALES_SIN_GRASA:105
Elote enlatado,,80.4878,2.561,18.5366,0.9756,1.9512,0,taza,164,SMAE 2014,SMAE2014:CEREALES_SIN_GRASA:106
Elotitos de cambray,,40.625,3.2813,6.7188,3.2813,2.8125,0,pieza,8,SMAE 2014,SMAE2014:VERDURAS:68
Empanada de verdura,,160,0,22.6667,3.3333,0,0,pieza,75,SMAE 2014,SMAE2014:PLATILLOS_PLATOS_FUERTES:82
Empanadas de atún,,221.6667,0,21.3333,10,0,0,pieza,75,SMAE 2014,SMAE2014:PLATILLOS_PLATOS_FUERTES:65
Empuje,,112.1212,22.4242,0,1.8182,0,0,,,SMAE 2014,SMAE2014:A_O_A_MUY_BAJOS_EN_GRASA:87
Empuje de res,,112.1212,22.4242,0,1.8182,0,0,,,SMAE 2014,SMAE2014:A_O_A_MUY_BAJOS_EN_GRASA:88
Enchiladas,,168.75,0,21.25,6.25,0,0,taza,160,SMAE 2014,SMAE2014:PLATILLOS_DE_DESAYUNO:31
Enchiladas con pollo,,221.6667,0,21.3333,10,0,0,pieza,75,SMAE 2014,SMAE2014:PLATILLOS_PLATOS_FUERTES:47
Enchiladas con res,,221.6667,0,21.3333,10,0,0,pieza,75,SMAE 2014,SMAE2014:PLATILLOS_PLATOS_FUERTES:48
Eneldo,,37.5,3.75,6.25,1.25,0,0,cucharadita,1.6,SMAE 2014,SMAE2014:ALIMENTOS_LIBRES_EN_ENERGIA:99
Eneldo deshidratado,,300,20,60,0,0,0,cucharadita,1,SMAE 2014,SMAE2014:ALIMENTOS_LIBRES_EN_ENERGIA:100
Enelo en semilla,,300,15,55,15,0,0,cucharadita,2,SMAE 2014,SMAE2014:ALIMENTOS_LIBRES_EN_ENERGIA:101
English miffin,,231.0345,7.5862,45.1724,1.7241,2.7586,0,pieza,58,SMAE 2014,SMAE2014:CEREALES_SIN_GRASA:107
Ensala de betabel,,50,0,2.8571,3.5714,0,0,taza de,140,SMAE 2014,SMAE2014:PLATILLOS_GUARNICIONES:47
Ensala de germen con limón y sal,,19.2308,0,3.0769,0,0,0,taza,260,SMAE 2014,SMAE2014:PLATILLOS_GUARNICIONES:20
Ensalada de brócoli con pasitas,,152.75,0,14.375,9.375,0,0,taza,160,SMAE 2014,SMAE2014:PLATILLOS_GUARNICIONES:56
Ensalada de espinacas con toronja,,153.125,0,14.375,9.375,0,0,taza,160,SMAE 2014,SMAE2014:PLATILLOS_GUARNICIONES:57
Ensalada de lechuga con pera,,153.125,0,14.375,9.375,0,0,taza,80,SMAE 2014,SMAE2014:PLATILLOS_GUARNICIONES:58
Ensalada de lechuga y jitomate,,50,0,2.8571,3.5714,0,0,taza de,140,SMAE 2014,SMAE2014:PLATILLOS_GUARNICIONES:48
Ensalada de nopales,,50,0,2.8571,3.5714,0,0,taza de,140,SMAE 2014,SMAE2014:PLATILLOS_GUARNICIONES:49
Ensaladas con vinagreta,,50,0,2.8571,3.5714,0,0,taza de,140,SMAE 2014,SMAE2014:PLATILLOS_GUARNICIONES:46
Envidia cruda,,17.0543,1.2403,3.3333,1.2403,3.1008,0,taza,43,SMAE 2014,SMAE2014:VERDURAS:69
Escalopa de res,,113.3333,24,0,1,0,0,,,SMAE 2014,SMAE2014:A_O_A_MUY_BAJOS_EN_GRASA:89
Escamoles,,177.7778,45,0,0,0,0,,,SMAE 2014,SMAE2014:A_O_A_MUY_BAJOS_EN_GRASA:90
Espagueti cocido,,123.913,5.4348,26.7391,0.4348,4.5652,0,taza,138,SMAE 2014,SMAE2014:CEREALES_SIN_GRASA:108
Espagueti con espinacas cocido,,129.7872,4.4681,25.9574,0.6383,0,0,taza,141,SMAE 2014,SMAE2014:CEREALES_SIN_GRASA:109
Espagueti crudo,,350,14.5,75,1.5,0.5,0,,,SMAE 2014,SMAE2014:CEREALES_SIN_GRASA:110
Espagueti integral crudo,,350,14.5,75,1.5,0.5,0,,,SMAE 2014,SMAE2014:CEREALES_SIN_GRASA:112
Espagueto integral cocido,,123.913,5.4348,26.7391,0.6522,4.5652,0,taza,138,SMAE 2014,SMAE2014:CEREALES_SIN_GRASA:111
Espaguetti al burro,,98.8095,0,14.2857,3.5714,0,0,taza,210,SMAE 2014,SMAE2014:PLATILLOS_SOPAS:58
Espaguetti cocido,,123.4043,5.3191,26.383,0.6383,4.4681,0,taza,141,SMAE 2014,SMAE2014:CEREALES_SIN_GRASA:113
Espaguetti con crema,,98.8095,0,14.2857,3.5714,0,0,taza,210,SMAE 2014,SMAE2014:PLATILLOS_SOPAS:61
Espaguetti con espinacas cocido,,129.7872,4.4681,25.9574,0.6383,0,0,taza,141,SMAE 2014,SMAE2014:CEREALES_SIN_GRASA:114
Espaguetti crudo,,350,14.5,75,1.5,0.5,0,,,SMAE 2014,SMAE2014:CEREALES_SIN_GRASA:115
Espaguetti integral cocido,,123.4043,5.3191,26.383,0.6383,4.4681,0,taza,141,SMAE 2014,SMAE2014:CEREALES_SIN_GRASA:116
Espaldilla,,275,16.1111,0,22.7778,0,0,,,SMAE 2014,SMAE2014:A_O_A_ALTO_EN_GRASA:20
Espaldilla de cerdo,,275,16.1111,0,22.7778,0,0,,,SMAE 2014,SMAE2014:A_O_A_ALTO_EN_GRASA:21
Espárragos crudos,,24.4444,2.5556,4.2222,2.5556,3.1111,0,pieza,15,SMAE 2014,SMAE2014:VERDURAS:70
Especias para sazonar aves,,300,10,65,10,0,0,cucharadita,2,SMAE 2014,SMAE2014:ALIMENTOS_LIBRES_EN_ENERGIA:102
Espinaca cocida,,23.3333,3,3.7778,3,3.5556,0,taza,180,SMAE 2014,SMAE2014:VERDURAS:71
Espinaca cruda picada,,23.3333,2.8333,3.6667,2.8333,2.1667,0,taza,60,SMAE 2014,SMAE2014:VERDURAS:72
Espinazo,,275,16.1111,0,22.7778,0,0,,,SMAE 2014,SMAE2014:A_O_A_ALTO_EN_GRASA:22
Espinazo de cerdo,,275,16.1111,0,22.7778,0,0,,,SMAE 2014,SMAE2014:A_O_A_ALTO_EN_GRASA:23
Estragón,,300,25,50,5,0,0,cucharadita,2,SMAE 2014,SMAE2014:ALIMENTOS_LIBRES_EN_ENERGIA:103
Estragón molido,,300,25,50,5,0,0,cucharadita,2,SMAE 2014,SMAE2014:ALIMENTOS_LIBRES_EN_ENERGIA:104
Estragón seco,,300,25,50,5,0,0,cucharadita,2,SMAE 2014,SMAE2014:ALIMENTOS_LIBRES_EN_ENERGIA:105
Extracto de vainilla,,160,0,8,0,0,0,cucharadita,5,SMAE 2014,SMAE2014:ALIMENTOS_LIBRES_EN_ENERGIA:106
Extraviado,,82.9268,19.2683,0,0.7317,0,0,,,SMAE 2014,SMAE2014:A_O_A_MUY_BAJOS_EN_GRASA:91
Extraviado fileteado,,82.9268,19.2683,0,0.7317,0,0,,,SMAE 2014,SMAE2014:A_O_A_MUY_BAJOS_EN_GRASA:92
Fabada,,109.1667,0,10.6667,3.8333,0,0,tazón,300,SMAE 2014,SMAE2014:PLATILLOS_PLATOS_FUERTES:98
Fajitas de pollo sin piel cruda,,120,20.6667,0,3.3333,0,0,,,SMAE 2014,SMAE2014:A_O_A_MUY_BAJOS_EN_GRASA:93
"Falafel, hecho en casa",,335,13.5,32,17.5,0,0,,,SMAE 2014,SMAE2014:ACEITES_Y_GRASAS_CON_PROTEINAS:144
"Falafel, hecho en casa",,335,13.5,32,17.5,0,0,,,SMAE 2014,SMAE2014:ACEITES_Y_GRASAS_CON_PROTEINAS:41
Falda,,106.0606,22.4242,0,1.8182,0,0,,,SMAE 2014,SMAE2014:A_O_A_MUY_BAJOS_EN_GRASA:94
Falda abierta,,106.0606,22.4242,0,1.8182,0,0,,,SMAE 2014,SMAE2014:A_O_A_MUY_BAJOS_EN_GRASA:95
Falda de cerdo,,140,19.75,0,6.25,0,0,,,SMAE 2014,SMAE2014:A_O_A_BAJO_EN_GRASA:46
Falda de res,,106.0606,22.4242,0,1.8182,0,0,,,SMAE 2014,SMAE2014:A_O_A_MUY_BAJOS_EN_GRASA:96
Fécula de maíz,,375,0,90,0,0,0,cucharada,8,SMAE 2014,SMAE2014:CEREALES_SIN_GRASA:117
Fécula de maíz de sabor,,375,0,90,0,0,0,cucharada,8,SMAE 2014,SMAE2014:CEREALES_SIN_GRASA:118
Fetuccini crudo,,350,13.5,70.5,2.5,3,0,,,SMAE 2014,SMAE2014:CEREALES_SIN_GRASA:119
Fibra uno,,200,6.6667,83.3333,3.3333,47.3333,0,taza,60,SMAE 2014,SMAE2014:CEREALES_SIN_GRASA:120
Fideo cocido,,370,12.5,75,1,0.5,0,taza,40,SMAE 2014,SMAE2014:CEREALES_SIN_GRASA:121
Fideo con tomate deshidratado,,360,13,66.5,5,0,0,cucharada,10,SMAE 2014,SMAE2014:CEREALES_SIN_GRASA:122
Fideo crudo,,360,13.5,72.5,2.5,3.5,0,,,SMAE 2014,SMAE2014:CEREALES_SIN_GRASA:123
Fideo seco,,86.5385,0,15.8974,1.2821,0,0,taza,195,SMAE 2014,SMAE2014:PLATILLOS_SOPAS:44
Fideo seco deshidratado,,360,13,66.5,5,0,0,cucharada,10,SMAE 2014,SMAE2014:CEREALES_SIN_GRASA:124
Filete de bandera crudo,,90,18.75,0,1.25,0,0,,,SMAE 2014,SMAE2014:A_O_A_MUY_BAJOS_EN_GRASA:97
Filete de calamar crudo,,91.1111,15.5556,3.1111,1.3333,0,0,,,SMAE 2014,SMAE2014:A_O_A_MUY_BAJOS_EN_GRASA:98
Filete de carpa,,127.5,18,0,5.75,0,0,,,SMAE 2014,SMAE2014:A_O_A_BAJO_EN_GRASA:47
Filete de cazón crudo,,130,21,0,4.3333,0,0,,,SMAE 2014,SMAE2014:A_O_A_MUY_BAJOS_EN_GRASA:99
Filete de cerdo,,140,19.75,0,6.25,0,0,,,SMAE 2014,SMAE2014:A_O_A_BAJO_EN_GRASA:48
Filete de extraviado,,85,19.25,0,0.75,0,0,,,SMAE 2014,SMAE2014:A_O_A_MUY_BAJOS_EN_GRASA:100
"Filete de guachinando, pargo",,100,20.5714,0,1.4286,0,0,,,SMAE 2014,SMAE2014:A_O_A_MUY_BAJOS_EN_GRASA:101
"Filete de guachinando, pargo",,100,20.5714,0,1.4286,0,0,,,SMAE 2014,SMAE2014:A_O_A_MUY_BAJOS_EN_GRASA:102
Filete de lenguado,,100,21.4286,0,1.4286,0,0,,,SMAE 2014,SMAE2014:A_O_A_MUY_BAJOS_EN_GRASA:103
Filete de merluza,,75.5556,16.6667,0,1.1111,0,0,,,SMAE 2014,SMAE2014:A_O_A_MUY_BAJOS_EN_GRASA:104
Filete de mero,,85,19.25,0,0.75,0,0,,,SMAE 2014,SMAE2014:A_O_A_MUY_BAJOS_EN_GRASA:105
Filete de mojarra,,100,19.25,0,2.75,0,0,,,SMAE 2014,SMAE2014:A_O_A_MUY_BAJOS_EN_GRASA:106
Filete de pescado,,90,18.75,0,1.25,0,0,,,SMAE 2014,SMAE2014:A_O_A_MUY_BAJOS_EN_GRASA:107
Filete de pescado blanco del Nilo,,90,18,1,1.5,0,0,,,SMAE 2014,SMAE2014:A_O_A_MUY_BAJOS_EN_GRASA:108
Filete de puerco,,140,19.75,0,6.25,0,0,,,SMAE 2014,SMAE2014:A_O_A_BAJO_EN_GRASA:49
Filete de res,,120,24,0,2.6667,0,0,,,SMAE 2014,SMAE2014:A_O_A_MUY_BAJOS_EN_GRASA:109
Filete de robalo,,87.5,19,0,0.75,0,0,,,SMAE 2014,SMAE2014:A_O_A_MUY_BAJOS_EN_GRASA:110
Filete de salmón,,183.3333,20,0,10.6667,0,0,,,SMAE 2014,SMAE2014:A_O_A_BAJO_EN_GRASA:50
Filete de venado,,125,21.1111,0,3.8889,0,0,,,SMAE 2014,SMAE2014:A_O_A_MUY_BAJOS_EN_GRASA:111
Filete mignón,,120,24,0,2.6667,0,0,pieza,120,SMAE 2014,SMAE2014:A_O_A_MUY_BAJOS_EN_GRASA:112
Filete miñón,,120,24,0,2.6667,0,0,pieza,120,SMAE 2014,SMAE2014:A_O_A_MUY_BAJOS_EN_GRASA:113
Filete tampiqueña,,120,24,0,2.6667,0,0,pieza,120,SMAE 2014,SMAE2014:A_O_A_MUY_BAJOS_EN_GRASA:114
Flan,,160.4167,0,21.6667,5.4167,0,0,taza,240,SMAE 2014,SMAE2014:PLATILLOS_POSTRES:27
Flan casero,,145.9016,4.5902,22.7869,4.0984,0,0,taza,305,SMAE 2014,SMAE2014:AZUCARES_CON_GRASA:44
Flan de caja preparado con leche descremada,,103.2787,2.9508,18.8525,1.8033,0,0,taza,305,SMAE 2014,SMAE2014:AZUCARES_CON_GRASA:45
Flan de caja preparado con leche entera,,113.1148,2.9508,18.6885,2.9508,0,0,taza,305,SMAE 2014,SMAE2014:AZUCARES_CON_GRASA:46
Flan en polvo,,350,0,91.6667,0,0,0,cucharada,12,SMAE 2014,SMAE2014:AZUCARES_SIN_GRASA:45
Flor de calabaza cocida,,14.9254,1.0448,3.2836,1.0448,0.8955,0,taza,134,SMAE 2014,SMAE2014:VERDURAS:73
Flor de calabaza cruda picada,,15.1515,0.9091,3.3333,0.9091,0,0,taza,33,SMAE 2014,SMAE2014:VERDURAS:74
Flor de colorín cocida,,60,4.5,10,4.5,2.5,0,taza,80,SMAE 2014,SMAE2014:VERDURAS:75
Flor de colorín cruda,,60,4.5,10,4.5,2.5,0,taza,40,SMAE 2014,SMAE2014:VERDURAS:76
Flor de garambullo cruda,,38,0.8,8.2,0.8,0.8,0,,,SMAE 2014,SMAE2014:VERDURAS:77
Flor de jamaica,,2.7027,0,0.5405,0,0,0,taza,37,SMAE 2014,SMAE2014:ALIMENTOS_LIBRES_EN_ENERGIA:107
Flor de maguey cruda,,35,0.8333,7.3333,0.8333,0.6667,0,,,SMAE 2014,SMAE2014:VERDURAS:78
Flor de Yuca cruda,,38.6667,2.6667,6,2.6667,0.6667,0,,,SMAE 2014,SMAE2014:VERDURAS:79
Fondue de queso,,226.087,14.1304,3.6957,13.2609,0,0,cucharada,13.14,SMAE 2014,SMAE2014:A_O_A_ALTO_EN_GRASA:24
Frambuesa,,52.0325,1.2195,11.9512,0.6504,6.5041,0,taza,123,SMAE 2014,SMAE2014:FRUTAS:47
Fresa colada,,55,0,7.9167,0,0,0,vaso,300,SMAE 2014,SMAE2014:PLATILLOS_BEBIDAS:52
Fresa entera,,31.8627,0.6863,7.6961,0.2941,2.0098,0,pieza med,12,SMAE 2014,SMAE2014:FRUTAS:48
Fresa rebanada,,4.9719,0.1032,1.1914,0.0469,0.3096,0,taza,1066,SMAE 2014,SMAE2014:FRUTAS:49
Fresas congeladas con azucar,,78.125,0.4688,20.9375,0.1563,1.875,0,taza,256,SMAE 2014,SMAE2014:FRUTAS:50
Fresas congeladas sin azúcar,,35.1351,0.4505,9.0991,0.0901,2.0721,0,taza,222,SMAE 2014,SMAE2014:FRUTAS:51
Frijol germinado cocido,,78.2258,7.0968,15,0.8065,8.629,0,taza,124,SMAE 2014,SMAE2014:LEGUMINOSAS:11
Frijol germinado crudo,,67.3077,6.1538,13.0769,0.7051,0,0,taza,104,SMAE 2014,SMAE2014:LEGUMINOSAS:12
Frijol molido,,131.5068,8.7671,23.5616,0.5479,8.6301,0,taza,219,SMAE 2014,SMAE2014:LEGUMINOSAS:13
Frijol promedio cocido,,132.5581,8.8372,23.7209,0.5814,8.7209,0,taza,172,SMAE 2014,SMAE2014:LEGUMINOSAS:14
Frijol promedio crudo,,340,21.7143,62.2857,1.4286,15.1429,0,,,SMAE 2014,SMAE2014:LEGUMINOSAS:15
Frijoles cocidos,,118.75,0,16.6667,2.9167,0,0,taza,160,SMAE 2014,SMAE2014:PLATILLOS_GUARNICIONES:6
Frijoles con chorizo,,170.4545,0,18.1818,3.1818,0,0,taza,220,SMAE 2014,SMAE2014:PLATILLOS_GUARNICIONES:11
Frijoles con cilantro,,118.75,0,16.6667,2.9167,0,0,taza,160,SMAE 2014,SMAE2014:PLATILLOS_GUARNICIONES:8
Frijoles con epazote,,118.75,0,16.6667,2.9167,0,0,taza,160,SMAE 2014,SMAE2014:PLATILLOS_GUARNICIONES:9
Frijoles con tocino,,170.4545,0,18.1818,3.1818,0,0,taza,220,SMAE 2014,SMAE2014:PLATILLOS_GUARNICIONES:12
Frijoles de la olla,,118.75,0,16.6667,2.9167,0,0,taza,160,SMAE 2014,SMAE2014:PLATILLOS_GUARNICIONES:7
Frijoles enteros enlatados,,84.375,5.2344,14.5313,0.625,5.3125,0,taza,256,SMAE 2014,SMAE2014:LEGUMINOSAS:16
Frijoles puercos,,109.1667,0,10.6667,3.8333,0,0,tazón,300,SMAE 2014,SMAE2014:PLATILLOS_PLATOS_FUERTES:99
Frijoles refritos,,170.4545,0,18.1818,3.1818,0,0,taza,220,SMAE 2014,SMAE2014:PLATILLOS_GUARNICIONES:10
Frijoles refritos,,170.4545,0,18.1818,7.7273,0,0,taza,220,SMAE 2014,SMAE2014:PLATILLOS_GUARNICIONES:13
"Frijoles refritos, caseros o enlatados",,126.6667,5.4667,15.0667,5.4667,9.4667,0,taza,225,SMAE 2014,SMAE2014:LEGUMINOSAS:17
Fritos,,550,8,48,36,8,0,,,SMAE 2014,SMAE2014:CEREALES_CON_GRASA:59
Frituras de maíz con chile y limón,,442.1053,4.2105,43.6842,27.8947,0,0,bolsa,57,SMAE 2014,SMAE2014:CEREALES_CON_GRASA:60
Frituras de maíz con limón y sal,,442.1053,4.2105,43.6842,27.8947,0,0,bolsa,57,SMAE 2014,SMAE2014:CEREALES_CON_GRASA:61
Fruitcake,,325,2.8125,62.1875,9.0625,3.75,0,rebanada,96,SMAE 2014,SMAE2014:CEREALES_CON_GRASA:62
Fruitcake,,325,3,61.5,9,3.5,0,rebanada,40,SMAE 2014,SMAE2014:CEREALES_SIN_GRASA:125
Fruta con yogur,,84.375,0,13.125,2.5,0,0,taza,160,SMAE 2014,SMAE2014:PLATILLOS_DE_DESAYUNO:7
Fruta cristalizada,,300,3.3333,73.3333,0.6667,0,0,,,SMAE 2014,SMAE2014:AZUCARES_SIN_GRASA:46
Fruta de la pasión,,96.5517,2.2414,23.2759,0.6897,10.3448,0,pieza,19.33,SMAE 2014,SMAE2014:FRUTAS:52
Fruta en almibar,,83.3333,0,20.8333,0,0,0,taza,240,SMAE 2014,SMAE2014:PLATILLOS_POSTRES:6
Fruta picada,,42.1429,0.5,10.5,0.2143,1,0,taza,140,SMAE 2014,SMAE2014:FRUTAS:53
Frutas con crema o al horno con mantequilla,,104.1667,0,16.6667,4.1667,0,0,taza,240,SMAE 2014,SMAE2014:PLATILLOS_POSTRES:9
Fruto del pan,,81.0811,1.3514,20.1351,0.5405,1.7568,0,,,SMAE 2014,SMAE2014:FRUTAS:54
Fusili cocido,,123.913,5.4348,26.7391,0.4348,4.5652,0,taza,138,SMAE 2014,SMAE2014:CEREALES_SIN_GRASA:126
Fusili crudo,,350,14.5,75,1.5,0.5,0,,,SMAE 2014,SMAE2014:CEREALES_SIN_GRASA:127
Gajos de mandarina,,53.3333,0.8571,13.3333,0.2857,1.8095,0,taza,105,SMAE 2014,SMAE2014:FRUTAS:55
Gajos de naranja,,47.3333,0.9333,11.8,0.1333,2.4,0,taza,150,SMAE 2014,SMAE2014:FRUTAS:56
Gajos de toronja,,33.3333,0.5333,8.4,0.1333,1.1333,0,taza,150,SMAE 2014,SMAE2014:FRUTAS:57
Galleta barras de higo,,350,3.75,70.625,7.5,4.375,0,pieza,16,SMAE 2014,SMAE2014:CEREALES_SIN_GRASA:128
Galleta de animalitos,,453.3333,7.3333,75.3333,14,1.3333,0,pieza,2.5,SMAE 2014,SMAE2014:CEREALES_SIN_GRASA:129
Galleta de avena,,450,6.1111,68.8889,18.3333,2.7778,0,pieza,18,SMAE 2014,SMAE2014:CEREALES_CON_GRASA:65
Galleta de avena con pasas,,440,4,60,20,0,0,pieza,12.5,SMAE 2014,SMAE2014:CEREALES_CON_GRASA:66
Galleta de avena pasas,,406.6667,8.6667,63.3333,13.3333,8.6667,0,galletas,10,SMAE 2014,SMAE2014:CEREALES_SIN_GRASA:138
Galleta de avena y manzana,,450,3.75,73.3333,14.5833,0,0,pieza,24,SMAE 2014,SMAE2014:CEREALES_CON_GRASA:67
Galleta de chocolate con relleno cremoso,,460.8696,5.6522,71.7391,20,3.0435,0,pieza,9.2,SMAE 2014,SMAE2014:CEREALES_CON_GRASA:68
Galleta de chocolate con relleno cremoso baja en grasa,,440.7407,5.9259,76.2963,13.3333,2.963,0,pieza,9,SMAE 2014,SMAE2014:CEREALES_CON_GRASA:69
Galleta de crema de cacahuate,,469.5652,9.1304,57.3913,23.0435,2.1739,0,pieza,15.33,SMAE 2014,SMAE2014:CEREALES_CON_GRASA:70
Galleta de malvavisco con chocolate,,423.0769,3.8462,67.6923,16.9231,2.3077,0,pieza,13,SMAE 2014,SMAE2014:CEREALES_CON_GRASA:71
Galleta de manzana,,333.3333,3.3333,80,0,3.3333,0,pieza,15,SMAE 2014,SMAE2014:CEREALES_SIN_GRASA:130
Galleta de nuez,,478.2609,6.5217,68.6957,19.5652,8.2609,0,pieza,15.33,SMAE 2014,SMAE2014:CEREALES_CON_GRASA:72
Galleta dulce,,400,6.875,66.875,10.625,4.375,0,pieza,8,SMAE 2014,SMAE2014:CEREALES_SIN_GRASA:131
Galleta dulce sin relleno,,400,9.375,66.875,10.625,4.375,0,pieza,8,SMAE 2014,SMAE2014:CEREALES_SIN_GRASA:132
Galleta integral,,475,8.5,69.5,18,5.5,0,pieza,5,SMAE 2014,SMAE2014:CEREALES_CON_GRASA:73
Galleta integral con miel,,458.3333,7.9167,75.8333,13.3333,2.5,0,pieza,6,SMAE 2014,SMAE2014:CEREALES_CON_GRASA:74
Galleta integral de miel,,458.3333,7.9167,75.8333,13.3333,2.5,0,pieza,6,SMAE 2014,SMAE2014:CEREALES_CON_GRASA:75
Galleta integral de trigo,,403.5714,8.5714,68.2143,13.9286,5.7143,0,pieza,7,SMAE 2014,SMAE2014:CEREALES_CON_GRASA:76
Galleta integral molida,,475,8.75,69.1667,17.9167,5.8333,0,cucharada,6,SMAE 2014,SMAE2014:CEREALES_CON_GRASA:77
Galleta maría,,363.1579,6.8421,72.6316,6.8421,0.5263,0,pieza,3.8,SMAE 2014,SMAE2014:CEREALES_SIN_GRASA:133
Galleta O´reo,,477.7778,5,67.7778,21.1111,2.2222,0,pieza,9,SMAE 2014,SMAE2014:CEREALES_CON_GRASA:78
Galleta salada,,431.25,8.75,70,13.125,0,0,pieza,4,SMAE 2014,SMAE2014:CEREALES_SIN_GRASA:135
Galleta salada cremosa,,509.0909,6.3636,63.6364,25.4545,0,0,pieza,3.14,SMAE 2014,SMAE2014:CEREALES_CON_GRASA:79
Galleta salada integral,,437.5,10,70,11.875,2.5,0,pieza,4,SMAE 2014,SMAE2014:CEREALES_SIN_GRASA:136
Galleta salada molida,,433.3333,8.6667,70,13.3333,0,0,cucharada,6,SMAE 2014,SMAE2014:CEREALES_SIN_GRASA:137
Galleta sandwich,,433.3333,3.8095,78.5714,10,3.8095,0,pieza,10.5,SMAE 2014,SMAE2014:CEREALES_CON_GRASA:80
Galleta sandwich chocolate,,433.3333,3.8095,78.5714,10,3.8095,0,pieza,10.5,SMAE 2014,SMAE2014:CEREALES_CON_GRASA:81
Galleta wafers,,500,3.8095,75.2381,21.4286,3.8095,0,pieza,3.5,SMAE 2014,SMAE2014:CEREALES_CON_GRASA:83
Galletas con almendras,,538.0952,3.8095,60.9524,35.2381,0,0,pieza,14,SMAE 2014,SMAE2014:CEREALES_CON_GRASA:84
Galletas con chispa de chocolate,,500,6.1905,65.7143,25.2381,3.3333,0,pieza,7,SMAE 2014,SMAE2014:CEREALES_CON_GRASA:63
Galletas con chispas de chocolate,,500,6.25,65.625,25,0,0,pieza,32,SMAE 2014,SMAE2014:CEREALES_CON_GRASA:85
Galletas con chispas de chocolate con mantequilla casera,,487.5,5.8333,58.3333,28.3333,0,0,pieza,16,SMAE 2014,SMAE2014:CEREALES_CON_GRASA:87
Galletas cubierta de chocolate,,490.4762,5.7143,67.619,23.8095,3.3333,0,pieza,14,SMAE 2014,SMAE2014:CEREALES_CON_GRASA:64
Galletas de maíz horneadas sin grasa (salmas),,355.5556,7.7778,72.2222,3.3333,7.7778,0,pieza,6,SMAE 2014,SMAE2014:CEREALES_SIN_GRASA:139
Galletas de manzana con pasas,,434.6154,5,66.1538,16.5385,2.3077,0,pieza,26,SMAE 2014,SMAE2014:CEREALES_CON_GRASA:88
Galletas Marías,,363.1579,6.8421,72.6316,6.8421,0.5263,0,galleta,3.8,SMAE 2014,SMAE2014:CEREALES_SIN_GRASA:140
Galletas Marias azucaradas,,393.75,6.25,71.875,9.375,0.625,0,galleta,4,SMAE 2014,SMAE2014:CEREALES_SIN_GRASA:141
Galletas marias con cajeta,,325,0,58.3333,8.3333,0,0,pieza,30,SMAE 2014,SMAE2014:PLATILLOS_POSTRES:25
Galletas para sopa,,388.8889,6.6667,71.1111,10,0,0,pieza,1.29,SMAE 2014,SMAE2014:CEREALES_SIN_GRASA:134
Gallina,,218.5185,28.1481,0,0,0,0,,,SMAE 2014,SMAE2014:A_O_A_BAJO_EN_GRASA:51
Gallina joven cocida,,218.5185,28.1481,0,0,0,0,,,SMAE 2014,SMAE2014:A_O_A_BAJO_EN_GRASA:52
Gallinita de guinea con piel,,156,23.2,0,6.4,0,0,,,SMAE 2014,SMAE2014:A_O_A_MUY_BAJOS_EN_GRASA:115
Gallinita de guinea sin piel,,108.5714,20.5714,0,2.5714,0,0,,,SMAE 2014,SMAE2014:A_O_A_MUY_BAJOS_EN_GRASA:116
Gandul,,295,15,56.75,1.5,7.25,0,,,SMAE 2014,SMAE2014:LEGUMINOSAS:18
Gansito,,396,4.4,59.6,15.6,2.4,0,,,SMAE 2014,SMAE2014:CEREALES_CON_GRASA:89
Ganso de crianza,,162.5,23.125,0,7.1875,0,0,,,SMAE 2014,SMAE2014:A_O_A_BAJO_EN_GRASA:53
Garbanzo cocido,,164.6341,8.9024,27.439,2.561,7.6829,0,taza,164,SMAE 2014,SMAE2014:LEGUMINOSAS:19
Garbanzo crudo,,362.8571,19.4286,60.5714,6.2857,17.4286,0,,,SMAE 2014,SMAE2014:LEGUMINOSAS:20
Garbanzo enlatado,,119.1667,5,22.6667,1.1667,4.4167,0,taza,240,SMAE 2014,SMAE2014:LEGUMINOSAS:21
Gatorade variedad de sabores,,23,0,5.8,0,0,0,ml,1,SMAE 2014,SMAE2014:AZUCARES_SIN_GRASA:47
Gelatina,,62.7119,1.1864,14.2373,0,0,0,taza,177,SMAE 2014,SMAE2014:AZUCARES_SIN_GRASA:48
Gelatina de dieta,,6.6667,1,0.6667,0,0,0,taza,240,SMAE 2014,SMAE2014:ALIMENTOS_LIBRES_EN_ENERGIA:108
Gelatina de guayaba,,58.3333,0,14.5833,0,0,0,taza,240,SMAE 2014,SMAE2014:PLATILLOS_POSTRES:16
Gelatina de leche con fresa,,120.8333,0,19.5833,3.3333,0,0,taza,240,SMAE 2014,SMAE2014:PLATILLOS_POSTRES:21
Gelatina de leche con fruta,,120.8333,0,19.5833,3.3333,0,0,taza,240,SMAE 2014,SMAE2014:PLATILLOS_POSTRES:19
Gelatina de mango,,58.3333,0,14.5833,0,0,0,taza,240,SMAE 2014,SMAE2014:PLATILLOS_POSTRES:17
Gelatina de naranja,,58.3333,0,14.5833,0,0,0,taza,240,SMAE 2014,SMAE2014:PLATILLOS_POSTRES:18
Gelatina de sabor en polvo,,380,8,91,0,0,0,,,SMAE 2014,SMAE2014:AZUCARES_SIN_GRASA:49
Gelatina de yogur con mango,,120.8333,0,19.5833,3.3333,0,0,taza,240,SMAE 2014,SMAE2014:PLATILLOS_POSTRES:20
Gelatina en polvo para agua,,380,8,91,0,0,0,,,SMAE 2014,SMAE2014:AZUCARES_SIN_GRASA:50
Gelatina en polvo para leche,,380,8,91,0,0,0,,,SMAE 2014,SMAE2014:AZUCARES_SIN_GRASA:51
Gelatina preparada,,62.5,1.25,14.1667,0,0,0,cucharada,16,SMAE 2014,SMAE2014:AZUCARES_SIN_GRASA:52
Gelatina sin azúcar preparada,,8.2645,0.8264,0,0,0,0,taza,121,SMAE 2014,SMAE2014:ALIMENTOS_LIBRES_EN_ENERGIA:109
Gelatinas de agua con fruta,,58.3333,0,14.5833,0,0,0,taza,240,SMAE 2014,SMAE2014:PLATILLOS_POSTRES:15
Gengibre,,66.6667,1.6667,15,1.6667,0,0,cucharadita,2,SMAE 2014,SMAE2014:ALIMENTOS_LIBRES_EN_ENERGIA:110
Gengibre en polvo,,300,6.6667,63.3333,6.6667,0,0,cucharada,6,SMAE 2014,SMAE2014:ALIMENTOS_LIBRES_EN_ENERGIA:111
Gengibre fresco,,70,2,15,1,0,0,cucharada,10,SMAE 2014,SMAE2014:ALIMENTOS_LIBRES_EN_ENERGIA:112
Germen de alfalfa cruda,,23.2323,4.0404,2.1212,4.0404,1.9192,0,taza,33,SMAE 2014,SMAE2014:VERDURAS:80
Germen de lenteja crudo,,105.2632,8.9474,22.6316,8.9474,0,0,taza,76,SMAE 2014,SMAE2014:VERDURAS:81
Germen de soya cocidpo,,80.6452,8.7097,6.7742,4.5161,0.9677,0,taza,93,SMAE 2014,SMAE2014:VERDURAS:82
Ginebra,,263.6364,0,0,0,0,0,ml,1,SMAE 2014,SMAE2014:BEBIDAS_ALCOHOLICAS:12
Giotilla,,50.7692,1.7692,10.6923,0.7692,1.5385,0,,,SMAE 2014,SMAE2014:FRUTAS:58
Gluten de trigo,,377.7778,41.6667,47.2222,1.6667,0,0,cucharada,6,SMAE 2014,SMAE2014:CEREALES_SIN_GRASA:142
Gomitas,,350,4.1667,85,0,0,0,pieza,3,SMAE 2014,SMAE2014:AZUCARES_SIN_GRASA:53
Gorditas de requesón,,221.6667,0,21.3333,10,0,0,pieza,150,SMAE 2014,SMAE2014:PLATILLOS_PLATOS_FUERTES:64
Granada chica,,97.0149,2.2388,23.4328,0.7463,10.8955,0,pieza,33.5,SMAE 2014,SMAE2014:FRUTAS:59
Granada roja,,50.5747,1.0345,17.8161,0.3448,2.7586,0,pieza,87,SMAE 2014,SMAE2014:FRUTAS:60
Granola baja en grasa,,388.8889,8.3333,80,6.1111,6.1111,0,cucharada,6,SMAE 2014,SMAE2014:CEREALES_SIN_GRASA:143
Granola con almendras,,466.6667,11.9048,67.1429,16.6667,5.2381,0,cucharada,7,SMAE 2014,SMAE2014:CEREALES_CON_GRASA:90
Granola con avena y miel,,457.1429,10.9524,65.2381,19.0476,6.6667,0,cucharada,7,SMAE 2014,SMAE2014:CEREALES_CON_GRASA:91
"Granola con frura seca, baja en grasas",,383.3333,7.2222,80,4.4444,5.5556,0,cucharada,6,SMAE 2014,SMAE2014:CEREALES_SIN_GRASA:144
Granola con pasitas y dátiles,,438.0952,10,72.381,13.8095,6.1905,0,cucharada,7,SMAE 2014,SMAE2014:CEREALES_CON_GRASA:92
Granola estándar,,461.9048,10.9524,67.1429,19.0476,5.2381,0,cucharada,7,SMAE 2014,SMAE2014:CEREALES_CON_GRASA:93
Granola Thins Nature Valley,,470.5882,5.8824,64.7059,23.5294,5.8824,0,pieza,17,SMAE 2014,SMAE2014:CEREALES_CON_GRASA:94
Granos de elote crudos,,85.7143,3.3333,19.0476,0.9524,2.8571,0,cuchara,10.5,SMAE 2014,SMAE2014:VERDURAS:83
Grasa de tocino,,880,0,0,100,0,0,,,SMAE 2014,SMAE2014:ACEITES_Y_GRASAS:98
Grasas animales,,880,0,0,100,0,0,,,SMAE 2014,SMAE2014:ACEITES_Y_GRASAS:99
Grasas vegetales para cocinar,,880,0,0,100,0,0,,,SMAE 2014,SMAE2014:ACEITES_Y_GRASAS:100
Grenetina sin sabor,,300,50,26.6667,0,0,0,sobre,12,SMAE 2014,SMAE2014:ALIMENTOS_LIBRES_EN_ENERGIA:113
Grosellas,,44,0.8667,10.2,0.6,4.2667,0,taza,150,SMAE 2014,SMAE2014:FRUTAS:61
Grosellas en almibar,,73.0159,0.6349,18.7302,0.1587,2.381,0,taza,252,SMAE 2014,SMAE2014:FRUTAS:62
Grosellas negras,,63.3929,1.4286,15.3571,0.4464,0,0,taza,112,SMAE 2014,SMAE2014:FRUTAS:63
Grosellas rojas o blancas,,56.25,1.4286,13.8393,0.1786,4.2857,0,taza,112,SMAE 2014,SMAE2014:FRUTAS:64
Guacamole,,164.2857,3.5714,9.6429,13.2143,0,0,cucharada,14,SMAE 2014,SMAE2014:ACEITES_Y_GRASAS:101
Guachinando crudo fileteado,,100,20.5714,0,1.4286,0,0,,,SMAE 2014,SMAE2014:A_O_A_MUY_BAJOS_EN_GRASA:119
Guachinango,,100,20.2778,0,1.3889,0,0,,,SMAE 2014,SMAE2014:A_O_A_MUY_BAJOS_EN_GRASA:117
Guachinango cocido,,128.5714,26.4286,0,1.7857,0,0,,,SMAE 2014,SMAE2014:A_O_A_MUY_BAJOS_EN_GRASA:118
Guajolote,,158.3333,20.2778,0,7.7778,0,0,,,SMAE 2014,SMAE2014:A_O_A_BAJO_EN_GRASA:54
Guanábana,,37.8151,0.4202,6.5126,1.5966,3.7815,0,pieza chica,238,SMAE 2014,SMAE2014:FRUTAS:65
Guayaba,,50.8065,0.8065,11.9355,0.5645,5.6452,0,pieza,41.33,SMAE 2014,SMAE2014:FRUTAS:66
Guayaba rosa,,67.5325,2.5974,14.2857,0.9091,5.3247,0,pieza,77,SMAE 2014,SMAE2014:FRUTAS:67
Guayabas en almibar,,83.3333,0,20.8333,0,0,0,taza,240,SMAE 2014,SMAE2014:PLATILLOS_POSTRES:10
Gurrubata cruda,,100,17.8049,0,3.1707,0,0,,,SMAE 2014,SMAE2014:A_O_A_MUY_BAJOS_EN_GRASA:120
Gusanos de maguey,,200,16.5714,0,13.7143,0,0,,,SMAE 2014,SMAE2014:A_O_A_MODERADOS_EN_GRASA:20
Haba seca cocida,,110.5882,7.6471,19.6471,0.3529,5.4118,0,taza,170,SMAE 2014,SMAE2014:LEGUMINOSAS:22
Haba seca cruda,,336.8421,25.7895,57.6316,1.5789,24.7368,0,taza,152,SMAE 2014,SMAE2014:LEGUMINOSAS:23
Haba verde,,71.875,5.625,11.5625,0.625,4.0625,0,pieza,8,SMAE 2014,SMAE2014:VERDURAS:84
Habaneras Bran Arándanos Ciruela,,322.8571,7.7143,45.7143,12.2857,8.5714,0,,,SMAE 2014,SMAE2014:CEREALES_CON_GRASA:95
Habaneras Bran trigo entero,,400,9.4444,61.1111,13.3333,8.8889,0,galleta,4.5,SMAE 2014,SMAE2014:CEREALES_SIN_GRASA:145
habaneras Clásicas,,416.6667,10,72.7778,9.4444,3.3333,0,galleta,4.5,SMAE 2014,SMAE2014:CEREALES_SIN_GRASA:146
Habaneras integrales,,383.3333,10.5556,66.1111,8.8889,8.3333,0,galleta,4.5,SMAE 2014,SMAE2014:CEREALES_SIN_GRASA:147
Halibut cocido,,140.7407,26.6667,0,2.963,0,0,,,SMAE 2014,SMAE2014:A_O_A_MUY_BAJOS_EN_GRASA:121
Halls nite,,387.5,1.25,95,0,0,0,pieza,16,SMAE 2014,SMAE2014:AZUCARES_SIN_GRASA:54
Harina,,365,10.5,76.5,1,2.5,0,cucharada,8,SMAE 2014,SMAE2014:CEREALES_SIN_GRASA:148
Harina blanca,,365,10.5,76.5,1,2.5,0,cucharada,8,SMAE 2014,SMAE2014:CEREALES_SIN_GRASA:149
Harina blanca refinada,,365,10.5,76.5,1,2.5,0,,,SMAE 2014,SMAE2014:CEREALES_SIN_GRASA:150
Harina de ajonjolí,,530.7692,30.7692,26.9231,37.6923,0,0,,,SMAE 2014,SMAE2014:ACEITES_Y_GRASAS_CON_PROTEINAS:145
Harina de ajonjolí,,530.7692,30.7692,26.9231,37.6923,0,0,,,SMAE 2014,SMAE2014:ACEITES_Y_GRASAS_CON_PROTEINAS:42
Harina de alforfón,,335,12.5,70.5,3,10,0,cucharada,8,SMAE 2014,SMAE2014:CEREALES_SIN_GRASA:151
Harina de algodón baja en grado,,331.25,49.6875,35.9375,1.25,0,0,cucharada,8,SMAE 2014,SMAE2014:CEREALES_CON_GRASA:96
Harina de almendras,,600,20,22.7273,51.8182,0,0,,,SMAE 2014,SMAE2014:ACEITES_Y_GRASAS_CON_PROTEINAS:146
Harina de almendras,,600,20,22.7273,51.8182,0,0,,,SMAE 2014,SMAE2014:ACEITES_Y_GRASAS_CON_PROTEINAS:43
Harina de amaranto,,357.8947,14.2105,62.6316,5.2632,6.8421,0,cucharada,9.5,SMAE 2014,SMAE2014:CEREALES_SIN_GRASA:152
Harina de arroz,,360,7,75.5,3,4.5,0,cucharada,10,SMAE 2014,SMAE2014:CEREALES_SIN_GRASA:153
Harina de arroz refinada,,375,6,81.5,1.5,2.5,0,cucharada,10,SMAE 2014,SMAE2014:CEREALES_SIN_GRASA:154
harina de cacahuate,,328.125,52.1875,34.6875,0.625,15.9375,0,cucharada,8,SMAE 2014,SMAE2014:CEREALES_CON_GRASA:97
Harina de cacahuate,,433.3333,34,32,22,0,0,,,SMAE 2014,SMAE2014:ACEITES_Y_GRASAS_CON_PROTEINAS:147
Harina de cacahuate,,433.3333,34,32,22,0,0,,,SMAE 2014,SMAE2014:ACEITES_Y_GRASAS_CON_PROTEINAS:44
Harina de cebada,,344.4444,12.2222,60.5556,1.6667,12.2222,0,cucharada,9,SMAE 2014,SMAE2014:CEREALES_SIN_GRASA:155
Harina de centeno,,350,11.6667,75.5556,1.6667,1.1111,0,cucharada,9,SMAE 2014,SMAE2014:CEREALES_SIN_GRASA:156
Harina de centeno integral,,325,14,69,2.5,22.5,0,cucharada,8,SMAE 2014,SMAE2014:CEREALES_SIN_GRASA:157
Harina de frijol,,333.3333,22.4242,58.7879,2.1212,4.5455,0,cucharada,11,SMAE 2014,SMAE2014:LEGUMINOSAS:24
Harina de garbanzo,,354.5455,20,56.6667,6.6667,4.5455,0,cucharada,11,SMAE 2014,SMAE2014:LEGUMINOSAS:25
Harina de girasol parcialmente desgrasada,,328.125,48.125,35.9375,1.5625,5.3125,0,cucharada,8,SMAE 2014,SMAE2014:CEREALES_CON_GRASA:98
Harina de haba,,345.4545,27.5758,57.8788,1.8182,1.8182,0,cucharada,11,SMAE 2014,SMAE2014:LEGUMINOSAS:26
Harina de lenteja,,327.2727,24.5455,56.0606,1.5152,3.9394,0,cucharada,11,SMAE 2014,SMAE2014:LEGUMINOSAS:27
Harina de maíz,,361.1111,9.4444,75.5556,3.8889,9.4444,0,cucharada,7.2,SMAE 2014,SMAE2014:CEREALES_SIN_GRASA:158
Harina de maíz nixtamalizada,,361.1111,9.4444,75.5556,3.8889,9.4444,0,cucharada,7.2,SMAE 2014,SMAE2014:CEREALES_SIN_GRASA:159
Harina de maíz para atole,,400,8,78.6667,5.3333,1.3333,0,cucharada,7.5,SMAE 2014,SMAE2014:CEREALES_SIN_GRASA:160
Harina de maíz para tamales,,442.8571,10,90.7143,5,0.7143,0,cucharada,7,SMAE 2014,SMAE2014:CEREALES_SIN_GRASA:161
Harina de papa,,347.3684,7.8947,78.9474,0.5263,5.7895,0,cucharada,9.5,SMAE 2014,SMAE2014:CEREALES_SIN_GRASA:162
Harina de sésamo baja en grasa,,334.375,50,35.625,1.875,0,0,cucharada,8,SMAE 2014,SMAE2014:CEREALES_CON_GRASA:99
Harina de soya,,432,37.2,31.2,20.4,9.6,0,cucharada,6.25,SMAE 2014,SMAE2014:LEGUMINOSAS:28
Harina de soya baja en grasa,,375,45.3125,35,8.75,15.9375,0,cucharada,8,SMAE 2014,SMAE2014:CEREALES_CON_GRASA:100
Harina de soya baja en grasa,,364,48.8,30,8.8,9.6,0,cucharada,6.25,SMAE 2014,SMAE2014:LEGUMINOSAS:29
Harina de soya desgrasada,,331.25,46.875,38.4375,1.25,17.5,0,cucharada,8,SMAE 2014,SMAE2014:CEREALES_CON_GRASA:101
Harina de soya fill fat,,437.5,34.5833,35.4167,20.4167,9.5833,0,cucharada,8,SMAE 2014,SMAE2014:CEREALES_CON_GRASA:102
Harina de soya sin grasa,,368.1818,50.9091,35.9091,6.8182,9.5455,0,cucharada,5.5,SMAE 2014,SMAE2014:LEGUMINOSAS:30
Harina de trigo,,355,10,74.5,1,2.5,0,cucharada,8,SMAE 2014,SMAE2014:CEREALES_SIN_GRASA:163
Harina de trigo integral,,336.8421,13.6842,71.5789,1.5789,12.1053,0,cucharada,7.6,SMAE 2014,SMAE2014:CEREALES_SIN_GRASA:164
Harina de trigo para panificación,,364.7059,12.3529,72.9412,1.7647,2.3529,0,cucharada,8.5,SMAE 2014,SMAE2014:CEREALES_SIN_GRASA:165
Harina de trigo para pasteleria,,364.7059,8.2353,78.2353,0.5882,1.7647,0,cucharada,6.8,SMAE 2014,SMAE2014:CEREALES_SIN_GRASA:166
Harina integral,,336.8421,13.6842,71.5789,1.5789,12.1053,0,cucharada,7.6,SMAE 2014,SMAE2014:CEREALES_SIN_GRASA:167
Harina integral de centeno,,325,14,69,2.5,22.5,0,cucharada,8,SMAE 2014,SMAE2014:CEREALES_SIN_GRASA:168
Harina integral de trigo,,336.8421,13.6842,71.5789,1.5789,12.1053,0,cucharada,7.6,SMAE 2014,SMAE2014:CEREALES_SIN_GRASA:169
Harina nixtamalizada,,372.2222,7.2222,76.6667,4.4444,9.4444,0,cucharada,7.2,SMAE 2014,SMAE2014:CEREALES_SIN_GRASA:170
Harina para brownies,,461.5385,5.3846,69.2308,17.6923,0,0,cucharada,8.67,SMAE 2014,SMAE2014:CEREALES_SIN_GRASA:171
Harina para brownies baja en grasa,,338.8889,5,70,6.6667,2.7778,0,cucharada,9,SMAE 2014,SMAE2014:CEREALES_SIN_GRASA:172
Harina para hot cakes,,338.8889,9.4444,73.8889,1.1111,2.7778,0,cucharada,9,SMAE 2014,SMAE2014:CEREALES_SIN_GRASA:173
Harina para reposteria,,375,10.625,78.75,1.25,0.625,0,cucharada,8,SMAE 2014,SMAE2014:CEREALES_SIN_GRASA:174
Harina para tamales,,442.8571,10,90.7143,5,0.7143,0,cucharada,7,SMAE 2014,SMAE2014:CEREALES_SIN_GRASA:175
Helado de café,,214.2857,3.7363,28.022,10.989,0,0,taza,182,SMAE 2014,SMAE2014:LECHE_CON_AZUCAR:16
Helado de café bajo en calorías,,201.0989,5.2747,29.6703,7.2527,0,0,taza,182,SMAE 2014,SMAE2014:LECHE_CON_AZUCAR:17
Helado de chocolate,,216.1616,3.8384,28.1818,11.0101,0,0,taza,132,SMAE 2014,SMAE2014:LECHE_CON_AZUCAR:18
Helado de chocolate bajo en calorías,,201.0101,5.0505,28.9899,7.1717,0,0,taza,132,SMAE 2014,SMAE2014:LECHE_CON_AZUCAR:19
Helado de fresa,,191.9192,3.2323,27.5758,8.3838,0,0,taza,132,SMAE 2014,SMAE2014:LECHE_CON_AZUCAR:20
Helado de fresa bajo en calorías,,162.6016,4.878,25.3659,4.6341,0,0,taza,184.5,SMAE 2014,SMAE2014:LECHE_CON_AZUCAR:21
Helado de vainilla,,201.0101,3.5354,23.6364,11.0101,0,0,taza,132,SMAE 2014,SMAE2014:LECHE_CON_AZUCAR:22
Helado de vainilla bajo en calorías,,165.1515,4.7727,25.8333,4.8485,0,0,taza,132,SMAE 2014,SMAE2014:LECHE_CON_AZUCAR:23
Helado de yogur,,127.2152,3.038,21.6456,3.6076,0,0,taza,158,SMAE 2014,SMAE2014:LECHE_CON_AZUCAR:24
Helado de yogur de fresa,,127.2152,3.038,21.6456,3.6076,0,0,taza,158,SMAE 2014,SMAE2014:LECHE_CON_AZUCAR:25
Helado napolitano,,200.9804,3.5294,23.6275,10.9804,0,0,taza,136,SMAE 2014,SMAE2014:LECHE_CON_AZUCAR:26
Helado napolitano bajo en calorías,,161.3445,4.7059,26.1345,4.3697,0,0,taza,178.5,SMAE 2014,SMAE2014:LECHE_CON_AZUCAR:27
Hierbabuena,,40,2,7,2,0,0,,,SMAE 2014,SMAE2014:ALIMENTOS_LIBRES_EN_ENERGIA:114
Hierbas de olor,,250,5,70,10,0,0,cucharadita,2,SMAE 2014,SMAE2014:ALIMENTOS_LIBRES_EN_ENERGIA:115
Hierbas finas,,250,5,70,10,0,0,cucharadita,2,SMAE 2014,SMAE2014:ALIMENTOS_LIBRES_EN_ENERGIA:116
Hierbas molidas,,250,5,70,10,0,0,cucharadita,2,SMAE 2014,SMAE2014:ALIMENTOS_LIBRES_EN_ENERGIA:117
Hígado de borrego crudo,,220,30.4,2.4,8.8,0,0,,,SMAE 2014,SMAE2014:A_O_A_BAJO_EN_GRASA:56
Hígado de cerdo cocido,,166.6667,26,3.6667,4.3333,0,0,,,SMAE 2014,SMAE2014:A_O_A_BAJO_EN_GRASA:57
Hígado de ganzo,,134.0426,16.383,6.383,4.2553,0,0,pieza,94,SMAE 2014,SMAE2014:A_O_A_BAJO_EN_GRASA:58
Hígado de ganzo crudo,,132.5,16.25,6.25,4.25,0,0,,,SMAE 2014,SMAE2014:A_O_A_BAJO_EN_GRASA:55
Hígado de pato crudo,,135,18.75,3.5,4.5,0,0,,,SMAE 2014,SMAE2014:A_O_A_BAJO_EN_GRASA:59
Hígado de pavo,,168.5714,24,3.4286,6,0,0,cucharada,8.75,SMAE 2014,SMAE2014:A_O_A_BAJO_EN_GRASA:60
Hígado de pollo cocido,,166.6667,24.3333,1,6.6667,0,0,,,SMAE 2014,SMAE2014:A_O_A_BAJO_EN_GRASA:61
Hígado de pollo crudo,,120,18,3.5,4,0,0,,,SMAE 2014,SMAE2014:A_O_A_BAJO_EN_GRASA:62
Hígado de res cocido,,160,24.3333,3.3333,5,0,0,,,SMAE 2014,SMAE2014:A_O_A_BAJO_EN_GRASA:63
Hígado de res frito,,216,26.8,8,8,0,0,,,SMAE 2014,SMAE2014:A_O_A_BAJO_EN_GRASA:64
Higo,,73.6111,0.8333,19.1667,0.1389,2.9167,0,pieza,36,SMAE 2014,SMAE2014:FRUTAS:68
Higo deshidratado,,247.3684,3.1579,62.6316,1.0526,9.4737,0,pieza,19,SMAE 2014,SMAE2014:FRUTAS:69
Hilos de trigo entrelazados con miel maple y azúcar,,345,8,80,1.5,9.5,0,pieza,2.22,SMAE 2014,SMAE2014:CEREALES_SIN_GRASA:176
Hinojo,,30,1,7,0,0,0,,,SMAE 2014,SMAE2014:ALIMENTOS_LIBRES_EN_ENERGIA:118
Hoja de aguacate,,33.3333,3.3333,3.3333,0,0,0,pieza,3,SMAE 2014,SMAE2014:ALIMENTOS_LIBRES_EN_ENERGIA:119
Hojaldra,,410.7143,8.2143,46.4286,21.4286,2.5,0,pieza,84,SMAE 2014,SMAE2014:CEREALES_CON_GRASA:103
Hojas de amaranto cocidas,,21,2.1,4.1,0.2,0,0,,,SMAE 2014,SMAE2014:VERDURAS:85
Hojas de amaranto crudas,,22.619,2.5,4.0476,0.3571,0,0,hojas,14,SMAE 2014,SMAE2014:VERDURAS:86
Hojas de chicoria cruda,,20,1.2308,3.3846,0.2308,0.9231,0,,,SMAE 2014,SMAE2014:VERDURAS:87
Hojas de dientes de león,,53.3333,2.6667,9.1111,0.6667,1.7778,0,,,SMAE 2014,SMAE2014:VERDURAS:88
Hojas de laurel,,300,10,70,10,0,0,pieza,1,SMAE 2014,SMAE2014:ALIMENTOS_LIBRES_EN_ENERGIA:120
Hojas de pata de paloma,,80,3.2,16.8,1.6,1.6,0,,,SMAE 2014,SMAE2014:VERDURAS:89
"Hojas de remolacha, crudas",,21.875,2.1875,4.375,0.1563,3.75,0,hojas,32,SMAE 2014,SMAE2014:VERDURAS:90
"Hojas de remolacha, hervida",,26.3889,2.6389,5.4167,0.1389,2.9167,0,taza,144,SMAE 2014,SMAE2014:VERDURAS:91
Hojuelas avena instantánea con manzana y canela,,87.3418,1.7722,17.7215,1.0127,1.7722,0,taza,237,SMAE 2014,SMAE2014:CEREALES_SIN_GRASA:202
Hojuelas de 7 fibras,,350,14,77,1.5,14,0,taza,60,SMAE 2014,SMAE2014:CEREALES_SIN_GRASA:177
Hojuelas de arroz,,343.75,20,70,1.25,3.125,0,taza,32,SMAE 2014,SMAE2014:CEREALES_SIN_GRASA:178
Hojuelas de avena,,250,17.6923,67.3077,7.3077,15.7692,0,taza,78,SMAE 2014,SMAE2014:CEREALES_SIN_GRASA:179
Hojuelas de avena con maple,,250,17.6923,67.3077,7.3077,15.7692,0,taza,78,SMAE 2014,SMAE2014:CEREALES_SIN_GRASA:180
Hojuelas de avena endulzadas con miel y almendras,,421.4286,7.8571,80.7143,8.5714,5,0,taza,42,SMAE 2014,SMAE2014:CEREALES_SIN_GRASA:181
Hojuelas de avena instantáneas con miel maple y azúcar morena. Preparado,,101.6949,2.3729,20,1.3559,1.8644,0,taza,236,SMAE 2014,SMAE2014:CEREALES_SIN_GRASA:184
Hojuelas de avena instantáneas con pasas y especieas. Preparado,,100,2.0968,20.1613,1.129,1.6129,0,taza,248,SMAE 2014,SMAE2014:CEREALES_SIN_GRASA:183
"Hojuelas de avena instantaneas con pasas, dátiles y nueces. Preparado",,116.3934,2.7869,23.4426,1.8033,2.1311,0,taza,244,SMAE 2014,SMAE2014:CEREALES_SIN_GRASA:182
"Hojuelas de avena, fruta seca y nueces",,342.8571,10,78.5714,5.2381,7.619,0,taza,84,SMAE 2014,SMAE2014:CEREALES_SIN_GRASA:185
Hojuelas de cereales con frutas secas,,388.8889,7.2222,77.7778,5.5556,5.5556,0,taza,54,SMAE 2014,SMAE2014:CEREALES_SIN_GRASA:186
Hojuelas de maíz,,352.6316,7.3684,83.1579,0.5263,3.1579,0,taza,25.33,SMAE 2014,SMAE2014:CEREALES_SIN_GRASA:187
Hojuelas de maíz azucaradas,,400,5.3846,92.3077,0.7692,2.3077,0,taza,39,SMAE 2014,SMAE2014:CEREALES_SIN_GRASA:188
Hojuelas de maíz y trigo con frutas y nueces,,388.8889,7.2222,77.7778,5.5556,5.5556,0,taza,54,SMAE 2014,SMAE2014:CEREALES_SIN_GRASA:189
Hojuelas de papa para puré,,355,8.5,81,0.5,6.5,0,,,SMAE 2014,SMAE2014:CEREALES_SIN_GRASA:190
Hojuelas de salvado,,319.0476,8.5714,76.1905,2.381,10.9524,0,taza,63,SMAE 2014,SMAE2014:CEREALES_SIN_GRASA:191
Hojuelas de salvado con pasas,,347.3684,5.7895,83.1579,2.1053,7.3684,0,taza,57,SMAE 2014,SMAE2014:CEREALES_SIN_GRASA:192
Hojuelas de trigo,,327.7778,10,78.3333,1.6667,1.6667,0,taza,36,SMAE 2014,SMAE2014:CEREALES_SIN_GRASA:193
Hojuelas de trigo con miel,,344.4444,8.8889,79.4444,2.2222,10.5556,0,taza,36,SMAE 2014,SMAE2014:CEREALES_SIN_GRASA:194
Hojuelas de trigo integral,,368.75,21.875,68.75,1.875,2.5,0,taza,32,SMAE 2014,SMAE2014:CEREALES_SIN_GRASA:195
Hojuelas de trigo integral con chispas de yogur,,336.8421,11.0526,77.3684,0.5263,17.8947,0,taza,38,SMAE 2014,SMAE2014:CEREALES_SIN_GRASA:197
Hojuelas de trigo integral con frutas y yogur,,380,6.6667,77.3333,2.6667,2.6667,0,taza,45,SMAE 2014,SMAE2014:CEREALES_SIN_GRASA:199
Hojuelas de trigo integral con frutos rojos,,356.25,11.875,78.125,1.25,3.125,0,taza,32,SMAE 2014,SMAE2014:CEREALES_SIN_GRASA:196
Hojuelas de trigo negro,,91.5254,3.3898,19.8305,0.678,2.7119,0,taza,177,SMAE 2014,SMAE2014:CEREALES_SIN_GRASA:200
"Hojuelas fortificadas de trigo entero, almendras, nueces y miel",,386.6667,10,76,8.6667,8.6667,0,taza,60,SMAE 2014,SMAE2014:CEREALES_SIN_GRASA:201
Hongos crudos,,26.9841,3.1746,4.4444,0.4762,2.5397,0,taza,63,SMAE 2014,SMAE2014:VERDURAS:94
Hongos porrtobello crudo,,25.9259,2.4691,5.0617,0.2469,1.4815,0,pieza,81,SMAE 2014,SMAE2014:VERDURAS:92
Hongos shiitake deshidratados,,275,7.5,67.5,0,10,0,pieza,4,SMAE 2014,SMAE2014:VERDURAS:93
Hot cake,,181.5789,6.5789,25.5263,6.0526,0,0,pieza,50.67,SMAE 2014,SMAE2014:CEREALES_SIN_GRASA:203
"Hot cakes, wafles, pan francés",,270,0,40,10,0,0,pieza,50,SMAE 2014,SMAE2014:PLATILLOS_DE_DESAYUNO:8
Hot dog,,221.6667,0,21.3333,10,0,0,pieza,150,SMAE 2014,SMAE2014:PLATILLOS_PLATOS_FUERTES:71
Hot nuts,,523.0769,16.1538,40.7692,32.3077,0,0,paquete,52,SMAE 2014,SMAE2014:ACEITES_Y_GRASAS_CON_PROTEINAS:148
Hot nuts,,523.0769,16.1538,40.7692,32.3077,0,0,paquete,52,SMAE 2014,SMAE2014:ACEITES_Y_GRASAS_CON_PROTEINAS:45
Huachinango cocido,,128.5714,26.4286,0,1.7857,0,0,,,SMAE 2014,SMAE2014:A_O_A_MUY_BAJOS_EN_GRASA:123
Huachinango crudo,,100,20.2778,0,1.3889,0,0,,,SMAE 2014,SMAE2014:A_O_A_MUY_BAJOS_EN_GRASA:124
Huachinango crudo fileteado,,100,20.5714,0,1.4286,0,0,,,SMAE 2014,SMAE2014:A_O_A_MUY_BAJOS_EN_GRASA:122
Huanzontle,,60,4.5,12,0.75,2.75,0,taza,80,SMAE 2014,SMAE2014:VERDURAS:95
Huarache de carne o verduras,,221.6667,0,21.3333,10,0,0,pieza,150,SMAE 2014,SMAE2014:PLATILLOS_PLATOS_FUERTES:66
Hueva de pescado cocida,,204,28.8,2,8.4,0,0,,,SMAE 2014,SMAE2014:A_O_A_BAJO_EN_GRASA:65
"Huevo ""enriquecido con DHA-Omega 3 y Vitamina E""",,127.2727,10.9091,1.2727,8.1818,0,0,pieza,55,SMAE 2014,SMAE2014:A_O_A_MODERADOS_EN_GRASA:21
Huevo a la mexicana,,129.4118,0,2.3529,8.8235,0,0,pieza,85,SMAE 2014,SMAE2014:PLATILLOS_DE_DESAYUNO:13
Huevo agra,,127.2727,10.9091,1.2727,8.1818,0,0,pieza,55,SMAE 2014,SMAE2014:A_O_A_MODERADOS_EN_GRASA:22
Huevo batido o revuelto cocido,,168.2927,11.2195,2.1951,12.1951,0,0,cucharada,13.67,SMAE 2014,SMAE2014:A_O_A_MODERADOS_EN_GRASA:23
Huevo blanco cocido,,154.5455,12.5,1.1364,10.6818,0,0,pieza,44,SMAE 2014,SMAE2014:A_O_A_MODERADOS_EN_GRASA:24
Huevo cocido,,154.5455,12.5,1.1364,10.6818,0,0,pieza,44,SMAE 2014,SMAE2014:A_O_A_MODERADOS_EN_GRASA:25
Huevo con chorizo,,185.2941,0,0,14.7059,0,0,pieza,85,SMAE 2014,SMAE2014:PLATILLOS_DE_DESAYUNO:17
Huevo con ejotes,,129.4118,0,2.3529,8.8235,0,0,pieza,85,SMAE 2014,SMAE2014:PLATILLOS_DE_DESAYUNO:14
Huevo con embutidos,,185.2941,0,0,14.7059,0,0,pieza,85,SMAE 2014,SMAE2014:PLATILLOS_DE_DESAYUNO:16
Huevo con jamón,,185.2941,0,0,14.7059,0,0,pieza,85,SMAE 2014,SMAE2014:PLATILLOS_DE_DESAYUNO:18
Huevo con leguminosas,,185.2941,0,11.7647,9.4118,0,0,pieza,85,SMAE 2014,SMAE2014:PLATILLOS_DE_DESAYUNO:25
Huevo con salchicha,,185.2941,0,0,14.7059,0,0,pieza,85,SMAE 2014,SMAE2014:PLATILLOS_DE_DESAYUNO:20
Huevo con salsa,,129.4118,0,2.3529,8.8235,0,0,pieza,85,SMAE 2014,SMAE2014:PLATILLOS_DE_DESAYUNO:15
Huevo con salsa de frijol,,185.2941,0,11.7647,9.4118,0,0,pieza,85,SMAE 2014,SMAE2014:PLATILLOS_DE_DESAYUNO:26
Huevo con tocino,,185.2941,0,0,14.7059,0,0,pieza,85,SMAE 2014,SMAE2014:PLATILLOS_DE_DESAYUNO:19
Huevo con tortilla o papa y salsa,,257.3529,0,18.8235,14.7059,0,0,pieza,85,SMAE 2014,SMAE2014:PLATILLOS_DE_DESAYUNO:21
Huevo con verduras,,129.4118,0,2.3529,8.8235,0,0,pieza,85,SMAE 2014,SMAE2014:PLATILLOS_DE_DESAYUNO:12
Huevo congelado sin colesterol,,160,11.3333,3.1667,11.1667,0,0,cucharada,15,SMAE 2014,SMAE2014:A_O_A_BAJO_EN_GRASA:66
Huevo de codorniz fresco,,156,13,0.4,11,0,0,pieza,8.33,SMAE 2014,SMAE2014:A_O_A_MODERADOS_EN_GRASA:26
Huevo de gansa,,184.127,13.8095,1.2698,13.1746,0,0,pieza,126,SMAE 2014,SMAE2014:A_O_A_ALTO_EN_GRASA:25
Huevo de iguana,,63.7931,12.4138,0,1.0345,0,0,,,SMAE 2014,SMAE2014:A_O_A_MUY_BAJOS_EN_GRASA:125
Huevo de pato,,183.871,12.7419,1.4516,13.7097,0,0,pieza,62,SMAE 2014,SMAE2014:A_O_A_ALTO_EN_GRASA:26
Huevo de pavo,,170,13.5714,1.1429,11.8571,0,0,pieza,70,SMAE 2014,SMAE2014:A_O_A_ALTO_EN_GRASA:27
Huevo de tortuga,,113.3333,12.4444,0.8889,6.2222,0,0,,,SMAE 2014,SMAE2014:A_O_A_BAJO_EN_GRASA:67
Huevo deshidratado,,584.6154,46.1538,1.5385,41.5385,0,0,cucharada,5.2,SMAE 2014,SMAE2014:A_O_A_MODERADOS_EN_GRASA:27
Huevo en polvo,,584.6154,46.1538,1.5385,41.5385,0,0,cucharada,5.2,SMAE 2014,SMAE2014:A_O_A_MODERADOS_EN_GRASA:28
Huevo entero cocido,,154.5455,12.5,1.1364,10.6818,0,0,pieza,44,SMAE 2014,SMAE2014:A_O_A_MODERADOS_EN_GRASA:29
Huevo entero fresco,,143.1818,12.5,0.6818,10,0,0,pieza,44,SMAE 2014,SMAE2014:A_O_A_MODERADOS_EN_GRASA:30
Huevo estrellado,,195.6522,13.6957,0.8696,15.2174,0,0,pieza,46,SMAE 2014,SMAE2014:A_O_A_ALTO_EN_GRASA:28
Huevo fresco,,143.1818,12.5,0.6818,10,0,0,pieza,44,SMAE 2014,SMAE2014:A_O_A_MODERADOS_EN_GRASA:31
Huevo frito,,195.6522,13.6957,0.8696,15.2174,0,0,pieza,46,SMAE 2014,SMAE2014:A_O_A_ALTO_EN_GRASA:29
Huevo pochado,,142,12.6,0.8,10,0,0,pieza,50,SMAE 2014,SMAE2014:A_O_A_MODERADOS_EN_GRASA:32
Huevo ranchero,,257.3529,0,18.8235,14.7059,0,0,pieza,85,SMAE 2014,SMAE2014:PLATILLOS_DE_DESAYUNO:22
Huevo revuelto,,166.6667,11.1667,2.1667,12.1667,0,0,,,SMAE 2014,SMAE2014:A_O_A_ALTO_EN_GRASA:30
Huevo revuelto con frijoles,,185.2941,0,11.7647,9.4118,0,0,pieza,85,SMAE 2014,SMAE2014:PLATILLOS_DE_DESAYUNO:27
Huevo revuelto con tortilla,,257.3529,0,18.8235,14.7059,0,0,pieza,85,SMAE 2014,SMAE2014:PLATILLOS_DE_DESAYUNO:23
Huevo rojo cocido,,154.5455,12.5,1.1364,10.6818,0,0,pieza,44,SMAE 2014,SMAE2014:A_O_A_MODERADOS_EN_GRASA:33
Huitlacoche cocido,,30.303,12.1212,6.2121,0.1515,1.8182,0,taza,198,SMAE 2014,SMAE2014:VERDURAS:96
Hummus,,166.6667,7.8667,14.2667,9.6,6,0,cucharada,15,SMAE 2014,SMAE2014:LEGUMINOSAS:31
"Hummus, de garbanzo (1 cda)",,335,13.5,32,17.5,0,0,,,SMAE 2014,SMAE2014:ACEITES_Y_GRASAS_CON_PROTEINAS:149
"Hummus, de garbanzo (1 cda)",,335,13.5,32,17.5,0,0,,,SMAE 2014,SMAE2014:ACEITES_Y_GRASAS_CON_PROTEINAS:46
Ibes frescos,,129.4118,10,21.1765,0,2.9412,0,,,SMAE 2014,SMAE2014:VERDURAS:97
Ibes o haba de lima cocida,,123.5294,6.8235,23.6471,0.3529,5.2941,0,taza,170,SMAE 2014,SMAE2014:LEGUMINOSAS:32
Ibes o haba de lima cruda,,113.3333,6.8889,20.2222,0.8889,4.8889,0,,,SMAE 2014,SMAE2014:LEGUMINOSAS:33
Iguana,,116.6667,24.3333,0,1,0,0,,,SMAE 2014,SMAE2014:A_O_A_MUY_BAJOS_EN_GRASA:126
Isabelita,,83.3333,20.5556,0,0.2778,0,0,,,SMAE 2014,SMAE2014:A_O_A_MUY_BAJOS_EN_GRASA:127
Jaiba cocida desmenuzada,,82.9787,17.234,0,1.2766,0,0,taza,141,SMAE 2014,SMAE2014:A_O_A_MUY_BAJOS_EN_GRASA:128
jaiba cocida entera,,85,17.5,0,1.25,0,0,,,SMAE 2014,SMAE2014:A_O_A_MUY_BAJOS_EN_GRASA:129
jaiba cruda,,97.5,17.5,1,2.5,0,0,,,SMAE 2014,SMAE2014:A_O_A_MUY_BAJOS_EN_GRASA:130
Jalea,,323.0769,0,82.3077,0,0,0,cucharadita,6.5,SMAE 2014,SMAE2014:AZUCARES_SIN_GRASA:55
Jamaica,,100,0,20,0,0,0,taza,1,SMAE 2014,SMAE2014:ALIMENTOS_LIBRES_EN_ENERGIA:121
Jamón ahumado,,296.875,15.3125,0.625,25.625,0,0,rebanada delgada,21.33,SMAE 2014,SMAE2014:A_O_A_ALTO_EN_GRASA:31
Jamón americano,,296.875,15.3125,0.625,25.625,0,0,rebanada delgada,21.33,SMAE 2014,SMAE2014:A_O_A_ALTO_EN_GRASA:32
Jamón bajo en grasa,,133.3333,19.2857,1.1905,5,0,0,rebanada,21,SMAE 2014,SMAE2014:A_O_A_BAJO_EN_GRASA:68
Jamón bajo en sodio,,303.7037,15.5556,0.7407,25.9259,0,0,rebanada delgada,18,SMAE 2014,SMAE2014:A_O_A_ALTO_EN_GRASA:33
Jamón cocido,,296.875,15.3125,0.625,25.625,0,0,rebanada delgada,21.33,SMAE 2014,SMAE2014:A_O_A_ALTO_EN_GRASA:34
Jamón de pavo,,128.5714,19.0476,0.2381,5,0,0,rebanada,21,SMAE 2014,SMAE2014:A_O_A_BAJO_EN_GRASA:69
Jamón de pierna,,133.3333,19.2857,1.1905,5,0,0,rebanada,21,SMAE 2014,SMAE2014:A_O_A_BAJO_EN_GRASA:70
Jamón del diablo,,250,15.5,0,21.5,0,0,cucharada,11.43,SMAE 2014,SMAE2014:A_O_A_ALTO_EN_GRASA:35
Jamón horneado,,296.875,15.3125,0.625,25.625,0,0,rebanada delgada,21.33,SMAE 2014,SMAE2014:A_O_A_ALTO_EN_GRASA:36
Jamón serrano,,466.6667,16,44.6667,26,0,0,,,SMAE 2014,SMAE2014:ACEITES_Y_GRASAS_CON_PROTEINAS:150
Jamón serrano,,466.6667,16,44.6667,26,0,0,,,SMAE 2014,SMAE2014:ACEITES_Y_GRASAS_CON_PROTEINAS:47
Jamón virginia,,296.875,15.3125,0.625,25.625,0,0,rebanada delgada,21.33,SMAE 2014,SMAE2014:A_O_A_ALTO_EN_GRASA:37
Jarabe de chocolate,,272.2222,2.2222,63.3333,1.1111,0,0,cucharada,18,SMAE 2014,SMAE2014:AZUCARES_SIN_GRASA:56
Jarabe de coco,,97.6471,0.4706,7.6471,4.5882,0,0,cucharada,17,SMAE 2014,SMAE2014:AZUCARES_CON_GRASA:48
Jarabe de sabor para preparar agua,,241.1765,0,65.8824,0.5882,0,0,cucharada,17,SMAE 2014,SMAE2014:AZUCARES_SIN_GRASA:57
Jcoque ligero,,168,9.3333,3.8667,12.8,0,0,cucharada,15,SMAE 2014,SMAE2014:LECHE_ENTERA:8
Jengibre,,66.6667,1.6667,15,1.6667,0,0,cucharadita,2,SMAE 2014,SMAE2014:ALIMENTOS_LIBRES_EN_ENERGIA:122
Jengibre fresco,,66.6667,1.6667,15,1.6667,0,0,cucharada,6,SMAE 2014,SMAE2014:ALIMENTOS_LIBRES_EN_ENERGIA:123
Jengibre molido,,350,10,70,5,0,0,cucharadita,2,SMAE 2014,SMAE2014:ALIMENTOS_LIBRES_EN_ENERGIA:124
Jengibre rallado,,50,0,15,0,0,0,cucharadita,2,SMAE 2014,SMAE2014:ALIMENTOS_LIBRES_EN_ENERGIA:125
Jicama con limón y sal,,19.2308,0,3.0769,0,0,0,taza,260,SMAE 2014,SMAE2014:PLATILLOS_GUARNICIONES:21
Jicama picada,,38.3333,6.6667,8.8333,0.1667,4.8333,0,taza,120,SMAE 2014,SMAE2014:VERDURAS:98
Jinicuil,,146,12,27,1,1,0,,,SMAE 2014,SMAE2014:FRUTAS:70
Jitomate,,17.6991,0.885,3.8938,0.177,1.2389,0,,,SMAE 2014,SMAE2014:VERDURAS:99
Jitomate bola,,17.5926,0.9259,3.8889,0.1852,1.2037,0,pieza,108,SMAE 2014,SMAE2014:VERDURAS:100
Jitomate cereza,,17.8947,0.8421,3.8947,0.2105,1.1579,0,pieza,23.75,SMAE 2014,SMAE2014:VERDURAS:101
Jitomate deshidratado,,230,15,43,5,20,0,pieza,2,SMAE 2014,SMAE2014:VERDURAS:102
Jitomate guaje o saladet,,17.7419,0.8871,3.871,0.1613,1.2097,0,pieza,62,SMAE 2014,SMAE2014:VERDURAS:103
Jitomate verde,,22.7642,1.2195,5.122,0.1626,1.1382,0,pieza,123,SMAE 2014,SMAE2014:VERDURAS:104
Jitomatillo (miltomate),,35,1.5,7.1667,0.1667,1.5,0,,,SMAE 2014,SMAE2014:VERDURAS:105
Jocoque,,168,9.3333,3.8667,12.8,0,0,cucharada,15,SMAE 2014,SMAE2014:LECHE_ENTERA:7
Jocoque seco,,168,9.3333,3.8667,12.8,0,0,cucharada,15,SMAE 2014,SMAE2014:LECHE_ENTERA:9
"Jorobado, lamparosa",,94.4444,20.5556,0,1.3889,0,0,,,SMAE 2014,SMAE2014:A_O_A_MUY_BAJOS_EN_GRASA:131
Jugo de almeja,,2.0833,0.4167,0.0833,0.0179,0,0,taza,240,SMAE 2014,SMAE2014:A_O_A_MUY_BAJOS_EN_GRASA:132
Jugo de caña de azucar,,83.3333,0.3333,20.5,0.1667,0,0,taza,240,SMAE 2014,SMAE2014:AZUCARES_SIN_GRASA:58
Jugo de ciruela pasa,,70.3125,0.625,17.5,0,0,0,taza,256,SMAE 2014,SMAE2014:AZUCARES_SIN_GRASA:59
Jugo de citricos preparados con agua,,46.25,0.25,11.5,0,0,0,taza,240,SMAE 2014,SMAE2014:AZUCARES_SIN_GRASA:60
Jugo de fruta concentrado,,225,4,50.5,1.5,0,0,,,SMAE 2014,SMAE2014:AZUCARES_SIN_GRASA:61
Jugo de mamey,,65,0.75,15.625,0.125,0.25,0,taza,240,SMAE 2014,SMAE2014:FRUTAS:72
Jugo de mandarina natural,,38.3333,0.6667,9.4167,0,1.1667,0,taza,240,SMAE 2014,SMAE2014:FRUTAS:73
Jugo de mango,,50.8333,0.0833,13.0833,0.0833,0.3333,0,taza,240,SMAE 2014,SMAE2014:FRUTAS:74
Jugo de naranja natural,,45,0.6667,10.4167,0.1667,0.1667,0,taza,240,SMAE 2014,SMAE2014:FRUTAS:75
Jugo de papaya,,56.962,0.1266,14.557,0.1266,0.6329,0,taza,237,SMAE 2014,SMAE2014:FRUTAS:76
Jugo de tomate,,17.2131,0.7377,4.1803,0.082,0.4098,0,taza,244,SMAE 2014,SMAE2014:VERDURAS:106
Jugo de toronja natural,,39.1667,0.5,9.1667,0.0833,0.0833,0,taza,240,SMAE 2014,SMAE2014:FRUTAS:77
Jugo de verduras,,19.0083,0.6612,4.5455,0.0826,0.8264,0,taza,242,SMAE 2014,SMAE2014:VERDURAS:107
Jugo de zanahoria,,40.678,1.0169,9.322,0.1695,0.8475,0,taza,236,SMAE 2014,SMAE2014:VERDURAS:108
"Jugo de zanahoria, manzana y 3 frutas citricas",,48.75,0,12.125,0,0,0,taza,240,SMAE 2014,SMAE2014:AZUCARES_SIN_GRASA:63
Jugo natural´es de Lala,,22.4,0.4,5.2,0,0,0,pieza,125,SMAE 2014,SMAE2014:AZUCARES_SIN_GRASA:64
Jugod de limón,,25,0.3889,8.6667,0,0.3889,0,taza,240,SMAE 2014,SMAE2014:FRUTAS:71
Jugod e frutas,,50,0,12.5,0,0,0,taza,240,SMAE 2014,SMAE2014:AZUCARES_SIN_GRASA:62
Jumiles,,445,32,0,34,0,0,,,SMAE 2014,SMAE2014:A_O_A_ALTO_EN_GRASA:38
Kinder delice,,452.381,28.0952,42.8571,28.0952,0,0,paquete,63,SMAE 2014,SMAE2014:AZUCARES_CON_GRASA:49
Kinder delice,,452.381,4.7619,42.8571,28.0952,2.381,0,paquete,42,SMAE 2014,SMAE2014:CEREALES_CON_GRASA:104
Kiwi,,60.5263,1.0526,14.5614,0.5263,2.9825,0,pieza,76,SMAE 2014,SMAE2014:FRUTAS:78
Kkwatte sabritas japonés,,493.3333,16,44,28,0,0,,,SMAE 2014,SMAE2014:ACEITES_Y_GRASAS_CON_PROTEINAS:151
Kkwatte sabritas japonés,,493.3333,16,44,28,0,0,,,SMAE 2014,SMAE2014:ACEITES_Y_GRASAS_CON_PROTEINAS:48
Kkwatte sabritas salados,,600,20,12,52,0,0,,,SMAE 2014,SMAE2014:ACEITES_Y_GRASAS_CON_PROTEINAS:152
Kkwatte sabritas salados,,600,20,12,52,0,0,,,SMAE 2014,SMAE2014:ACEITES_Y_GRASAS_CON_PROTEINAS:49
Koll-Aid en polvo sin azúcar,,500,0,0,0,0,0,sobre,1,SMAE 2014,SMAE2014:ALIMENTOS_LIBRES_EN_ENERGIA:126
Kranky,,446.6667,14.6667,73.3333,14.6667,0,0,paquete,45,SMAE 2014,SMAE2014:AZUCARES_CON_GRASA:50
Langosta,,90,18.75,0.5,1,0,0,,,SMAE 2014,SMAE2014:A_O_A_MUY_BAJOS_EN_GRASA:133
Langosta cocida,,97.1429,20.5714,1.4286,0.5714,0,0,,,SMAE 2014,SMAE2014:A_O_A_MUY_BAJOS_EN_GRASA:134
langostino,,68,14.4,0,1.2,0,0,,,SMAE 2014,SMAE2014:A_O_A_MUY_BAJOS_EN_GRASA:135
Lardo,,900,0,0,100,0,0,,,SMAE 2014,SMAE2014:ACEITES_Y_GRASAS:102
Lasagna cruda,,340,9.5,73,0.5,2,0,,,SMAE 2014,SMAE2014:CEREALES_SIN_GRASA:204
Lasagna vegetariana,,160,0,22.6667,3.3333,0,0,rebanada,150,SMAE 2014,SMAE2014:PLATILLOS_PLATOS_FUERTES:83
Lasagna vegetariana con parmensano,,221.6667,0,21.3333,10,0,0,rebanada,150,SMAE 2014,SMAE2014:PLATILLOS_PLATOS_FUERTES:67
Lasaña cocida,,340,9.5,73,0.5,2,0,,,SMAE 2014,SMAE2014:CEREALES_SIN_GRASA:205
Laurel,,300,10,70,10,0,0,hoja,1,SMAE 2014,SMAE2014:ALIMENTOS_LIBRES_EN_ENERGIA:127
Laurel fresco,,300,10,70,10,0,0,hoja,1,SMAE 2014,SMAE2014:ALIMENTOS_LIBRES_EN_ENERGIA:128
Laurel troceado,,300,10,70,10,0,0,cucharadita,1,SMAE 2014,SMAE2014:ALIMENTOS_LIBRES_EN_ENERGIA:129
Leche,,61.6667,3.2917,4.6667,3.3333,0,0,taza,240,SMAE 2014,SMAE2014:LECHE_ENTERA:10
Leche Alpura Ligh Extra,,42.9167,3.3333,5.8333,1,0,0,taza,240,SMAE 2014,SMAE2014:LECHE_DESCREMADA:7
Leche caliente,,61.6667,3.2917,4.6667,3.3333,0,0,taza,240,SMAE 2014,SMAE2014:LECHE_ENTERA:11
Leche clavel,,125,6.25,9.4167,6.25,0,0,taza,240,SMAE 2014,SMAE2014:LECHE_ENTERA:12
Leche con chocolate,,83.3333,3.1667,10.375,3.4167,0,0,taza,240,SMAE 2014,SMAE2014:LECHE_CON_AZUCAR:28
Leche con chocolate semidescremada 1%,,75.8333,3,12.125,1.9167,0,0,taza,240,SMAE 2014,SMAE2014:LECHE_CON_AZUCAR:29
Leche con vainilla,,94.9541,2.9358,14.2202,3.0275,0,0,taza,218,SMAE 2014,SMAE2014:LECHE_CON_AZUCAR:30
Leche condensada,,327.2727,8.1818,55.4545,9.0909,0,0,cucharadita,5.5,SMAE 2014,SMAE2014:AZUCARES_SIN_GRASA:65
Leche condensada light,,281.25,8.75,60,0.625,0,0,cucharada,16,SMAE 2014,SMAE2014:AZUCARES_SIN_GRASA:66
Leche cruda,,60.8333,3.2917,4.7083,3.2917,0,0,taza,240,SMAE 2014,SMAE2014:LECHE_ENTERA:13
Leche de burra,,53.1646,1.9831,6.1181,2.4051,0,0,taza,237,SMAE 2014,SMAE2014:LECHE_ENTERA:14
Leche de cabra,,68.75,3.5833,4.4583,4.125,0,0,taza,240,SMAE 2014,SMAE2014:LECHE_ENTERA:15
Leche de soya,,32.9167,2.75,1.7917,1.9167,0,0,taza,240,SMAE 2014,SMAE2014:LECHE_DESCREMADA:8
Leche de soya saborizada,,63.6667,3.1,7.7667,2.2667,0,0,taza,240,SMAE 2014,SMAE2014:LECHE_CON_AZUCAR:31
Leche de vaca,,61.6667,3.2917,4.6667,3.3333,0,0,taza,240,SMAE 2014,SMAE2014:LECHE_ENTERA:16
Leche descremada,,35.102,3.4286,4.8571,0.1633,0,0,taza,245,SMAE 2014,SMAE2014:LECHE_DESCREMADA:9
Leche descremada con chocolate,,63,3.2333,10.4333,1,0,0,taza,240,SMAE 2014,SMAE2014:LECHE_CON_AZUCAR:32
Leche descremada con chocolate,,32.0833,2.4167,5.2083,0.4167,0,0,taza,240,SMAE 2014,SMAE2014:LECHE_DESCREMADA:10
Leche descremada en polvo,,363.3333,36,52,0.6667,0,0,cucharada,7.5,SMAE 2014,SMAE2014:LECHE_DESCREMADA:11
"Leche descremada en polvo, recucida en Ca",,356.6667,36,52.6667,0.3333,0,0,cucharada,7.5,SMAE 2014,SMAE2014:LECHE_DESCREMADA:12
Leche en polvo,,496.875,26.25,38.4375,26.5625,0,0,cucharada,8,SMAE 2014,SMAE2014:LECHE_ENTERA:17
Leche en polvo descremada,,363.3333,36,52,0.6667,0,0,cucharada,7.5,SMAE 2014,SMAE2014:LECHE_DESCREMADA:13
Leche en polvo sabor chocolate con malbavisco,,400,4.2857,90,2.1429,0,0,cucharada,7,SMAE 2014,SMAE2014:AZUCARES_SIN_GRASA:67
Leche en polvo sabor fresa,,333.9286,23.75,57.1429,0,0,0,cucharada,7,SMAE 2014,SMAE2014:LECHE_CON_AZUCAR:33
leche en polvo sabor fudge de chocolate,,400,4.2857,90,2.1429,0,0,cucharada,7,SMAE 2014,SMAE2014:AZUCARES_SIN_GRASA:68
Leche en polvo sabor vainilla,,333.9286,23.75,57.1429,0,0,0,cucharada,7,SMAE 2014,SMAE2014:LECHE_CON_AZUCAR:34
Leche entera,,61.6667,3.2917,4.6667,3.3333,0,0,taza,240,SMAE 2014,SMAE2014:LECHE_ENTERA:18
Leche entera baja en sodio,,61.25,3.125,4.4583,3.4583,0,0,taza,240,SMAE 2014,SMAE2014:LECHE_ENTERA:19
Leche entera en polvo,,496.875,26.25,38.4375,26.5625,0,0,cucharada,8,SMAE 2014,SMAE2014:LECHE_ENTERA:20
Leche entera en polvo adicionada,,496.875,26.25,38.4375,26.5625,0,0,cucharada,8,SMAE 2014,SMAE2014:LECHE_ENTERA:21
Leche entera evaporada,,125,6.25,9.4167,6.25,0,0,taza,240,SMAE 2014,SMAE2014:LECHE_ENTERA:22
Leche entera ultrapasteurizada,,55.8333,2.9167,4.7083,2.9167,0,0,taza,240,SMAE 2014,SMAE2014:LECHE_ENTERA:23
Leche evaporada descremada,,78.3333,7.5,11.25,0.3333,0,0,taza,240,SMAE 2014,SMAE2014:LECHE_DESCREMADA:14
Leche evaporada semidescremada,,78.3333,6.25,9.4167,1.5833,0,0,taza,240,SMAE 2014,SMAE2014:LECHE_DESCREMADA:15
Leche evaporada semidescremada,,63.125,5.0625,7.625,1.25,0,0,taza,320,SMAE 2014,SMAE2014:LECHE_SEMIDESCREMADA:5
Leche fácil digestión,,45.4167,3.125,4.6667,1.625,0,0,taza,240,SMAE 2014,SMAE2014:LECHE_SEMIDESCREMADA:6
Leche fermentada con latobacilos,,72,3,14.32,1.6,0,0,pieza,100,SMAE 2014,SMAE2014:LECHE_CON_AZUCAR:35
Leche fermentada con latobacilos sabor naranja,,74,2.92,16,1.52,0,0,pieza,100,SMAE 2014,SMAE2014:LECHE_CON_AZUCAR:36
Leche fermentada con latobacilos sabor natural,,83.2,2.8,14.32,1.6,0,0,pieza,100,SMAE 2014,SMAE2014:LECHE_CON_AZUCAR:37
Leche fermentada con latobacilos sabor vainilla,,87.9828,2.7039,16.0086,1.5021,0,0,pieza,99.86,SMAE 2014,SMAE2014:LECHE_CON_AZUCAR:38
Leche fría,,61.6667,3.2917,4.6667,3.3333,0,0,taza,240,SMAE 2014,SMAE2014:LECHE_ENTERA:25
Leche hervida,,67.9167,3.4167,5.2083,3.7917,0,0,taza,240,SMAE 2014,SMAE2014:LECHE_ENTERA:26
Leche humana,,70.8333,0.9583,6.7917,4.5,0,0,taza,240,SMAE 2014,SMAE2014:LECHE_ENTERA:27
Leche Lactium MX,,45.4167,3,4.5833,1.6667,0,0,taza,240,SMAE 2014,SMAE2014:LECHE_SEMIDESCREMADA:7
Leche Lala Entera,,57.9167,3.125,5,3,0,0,taza,240,SMAE 2014,SMAE2014:LECHE_ENTERA:29
Leche Lala Extracalcio Deslactosada,,52.2936,3.8073,5.7339,1.6055,0,0,taza,218,SMAE 2014,SMAE2014:LECHE_SEMIDESCREMADA:8
Leche Lala Extracalcio Light,,47.0833,3.7917,5.7083,1,0,0,taza,240,SMAE 2014,SMAE2014:LECHE_DESCREMADA:16
Leche Lala Extracalcio Semidescremada,,52.2936,3.8073,5.7339,1.6055,0,0,taza,218,SMAE 2014,SMAE2014:LECHE_SEMIDESCREMADA:9
Leche Lala Light,,40,3.125,4.625,1,0,0,taza,240,SMAE 2014,SMAE2014:LECHE_DESCREMADA:17
Leche Lala saborizada,,66.3462,3.0128,11.1859,0.9936,0,0,taza,234,SMAE 2014,SMAE2014:LECHE_CON_AZUCAR:39
Leche Lala Semidescremada,,45.4167,3.125,4.625,1.5833,0,0,taza,240,SMAE 2014,SMAE2014:LECHE_SEMIDESCREMADA:10
Leche Lala Siluette Plus,,34.5833,3.125,5.6667,0.2083,0,0,taza,240,SMAE 2014,SMAE2014:LECHE_DESCREMADA:18
Leche Lala Vive con fibra,,37.9167,3.125,6.25,0.5,0,0,taza,240,SMAE 2014,SMAE2014:LECHE_DESCREMADA:19
Leche Lala Vive con fribra saborizada,,69.5833,3,12.4583,1.5833,0,0,taza,240,SMAE 2014,SMAE2014:LECHE_CON_AZUCAR:40
Leche Lala Vive Deslactosada ligth,,35.4167,3.125,4.625,0.5,0,0,taza,240,SMAE 2014,SMAE2014:LECHE_DESCREMADA:20
Leche Lala Vive Deslactosada semidescremada,,45.4167,3.125,4.625,1.5833,0,0,taza,240,SMAE 2014,SMAE2014:LECHE_SEMIDESCREMADA:11
Leche Lala Vive sin colesterol con omega 3,,50.4386,3.6404,5.3947,1.5789,0,0,taza,228,SMAE 2014,SMAE2014:LECHE_SEMIDESCREMADA:12
Leche Liconsa Te Nutre,,496.875,26.25,38.4375,26.5625,0,0,cucharada,8,SMAE 2014,SMAE2014:LECHE_ENTERA:30
Leche light Extra,,42.9167,3.3333,5.8333,1,0,0,taza,240,SMAE 2014,SMAE2014:LECHE_DESCREMADA:21
Leche malteada de chocolate,,84.1667,3.375,10.9167,3.25,0,0,taza,240,SMAE 2014,SMAE2014:LECHE_CON_AZUCAR:41
Leche malteada sabor chocolate,,118.8889,3.0556,21.1667,2.7222,0,0,pieza,240,SMAE 2014,SMAE2014:LECHE_CON_AZUCAR:42
Leche malteada sabor fresa,,112.0879,3.8462,17.8022,3.022,0,0,pieza,242.67,SMAE 2014,SMAE2014:LECHE_CON_AZUCAR:43
Leche malteada sabor vainilla,,112.2222,3.8333,17.7778,3.0556,0,0,pieza,240,SMAE 2014,SMAE2014:LECHE_CON_AZUCAR:44
Leche materna,,70.8333,0.9583,6.7917,4.5,0,0,taza,240,SMAE 2014,SMAE2014:LECHE_ENTERA:31
Leche maternizada en polvo,,507.6923,13.4615,55,26.9231,0,0,cucharada,13,SMAE 2014,SMAE2014:LECHE_ENTERA:32
Leche omega verde,,50,3.2917,4.7917,1.9167,0,0,taza,240,SMAE 2014,SMAE2014:LECHE_ENTERA:33
Leche pasteurizada,,60.8333,3.2917,4.7083,3.2917,0,0,taza,240,SMAE 2014,SMAE2014:LECHE_ENTERA:34
Leche preparada,,58.75,2.7083,3.5417,2.4583,0,0,taza,240,SMAE 2014,SMAE2014:LECHE_ENTERA:35
Leche semidescremada,,49.7854,3.3047,4.8069,1.8884,0,0,taza,233,SMAE 2014,SMAE2014:LECHE_SEMIDESCREMADA:13
Leche semidescremada 1%,,41.8033,3.2787,4.7951,1.0656,0,0,taza,244,SMAE 2014,SMAE2014:LECHE_SEMIDESCREMADA:14
Leche semidescremada 2%,,49.5726,3.3333,4.7863,1.9231,0,0,taza,234,SMAE 2014,SMAE2014:LECHE_SEMIDESCREMADA:15
Leche semidescremada sabor chocolate,,75.8333,3,12.125,1.9167,0,0,pieza,240,SMAE 2014,SMAE2014:LECHE_CON_AZUCAR:45
Lechuga,,17.037,1.2593,3.3333,0.2963,2.0741,0,taza,45,SMAE 2014,SMAE2014:VERDURAS:109
Lengua de cerdo cocida,,270,24,0,18.6667,0,0,,,SMAE 2014,SMAE2014:A_O_A_ALTO_EN_GRASA:39
Lengua de res cocida,,285.7143,19.4286,0,22.2857,0,0,,,SMAE 2014,SMAE2014:A_O_A_ALTO_EN_GRASA:40
Lengua de vaca,,27.2727,2.0202,3.2323,0.7071,0.8081,0,,,SMAE 2014,SMAE2014:VERDURAS:110
Lenguado,,75.5556,16.6667,0,1.1111,0,0,,,SMAE 2014,SMAE2014:A_O_A_MUY_BAJOS_EN_GRASA:136
Lenguado fileteado,,75.5556,16.6667,0,1.1111,0,0,,,SMAE 2014,SMAE2014:A_O_A_MUY_BAJOS_EN_GRASA:137
Lenteja cocida,,116.1616,9.0909,20.202,0.404,7.8788,0,taza,198,SMAE 2014,SMAE2014:LEGUMINOSAS:34
Lenteja cruda,,354.2857,25.7143,60,1.1429,30.5714,0,,,SMAE 2014,SMAE2014:LEGUMINOSAS:35
Lenteja germinada cocida,,100,8.9474,21.5789,0.5263,0,0,taza,76,SMAE 2014,SMAE2014:VERDURAS:111
Lerche evaporada,,125,6.25,9.4167,6.25,0,0,taza,240,SMAE 2014,SMAE2014:LECHE_ENTERA:24
Levadura comprimida,,100,7.7778,17.7778,2.2222,0,0,sobre,18,SMAE 2014,SMAE2014:ALIMENTOS_LIBRES_EN_ENERGIA:130
Levadura en polvo,,250,35,35,5,0,0,sobre,8,SMAE 2014,SMAE2014:ALIMENTOS_LIBRES_EN_ENERGIA:131
Levadura fresca,,250,45,45,0,0,0,,,SMAE 2014,SMAE2014:ALIMENTOS_LIBRES_EN_ENERGIA:132
Levadura seca,,275,35,35,5,0,0,sobre,8,SMAE 2014,SMAE2014:ALIMENTOS_LIBRES_EN_ENERGIA:133
Lichis,,65.5556,0.7778,16.5556,0.3333,1.3333,0,pieza,7.5,SMAE 2014,SMAE2014:FRUTAS:79
Licor 100° proof,,296,0,3.6,0,0,0,ml,1,SMAE 2014,SMAE2014:BEBIDAS_ALCOHOLICAS:13
Licor 80° proof,,231.6667,0,3.5,0,0,0,ml,1,SMAE 2014,SMAE2014:BEBIDAS_ALCOHOLICAS:17
Licor 86° proof,,250.9091,0,3.4545,0,0,0,ml,1,SMAE 2014,SMAE2014:BEBIDAS_ALCOHOLICAS:16
Licor 90° proof,,263.6364,0,3.4545,0,0,0,ml,1,SMAE 2014,SMAE2014:BEBIDAS_ALCOHOLICAS:15
Licor 94° proof,,276,0,3.6,0,0,0,ml,1,SMAE 2014,SMAE2014:BEBIDAS_ALCOHOLICAS:14
Licor de almendras,,223.3333,0,35,0,0,0,ml,1,SMAE 2014,SMAE2014:BEBIDAS_ALCOHOLICAS:18
Licor de café,,326.6667,0,46.8889,0,0,0,ml,1,SMAE 2014,SMAE2014:BEBIDAS_ALCOHOLICAS:19
Licor de café con crema,,326.6667,0,20.8889,0,0,0,ml,1,SMAE 2014,SMAE2014:BEBIDAS_ALCOHOLICAS:20
Licor de café con whiskey,,326.6667,0,20.8889,0,0,0,ml,1,SMAE 2014,SMAE2014:BEBIDAS_ALCOHOLICAS:21
Licor de naranja,,224.6154,0,35.0769,0,0,0,ml,1,SMAE 2014,SMAE2014:BEBIDAS_ALCOHOLICAS:22
Licuado de leche Lala Siluette Plus,,45.2,3,6.52,0.2,0,0,pieza,250,SMAE 2014,SMAE2014:LECHE_SEMIDESCREMADA:16
Liebre,,133.3333,20.6061,0,4.8485,0,0,,,SMAE 2014,SMAE2014:A_O_A_MUY_BAJOS_EN_GRASA:138
Lima,,29.932,0.6803,10.5442,0.2041,2.7891,0,pieza,49,SMAE 2014,SMAE2014:FRUTAS:80
Limón,,29.4118,0.8824,10.5882,0.2941,0,0,pieza,68,SMAE 2014,SMAE2014:ALIMENTOS_LIBRES_EN_ENERGIA:134
Limón agrio,,22.2222,1.1111,10,0,0,0,pieza,18,SMAE 2014,SMAE2014:ALIMENTOS_LIBRES_EN_ENERGIA:135
Limón real,,20.2614,1.1765,10.719,0.3268,4.7059,0,pieza,38.25,SMAE 2014,SMAE2014:FRUTAS:81
Limón sin semilla,,18.1818,0.9091,10.9091,0,0,0,pieza,22,SMAE 2014,SMAE2014:ALIMENTOS_LIBRES_EN_ENERGIA:136
"Lisa, churra, cabezuda",,111.1111,19.4444,0,3.6111,0,0,,,SMAE 2014,SMAE2014:A_O_A_MUY_BAJOS_EN_GRASA:139
Lomo canadiense,,100,17.7778,0.8889,3.1111,0,0,rebanada,15,SMAE 2014,SMAE2014:A_O_A_MUY_BAJOS_EN_GRASA:140
Lomo de cerdo,,140,19.75,0,6.25,0,0,,,SMAE 2014,SMAE2014:A_O_A_BAJO_EN_GRASA:71
Lomo de cerdo en trozos,,140,19.75,0,6.25,0,0,,,SMAE 2014,SMAE2014:A_O_A_BAJO_EN_GRASA:72
Lomo de venado,,116.6667,20.2778,0,3.3333,0,0,,,SMAE 2014,SMAE2014:A_O_A_MUY_BAJOS_EN_GRASA:141
Longaniza de primera,,177.2727,16.5909,0,11.8182,0,0,,,SMAE 2014,SMAE2014:A_O_A_MODERADOS_EN_GRASA:34
Lunetas,,493.75,4.375,71.25,21.25,0,0,paquete,48,SMAE 2014,SMAE2014:AZUCARES_CON_GRASA:51
Macarela cocida,,262.069,23.7931,0,17.931,0,0,filete,87,SMAE 2014,SMAE2014:A_O_A_MODERADOS_EN_GRASA:35
Macarela fresca,,205.4054,18.6486,0,13.7838,0,0,filete,111,SMAE 2014,SMAE2014:A_O_A_MODERADOS_EN_GRASA:36
Macarrón cocido,,140.4255,4.6809,28.0851,0.6383,1.2766,0,taza,141,SMAE 2014,SMAE2014:CEREALES_SIN_GRASA:206
Macarrón con queso,,216,8.4,20.2,11.2,0,0,taza,200,SMAE 2014,SMAE2014:CEREALES_CON_GRASA:105
Macarrón con queso,,134.5238,0,14.2857,5.9524,0,0,taza,210,SMAE 2014,SMAE2014:PLATILLOS_SOPAS:56
Macarrón crudo,,340,9.5,73,0.5,2,0,,,SMAE 2014,SMAE2014:CEREALES_SIN_GRASA:207
Macarrón integral cocido,,123.4043,5.3191,26.383,0.6383,2.766,0,taza,141,SMAE 2014,SMAE2014:CEREALES_SIN_GRASA:208
Machaca,,338.4615,46.1538,0,9.2308,0,0,sobre,39,SMAE 2014,SMAE2014:A_O_A_MUY_BAJOS_EN_GRASA:142
Machacado de res,,333.3333,44.6667,0,8.6667,0,0,,,SMAE 2014,SMAE2014:A_O_A_MUY_BAJOS_EN_GRASA:143
Maciza de carnero,,135,19,0,6,0,0,,,SMAE 2014,SMAE2014:A_O_A_BAJO_EN_GRASA:73
Maciza de cedo,,262.8571,16.8571,0,21.1429,0,0,,,SMAE 2014,SMAE2014:A_O_A_ALTO_EN_GRASA:41
Maciza de res,,140,20.8,0,6.4,0,0,,,SMAE 2014,SMAE2014:A_O_A_MUY_BAJOS_EN_GRASA:144
Maciza de res en trozo,,140,20.8,0,6.4,0,0,,,SMAE 2014,SMAE2014:A_O_A_MUY_BAJOS_EN_GRASA:145
Maciza de ternera,,157.1429,19.7143,0,8,0,0,,,SMAE 2014,SMAE2014:A_O_A_BAJO_EN_GRASA:74
Madalena,,460,8,44.5,21,0,0,pieza,26.67,SMAE 2014,SMAE2014:CEREALES_CON_GRASA:106
Mafer tostados sazonados,,550,22.5,14.1667,45,0,0,,,SMAE 2014,SMAE2014:ACEITES_Y_GRASAS_CON_PROTEINAS:153
Mafer tostados sazonados,,550,22.5,14.1667,45,0,0,,,SMAE 2014,SMAE2014:ACEITES_Y_GRASAS_CON_PROTEINAS:50
Maicena,,375,0,90,0,0,0,cucharada,8,SMAE 2014,SMAE2014:CEREALES_SIN_GRASA:209
Maicena sabor,,375,0,90,0,0,0,cucharada,8,SMAE 2014,SMAE2014:CEREALES_SIN_GRASA:210
Maíz,,372.2222,12.2222,72.2222,5,12.2222,0,,,SMAE 2014,SMAE2014:CEREALES_SIN_GRASA:211
Maíz amarillo,,372.2222,12.2222,72.2222,5,12.2222,0,,,SMAE 2014,SMAE2014:CEREALES_SIN_GRASA:212
Maíz amarillo cocido,,372.2222,12.2222,72.2222,5,12.2222,0,,,SMAE 2014,SMAE2014:CEREALES_SIN_GRASA:213
Maíz azul,,372.2222,8.3333,76.1111,4.4444,12.2222,0,,,SMAE 2014,SMAE2014:CEREALES_SIN_GRASA:214
Maíz blanco,,372.2222,12.2222,72.2222,5,12.2222,0,,,SMAE 2014,SMAE2014:CEREALES_SIN_GRASA:215
Maíz blanco cocido,,357.8947,11.5789,70,4.7368,12.1053,0,,,SMAE 2014,SMAE2014:CEREALES_SIN_GRASA:216
Maíz cacahuacintle,,372.2222,12.2222,72.2222,5,12.2222,0,,,SMAE 2014,SMAE2014:CEREALES_SIN_GRASA:217
Maíz cacahuacintle,,372.2222,12.2222,72.2222,5,12.2222,0,,,SMAE 2014,SMAE2014:CEREALES_SIN_GRASA:218
Maíz palomero,,365,12,71,4.5,12,0,,,SMAE 2014,SMAE2014:CEREALES_SIN_GRASA:219
Maíz palomero con mantequilla horno de microondas,,302.6316,9.2105,66.8421,6.8421,16.0526,0,taza,15.2,SMAE 2014,SMAE2014:CEREALES_CON_GRASA:107
Maíz pozolero,,107.4074,3.3333,25.1852,1.2963,2.7778,0,taza,162,SMAE 2014,SMAE2014:CEREALES_SIN_GRASA:220
Maizena,,375,0,90,0,0,0,cucharada,8,SMAE 2014,SMAE2014:CEREALES_SIN_GRASA:221
Malanga,,111.6667,1.5,26.5,0.1667,4.1667,0,,,SMAE 2014,SMAE2014:CEREALES_SIN_GRASA:222
Malteada de chocolate,,126.9231,3.3974,20.5128,3.7179,0,0,taza,234,SMAE 2014,SMAE2014:LECHE_CON_AZUCAR:46
Malteada de fresa,,112.7778,3.3889,18.8889,2.7778,0,0,pieza,240,SMAE 2014,SMAE2014:LECHE_CON_AZUCAR:47
Malteada de vainilla,,147.6923,3.3846,19.5385,6.4615,0,0,pieza,260,SMAE 2014,SMAE2014:LECHE_CON_AZUCAR:48
Malva,,40,4.8235,3.8824,0.5882,0.9412,0,,,SMAE 2014,SMAE2014:VERDURAS:112
Malvavisco,,321.4286,2.1429,81.4286,0,0,0,pieza,7,SMAE 2014,SMAE2014:AZUCARES_SIN_GRASA:69
Malvavisco con chocolate,,421.4286,4.2857,67.8571,17.1429,0,0,pieza,28,SMAE 2014,SMAE2014:AZUCARES_CON_GRASA:52
Malvavisvo miniatura,,307.6923,1.5385,78.4615,0,0,0,pieza,0.72,SMAE 2014,SMAE2014:AZUCARES_SIN_GRASA:70
Mamey,,68.2353,1.6471,16.1176,0.5882,4.4706,0,pieza,255,SMAE 2014,SMAE2014:FRUTAS:82
Mandarina,,53.125,0.7813,13.2813,0.3125,1.7969,0,pieza,64,SMAE 2014,SMAE2014:FRUTAS:83
Mandarina reyna,,52.8169,0.8451,13.3099,0.2817,1.831,0,pieza,142,SMAE 2014,SMAE2014:FRUTAS:84
Mango ataúlfo,,64.5161,0.4839,16.9355,0.3226,1.7742,0,pieza,124,SMAE 2014,SMAE2014:FRUTAS:85
Mango criollo,,35.1852,0.8025,9.0123,0,1.1111,0,pieza,108,SMAE 2014,SMAE2014:FRUTAS:86
Mango en almibar enlatado,,91.8033,0.4918,24.5902,0.1639,0.1639,0,pieza,61,SMAE 2014,SMAE2014:FRUTAS:87
mango manila,,42.7586,0.8276,11.1034,0,1.1034,0,pieza,145,SMAE 2014,SMAE2014:FRUTAS:88
Mango petacón,,65.4545,0.5455,11.7273,0.2727,1.0909,0,pieza,220,SMAE 2014,SMAE2014:FRUTAS:89
Mango picado,,35.1515,0.7879,9.0303,0,1.0909,0,taza,165,SMAE 2014,SMAE2014:FRUTAS:90
Mangos con rompope,,104.1667,0,16.6667,4.1667,0,0,taza,240,SMAE 2014,SMAE2014:PLATILLOS_POSTRES:13
Mangosteno enlatado en jarabe,,73.4694,0.4082,17.9592,0.6122,1.8367,0,taza,196,SMAE 2014,SMAE2014:FRUTAS:91
Mantequilla,,783.3333,1.6667,0,88.3333,0,0,cucharadita,4,SMAE 2014,SMAE2014:ACEITES_Y_GRASAS:105
Mantequilla con sal,,783.3333,1.6667,0,88.3333,0,0,cucharadita,4,SMAE 2014,SMAE2014:ACEITES_Y_GRASAS:106
Mantequilla de cacachuate,,572.7273,23.6364,20.9091,48.1818,0,0,cucharadita,5.5,SMAE 2014,SMAE2014:ACEITES_Y_GRASAS_CON_PROTEINAS:154
Mantequilla de cacachuate,,572.7273,23.6364,20.9091,48.1818,0,0,cucharadita,5.5,SMAE 2014,SMAE2014:ACEITES_Y_GRASAS_CON_PROTEINAS:51
Mantequilla derretida,,720,0,0,82,0,0,cucharadita,5,SMAE 2014,SMAE2014:ACEITES_Y_GRASAS:107
Mantequilla Lala Reducida en grasa,,38.0952,0.2381,0.2381,4.0476,0,0,cucharada,12,SMAE 2014,SMAE2014:ACEITES_Y_GRASAS:108
Mantequilla sin sal,,783.3333,1.6667,0,88.3333,0,0,cucharadita,4,SMAE 2014,SMAE2014:ACEITES_Y_GRASAS:109
Manzana,,51.8868,0.283,13.8679,0.1887,2.4528,0,pieza,106,SMAE 2014,SMAE2014:FRUTAS:92
Manzana al vapor,,51.1628,0.2326,13.6047,0.1163,2.4419,0,taza,172,SMAE 2014,SMAE2014:FRUTAS:93
Manzana amarilla,,65,0.3,16.5,0.3,2.1,0,pieza,100,SMAE 2014,SMAE2014:FRUTAS:94
Manzana deshidratada,,239.1304,0.8696,65.2174,0.4348,8.6957,0,orejon,2.56,SMAE 2014,SMAE2014:FRUTAS:96
Manzana en almibar,,225,0,65.4167,0,8.75,0,pieza,24,SMAE 2014,SMAE2014:FRUTAS:97
Manzana en almibar enlatada,,225,0,65.4167,0,8.75,0,pieza,24,SMAE 2014,SMAE2014:FRUTAS:98
Manzana golden,,65,0.3,16.5,0.3,2.1,0,pieza,100,SMAE 2014,SMAE2014:FRUTAS:99
Manzana granny,,59.1549,0.2817,15.2113,0.4225,2.6761,0,pieza,142,SMAE 2014,SMAE2014:FRUTAS:100
Manzana picada,,58.6667,0.2667,15.2,0.4,2.6667,0,taza,150,SMAE 2014,SMAE2014:FRUTAS:101
Manzana roja,,59.1549,0.2113,15.2817,0.3521,2.6761,0,pieza,142,SMAE 2014,SMAE2014:FRUTAS:102
Manzana sin cascara,,57.0313,0.1563,14.8438,0.3125,1.3281,0,pieza,128,SMAE 2014,SMAE2014:FRUTAS:103
Manzana verde,,59.1549,0.2817,15.2113,0.4225,2.6761,0,pieza,142,SMAE 2014,SMAE2014:FRUTAS:104
Manzana Washington,,59.1549,0.2817,15.2113,0.4225,2.6761,0,pieza,142,SMAE 2014,SMAE2014:FRUTAS:105
Manzanas al horno,,104.1667,0,16.6667,4.1667,0,0,taza,240,SMAE 2014,SMAE2014:PLATILLOS_POSTRES:14
Manzanilla fresca,,40,2,7,2,0,0,,,SMAE 2014,SMAE2014:ALIMENTOS_LIBRES_EN_ENERGIA:137
Manzanilla seca,,0,0,0,0,0,0,bolsa,2,SMAE 2014,SMAE2014:ALIMENTOS_LIBRES_EN_ENERGIA:138
Maracuyá,,96.2264,2.2642,23.2075,0.7547,10.3774,0,pieza,17.67,SMAE 2014,SMAE2014:FRUTAS:106
Maracuyá rebanado,,95.6522,2.1739,23.1884,0.7246,10.2899,0,taza,138,SMAE 2014,SMAE2014:FRUTAS:107
Marañon fresco,,36.2573,0.8772,8.4211,0.2924,2.6901,0,,,SMAE 2014,SMAE2014:FRUTAS:108
Margarita baja en grasa,,381.8182,0,0,45.4545,0,0,cucharadita,4.4,SMAE 2014,SMAE2014:ACEITES_Y_GRASAS:111
Margarita con sal,,783.3333,1.6667,1.6667,86.6667,0,0,cucharadita,4,SMAE 2014,SMAE2014:ACEITES_Y_GRASAS:112
Marias cerealé fresa,,440,7.3333,71.3333,14,0,0,pieza,10,SMAE 2014,SMAE2014:CEREALES_SIN_GRASA:223
Marías Gamesa Cereale Chocoplátano,,600,7,63,13.5,8.5,0,,,SMAE 2014,SMAE2014:CEREALES_CON_GRASA:108
Marías Gamesa Cereale Fresa,,403.3333,7,63,13.6667,8.3333,0,,,SMAE 2014,SMAE2014:CEREALES_CON_GRASA:109
Masa de maíz,,153.3333,3.5556,31.7778,2,3.3333,0,,,SMAE 2014,SMAE2014:CEREALES_SIN_GRASA:224
Masa de maíz amarillo,,188.5714,4.2857,38.5714,2.2857,3.4286,0,,,SMAE 2014,SMAE2014:CEREALES_SIN_GRASA:225
Masa de maíz blanco,,153.3333,3.5556,31.7778,2,3.3333,0,,,SMAE 2014,SMAE2014:CEREALES_SIN_GRASA:226
Masa pasa tortillas,,153.3333,3.5556,31.7778,2,3.3333,0,,,SMAE 2014,SMAE2014:CEREALES_SIN_GRASA:227
Masa Yucatán,,172.5,4.5,36.5,1.25,3.5,0,,,SMAE 2014,SMAE2014:CEREALES_SIN_GRASA:228
Mayonesa,,680,2,4,72,0,0,cucharadita,5,SMAE 2014,SMAE2014:ACEITES_Y_GRASAS:114
Mayonesa baja en grasa,,332.1429,0,33.9286,6.7857,0,0,cucharada,14,SMAE 2014,SMAE2014:AZUCARES_CON_GRASA:53
Mayonesa light,,332.1429,0,33.9286,6.7857,0,0,cucharada,14,SMAE 2014,SMAE2014:AZUCARES_CON_GRASA:54
Mazapan,,447.3684,20,59.4737,20,0,0,pieza,25.33,SMAE 2014,SMAE2014:AZUCARES_CON_GRASA:55
Mazapan Azteca Oreo,,500,10,63.3333,23.3333,0,0,pieza,30,SMAE 2014,SMAE2014:ACEITES_Y_GRASAS_CON_PROTEINAS:155
Mazapan Azteca Oreo,,500,10,63.3333,23.3333,0,0,pieza,30,SMAE 2014,SMAE2014:ACEITES_Y_GRASAS_CON_PROTEINAS:52
Mazapan sin azúcar,,292,16,12,20,0,0,pieza,25,SMAE 2014,SMAE2014:ACEITES_Y_GRASAS_CON_PROTEINAS:156
Mazapan sin azúcar,,292,16,12,20,0,0,pieza,25,SMAE 2014,SMAE2014:ACEITES_Y_GRASAS_CON_PROTEINAS:53
Medallón de filete,,120,24,0,2.6667,0,0,pieza,120,SMAE 2014,SMAE2014:A_O_A_MUY_BAJOS_EN_GRASA:146
Medallón de filete de res,,120,24,0,2.6667,0,0,,,SMAE 2014,SMAE2014:A_O_A_MUY_BAJOS_EN_GRASA:147
Media crema,,133.3333,2.6667,4,11.3333,0,0,cucharada,15,SMAE 2014,SMAE2014:ACEITES_Y_GRASAS:115
Media noche,,250,9.0909,47.7273,4.5455,2.2727,0,pieza,44,SMAE 2014,SMAE2014:CEREALES_SIN_GRASA:229
media noche con ajonjoli,,250,9.0909,47.7273,4.5455,2.2727,0,pieza,44,SMAE 2014,SMAE2014:CEREALES_SIN_GRASA:230
Mejillones sin concha cocidos,,172,23.6,7.6,4.4,0,0,,,SMAE 2014,SMAE2014:A_O_A_MUY_BAJOS_EN_GRASA:148
Mejillones sin concha crudos,,86,11.8,3.6,2.2,0,0,taza,150,SMAE 2014,SMAE2014:A_O_A_MUY_BAJOS_EN_GRASA:149
Mejorana,,300,10,60,10,0,0,cucharadita,1,SMAE 2014,SMAE2014:ALIMENTOS_LIBRES_EN_ENERGIA:139
Melaza,,276.9231,0,68.4615,0,0,0,cucharadita,5.2,SMAE 2014,SMAE2014:AZUCARES_SIN_GRASA:71
Melón,,34.0782,0.838,8.1564,0.1676,0.8939,0,pieza,537,SMAE 2014,SMAE2014:FRUTAS:109
Melón cantaloupe,,34.0782,0.838,8.1564,0.1676,0.8939,0,pieza,537,SMAE 2014,SMAE2014:FRUTAS:110
Melón chico,,36.1111,0.5556,9.0972,0.1389,0.8333,0,pieza,576,SMAE 2014,SMAE2014:FRUTAS:111
Melón picado,,33.75,0.8125,8.1875,0.1875,0.875,0,taza,160,SMAE 2014,SMAE2014:FRUTAS:112
Melón valenciano,,34.0782,0.838,8.1564,0.1676,0.8939,0,pieza,537,SMAE 2014,SMAE2014:FRUTAS:113
Melón valenciano picado,,33.75,0.8125,8.1875,0.1875,0.875,0,taza,160,SMAE 2014,SMAE2014:FRUTAS:114
Melón verde picado,,36.25,0.5625,9.0625,0.125,0.8125,0,taza,160,SMAE 2014,SMAE2014:FRUTAS:115
Membrillo,,57.1429,0.4082,15.3061,0.102,1.7347,0,pieza,98,SMAE 2014,SMAE2014:FRUTAS:116
Menta,,500,0,50,0,0,0,cucharadita,1,SMAE 2014,SMAE2014:ALIMENTOS_LIBRES_EN_ENERGIA:140
Menta cubierta con chocolate,,392.8571,1.4286,77.8571,10.7143,0,0,pieza,9.33,SMAE 2014,SMAE2014:AZUCARES_CON_GRASA:56
Menta fresca,,100,10,20,0,0,0,cucharadita,1,SMAE 2014,SMAE2014:ALIMENTOS_LIBRES_EN_ENERGIA:141
Menta molida,,300,10,60,10,0,0,cucharadita,2,SMAE 2014,SMAE2014:ALIMENTOS_LIBRES_EN_ENERGIA:142
Menudencia de pollo cruda,,122.8571,18,1.7143,4.5714,0,0,,,SMAE 2014,SMAE2014:A_O_A_MUY_BAJOS_EN_GRASA:150
Menudencias de pavo,,168,26.8,2,5.2,0,0,,,SMAE 2014,SMAE2014:A_O_A_MUY_BAJOS_EN_GRASA:151
Menudencias de pollo cocidas,,160,27.2,0.4,4.4,0,0,,,SMAE 2014,SMAE2014:A_O_A_MUY_BAJOS_EN_GRASA:152
Merluza,,76.7442,16.7442,0,0.9302,0,0,,,SMAE 2014,SMAE2014:A_O_A_MUY_BAJOS_EN_GRASA:153
Merluza fileteada,,75.5556,16.6667,0,1.1111,0,0,,,SMAE 2014,SMAE2014:A_O_A_MUY_BAJOS_EN_GRASA:154
Mermelada,,241.1765,0.5882,58.8235,0,0,0,cucharadita,6.8,SMAE 2014,SMAE2014:AZUCARES_SIN_GRASA:74
Mermelada con frustosa,,93.0233,0,23.2558,0,0,0,cucharada,17.2,SMAE 2014,SMAE2014:AZUCARES_SIN_GRASA:75
"Mermelada de fruta, menos azucar",,133.3333,0,33,0,0,0,cucharada,15,SMAE 2014,SMAE2014:AZUCARES_SIN_GRASA:76
"Merngue ""duro""",,381.8182,1.8182,92.7273,0,0,0,pieza pequeña,1,SMAE 2014,SMAE2014:AZUCARES_SIN_GRASA:73
Mero cocido,,116.6667,25,0,1.3333,0,0,,,SMAE 2014,SMAE2014:A_O_A_MUY_BAJOS_EN_GRASA:155
Mero crudo,,82.9268,19.2683,0,0.7317,0,0,,,SMAE 2014,SMAE2014:A_O_A_MUY_BAJOS_EN_GRASA:156
Mero crudo fileteado,,85,19.25,0,0.75,0,0,,,SMAE 2014,SMAE2014:A_O_A_MUY_BAJOS_EN_GRASA:157
"Mezcla de verduras congeladas, cocidas sin sal",,65.2174,2.8261,10,0.2174,4.3478,0,taza,92,SMAE 2014,SMAE2014:VERDURAS:113
miel,,307.1429,0,82.1429,0,0,0,cucharadita,7,SMAE 2014,SMAE2014:AZUCARES_SIN_GRASA:77
Miel de abeja,,307.1429,0,82.1429,0,0,0,cucharadita,7,SMAE 2014,SMAE2014:AZUCARES_SIN_GRASA:78
Miel de caña,,291.6667,0.8333,72.5,0,0,0,cucharadita,6,SMAE 2014,SMAE2014:AZUCARES_SIN_GRASA:79
Miel de jarabe sabor maple,,258.3333,0,67.5,0,0,0,cucharadita,6,SMAE 2014,SMAE2014:AZUCARES_SIN_GRASA:81
Miel de maiz,,300,0,75,0,0,0,cucharadita,6,SMAE 2014,SMAE2014:AZUCARES_SIN_GRASA:80
Mijo cocido,,119.2982,3.5088,23.8596,1.0526,1.4035,0,taza,171,SMAE 2014,SMAE2014:CEREALES_SIN_GRASA:231
Mijo crudo,,380,11.3333,72.6667,4,8.6667,0,,,SMAE 2014,SMAE2014:CEREALES_SIN_GRASA:232
Milanesa de avestruz,,88.5714,20.2857,0,1.1429,0,0,,,SMAE 2014,SMAE2014:A_O_A_MUY_BAJOS_EN_GRASA:158
Milanesa de cerdo,,140,19.75,0,6.25,0,0,,,SMAE 2014,SMAE2014:A_O_A_BAJO_EN_GRASA:75
Milanesa de pollo,,113.3333,23.3333,0,1.6667,0,0,,,SMAE 2014,SMAE2014:A_O_A_MUY_BAJOS_EN_GRASA:159
Milanesa de res,,120,24,0,2.6667,0,0,,,SMAE 2014,SMAE2014:A_O_A_MUY_BAJOS_EN_GRASA:160
Milanesa de ternera,,157.1429,19.7143,0,8,0,0,,,SMAE 2014,SMAE2014:A_O_A_BAJO_EN_GRASA:76
Miso (soybean paste),,200,11.8333,26.5,6,5.3333,0,,,SMAE 2014,SMAE2014:LEGUMINOSAS:36
Mojarra cruda fileteada,,97.1429,20,0,1.7143,0,0,,,SMAE 2014,SMAE2014:A_O_A_MUY_BAJOS_EN_GRASA:161
Mojarra tilapia cruda,,94.5946,20,0,1.6216,0,0,pieza,111,SMAE 2014,SMAE2014:A_O_A_MUY_BAJOS_EN_GRASA:162
Mole,,164.5833,3.5417,12.9167,11.0417,0,0,cucharada,16,SMAE 2014,SMAE2014:AZUCARES_CON_GRASA:57
Mole de olla,,247.5,0,6,15,0,0,taza,133.33,SMAE 2014,SMAE2014:PLATILLOS_PLATOS_FUERTES:31
Mole de pepita,,512.5,5.625,51.25,31.25,0,0,cucharada,16,SMAE 2014,SMAE2014:AZUCARES_CON_GRASA:58
Mole poblano,,568.75,7.5,41.875,41.875,0,0,cucharada,16,SMAE 2014,SMAE2014:AZUCARES_CON_GRASA:59
Mole poblano en pasta,,568.75,7.5,41.875,41.875,0,0,cucharada,16,SMAE 2014,SMAE2014:AZUCARES_CON_GRASA:60
Mole poblano preparado,,164.5833,3.5417,12.9167,11.0417,0,0,cucharada,16,SMAE 2014,SMAE2014:AZUCARES_CON_GRASA:61
Molida de carnero,,252.6316,18.1579,0,19.4737,0,0,,,SMAE 2014,SMAE2014:A_O_A_ALTO_EN_GRASA:43
Molida de cerdo,,140,19.75,0,6.25,0,0,,,SMAE 2014,SMAE2014:A_O_A_BAJO_EN_GRASA:77
Molida de pollo,,113.3333,23.3333,0,1.6667,0,0,,,SMAE 2014,SMAE2014:A_O_A_MUY_BAJOS_EN_GRASA:163
Molida de res,,180,20.6667,0,10,0,0,,,SMAE 2014,SMAE2014:A_O_A_BAJO_EN_GRASA:78
Molida de sirloin,,204,30.4,0,8,0,0,,,SMAE 2014,SMAE2014:A_O_A_BAJO_EN_GRASA:79
Molida especial,,180,20.6667,0,10,0,0,,,SMAE 2014,SMAE2014:A_O_A_BAJO_EN_GRASA:80
Molida popular de res,,293.9394,15.7576,0,25.1515,0,0,,,SMAE 2014,SMAE2014:A_O_A_ALTO_EN_GRASA:44
Molida regular de res (10% grasa),,180,20.6667,0,10,0,0,,,SMAE 2014,SMAE2014:A_O_A_BAJO_EN_GRASA:81
Molleja de pollo cocida,,148,30.4,0,2.8,0,0,,,SMAE 2014,SMAE2014:A_O_A_MUY_BAJOS_EN_GRASA:164
Monster Energy*,,75,0,11.4583,0,0,0,lata,480,SMAE 2014,SMAE2014:AZUCARES_SIN_GRASA:82
Monster Kaos*,,37.5,0.4167,8.75,0,0,0,lata,480,SMAE 2014,SMAE2014:AZUCARES_SIN_GRASA:83
Monster Lo-Carb Energía,,4.4304,0,1.2658,0,0,0,lata,474,SMAE 2014,SMAE2014:ALIMENTOS_LIBRES_EN_ENERGIA:143
Moras,,62.037,2.037,13.7963,0.5556,7.5926,0,taza,144,SMAE 2014,SMAE2014:FRUTAS:117
Morcilla,,380,14.8,1.2,34.4,0,0,rebanada delgada,25,SMAE 2014,SMAE2014:A_O_A_ALTO_EN_GRASA:45
Morcilla de arroz,,380,14.8,1.2,34.4,0,0,rebanada gruesa,25,SMAE 2014,SMAE2014:A_O_A_ALTO_EN_GRASA:46
Morillas deshidratadas,,270,32,44,4,25,0,,,SMAE 2014,SMAE2014:VERDURAS:114
Morillas frescas,,26.5957,3.1915,4.3617,0.4255,2.4468,0,,,SMAE 2014,SMAE2014:VERDURAS:115
Moronga,,380,14.8,1.2,34.4,0,0,rebanada gruesa,25,SMAE 2014,SMAE2014:A_O_A_ALTO_EN_GRASA:47
Mortadela,,309.375,16.5625,3.4375,25,0,0,rebanada,21.33,SMAE 2014,SMAE2014:A_O_A_ALTO_EN_GRASA:48
Mostaza,,100,6,6,6,0,0,cucharadita,5,SMAE 2014,SMAE2014:ALIMENTOS_LIBRES_EN_ENERGIA:144
Mostaza Dijón,,100,6,6,6,0,0,cucharadita,5,SMAE 2014,SMAE2014:ALIMENTOS_LIBRES_EN_ENERGIA:145
Mostaza en polvo,,300,16.6667,10,20,0,0,cucharadita,3,SMAE 2014,SMAE2014:ALIMENTOS_LIBRES_EN_ENERGIA:146
Mousse de chocolate,,142,2,23,4.6,0,0,taza,200,SMAE 2014,SMAE2014:AZUCARES_CON_GRASA:62
Mousse de chocolate sin grasa,,94,2,20.8,0.4,0,0,taza,200,SMAE 2014,SMAE2014:AZUCARES_SIN_GRASA:84
Mozzarella fresco,,300,22.2857,2.2857,22.2857,0,0,,,SMAE 2014,SMAE2014:A_O_A_ALTO_EN_GRASA:49
Mueslix con manzana y almendra,,377.7778,9.4444,73.3333,8.8889,8.3333,0,taza,72,SMAE 2014,SMAE2014:CEREALES_SIN_GRASA:233
Muffin con mantequilla,,302.7027,7.8378,48.6486,9.1892,0,0,pieza,111,SMAE 2014,SMAE2014:CEREALES_CON_GRASA:110
Muffin de blueberry,,382.1429,4.6429,53.5714,16.0714,1.0714,0,pieza,112,SMAE 2014,SMAE2014:CEREALES_CON_GRASA:111
Muffin de maíz,,308.1081,5.9459,51.3514,8.3784,3.2432,0,pieza,111,SMAE 2014,SMAE2014:CEREALES_CON_GRASA:112
Muffin integral con pasas,,318.9189,6.7568,53.7838,8.6486,6.7568,0,pieza,111,SMAE 2014,SMAE2014:CEREALES_CON_GRASA:114
Muslo de pierna con piel cocido con hueso,,230.303,23.0303,0,14.5455,0,0,pieza,99,SMAE 2014,SMAE2014:A_O_A_MODERADOS_EN_GRASA:37
Muslo de pierna con piel crudo con hueso,,211.7647,17.3529,0,15.2941,0,0,pieza,102,SMAE 2014,SMAE2014:A_O_A_MODERADOS_EN_GRASA:38
Muslo de pollo crudo sin piel,,120,19.5556,0,4,0,0,pieza,90,SMAE 2014,SMAE2014:A_O_A_BAJO_EN_GRASA:82
Nabo cocido,,22.2222,0.7071,5.0505,0.101,2.0202,0,,,SMAE 2014,SMAE2014:VERDURAS:116
Nachos,,504.7619,8.0952,63.3333,26.1905,5.2381,0,pieza,7,SMAE 2014,SMAE2014:CEREALES_CON_GRASA:115
Nanche agrio,,54.0984,1.0656,11.3934,1.3115,1.9672,0,pieza,2.71,SMAE 2014,SMAE2014:FRUTAS:118
Naranja,,47.3684,0.9211,11.8421,0.1316,2.4342,0,pieza,76,SMAE 2014,SMAE2014:FRUTAS:119
Naranja agria,,57.9365,1.5079,11.8254,0.6349,2.381,0,pieza,63,SMAE 2014,SMAE2014:FRUTAS:120
Naranja cajera,,49.6403,1.0072,11.7986,0.7194,2.3741,0,pieza,69.5,SMAE 2014,SMAE2014:FRUTAS:121
Naranja chica,,37.2093,1.6279,11.7829,0.3101,2.4031,0,pieza,32.25,SMAE 2014,SMAE2014:FRUTAS:122
Naranja concentrada,,43.8462,0.7692,10.1538,0.1538,0.2308,0,taza,260,SMAE 2014,SMAE2014:FRUTAS:125
Naranja sin semilla,,46.4516,0.7097,11.8065,0.3871,2.3871,0,pieza,155,SMAE 2014,SMAE2014:FRUTAS:123
Naranja valenciana,,48.7654,1.0494,11.7901,0.3086,2.4074,0,pieza,81,SMAE 2014,SMAE2014:FRUTAS:124
Natilla Lala Siluette Plus,,70.4,5.04,11.68,0.4,0,0,pieza,125,SMAE 2014,SMAE2014:LECHE_DESCREMADA:22
Natillas,,160.4167,0,21.6667,5.4167,0,0,taza,240,SMAE 2014,SMAE2014:PLATILLOS_POSTRES:28
Nature valley,,388.8889,8.3333,69.4444,11.1111,8.3333,0,barra,36,SMAE 2014,SMAE2014:CEREALES_CON_GRASA:116
Nature valley barra granola con manzana,,428.5714,7.1429,61.9048,15.2381,5.7143,0,pieza,21,SMAE 2014,SMAE2014:CEREALES_CON_GRASA:117
Néctar de fruta,,60.3175,0.1587,15.7143,0,0,0,taza,252,SMAE 2014,SMAE2014:AZUCARES_SIN_GRASA:85
Nectarina,,43.5484,1.0484,10.5645,0.3226,1.6935,0,pieza,124,SMAE 2014,SMAE2014:FRUTAS:126
Nescafe Dolca gusto Nestea peach,,350,0,83.3333,0,0,0,cápsula,6,SMAE 2014,SMAE2014:AZUCARES_SIN_GRASA:86
Nescafé Dolce Gusto caramel latte macchiato (1 cápsula de leche + 1 cápsula de cocoa,,373.8095,12.381,47.8571,14.7619,0,0,cápsula,21,SMAE 2014,SMAE2014:LECHE_CON_AZUCAR:50
Nescafé Dolce Gusto Chococino (1 cápsula de leche + 1 cápsula de cocoa,,437.2549,14.5098,58.6275,16.0784,0,0,cápsula,34,SMAE 2014,SMAE2014:LECHE_CON_AZUCAR:51
Nescafé Dolce Gusto late macchiato (1 cápsula de leche + 1 cápsula de cocoa,,364,17.2,36.4,16.8,0,0,cápsula,25,SMAE 2014,SMAE2014:LECHE_CON_AZUCAR:49
Nieves de frutas,,100,0.5,24.25,0.25,0,0,,,SMAE 2014,SMAE2014:AZUCARES_SIN_GRASA:87
Nispero,,42.1429,0.0714,9.5,0.8571,0,0,pieza,5.6,SMAE 2014,SMAE2014:FRUTAS:127
Níspero del japón,,48.1481,0.3704,12.4074,0.1852,1.2037,0,pieza,54,SMAE 2014,SMAE2014:FRUTAS:128
Nixtamal,,153.3333,3.5556,31.7778,2,3.3333,0,,,SMAE 2014,SMAE2014:CEREALES_SIN_GRASA:234
Nopal cocido,,14.7651,1.3423,3.2886,0.0671,2.0134,0,taza,149,SMAE 2014,SMAE2014:VERDURAS:117
Nopal crudo,,16.4179,1.3433,3.3582,0.0746,2.3881,0,pieza,67,SMAE 2014,SMAE2014:VERDURAS:118
Nopal crudo de cambray,,27,1.7,2.9,0.3,3.5,0,pieza,25,SMAE 2014,SMAE2014:VERDURAS:119
Nueces mixtas,,616.6667,16.6667,21.6667,56.6667,0,0,cucharada,12,SMAE 2014,SMAE2014:ACEITES_Y_GRASAS_CON_PROTEINAS:157
Nueces mixtas,,616.6667,16.6667,21.6667,56.6667,0,0,cucharada,12,SMAE 2014,SMAE2014:ACEITES_Y_GRASAS_CON_PROTEINAS:54
Nuez,,744.4444,10,14.4444,77.7778,0,0,pieza,3,SMAE 2014,SMAE2014:ACEITES_Y_GRASAS_CON_PROTEINAS:158
Nuez,,744.4444,10,14.4444,77.7778,0,0,pieza,3,SMAE 2014,SMAE2014:ACEITES_Y_GRASAS_CON_PROTEINAS:55
Nuez acaramelada,,533.3333,14.1667,25,46.6667,0,0,taza,16,SMAE 2014,SMAE2014:ACEITES_Y_GRASAS_CON_PROTEINAS:159
Nuez acaramelada,,533.3333,14.1667,25,46.6667,0,0,taza,16,SMAE 2014,SMAE2014:ACEITES_Y_GRASAS_CON_PROTEINAS:56
Nuez de castilla,,744.4444,10,14.4444,77.7778,0,0,pieza,3,SMAE 2014,SMAE2014:ACEITES_Y_GRASAS_CON_PROTEINAS:160
Nuez de castilla,,744.4444,10,14.4444,77.7778,0,0,pieza,3,SMAE 2014,SMAE2014:ACEITES_Y_GRASAS_CON_PROTEINAS:57
Nuez de la india acaramelada,,533.3333,14.1667,25,46.6667,0,0,,,SMAE 2014,SMAE2014:ACEITES_Y_GRASAS_CON_PROTEINAS:161
Nuez de la india acaramelada,,533.3333,14.1667,25,46.6667,0,0,,,SMAE 2014,SMAE2014:ACEITES_Y_GRASAS_CON_PROTEINAS:58
Nuez de la india con almendras,,608.3333,17.5,21.6667,53.3333,0,0,,,SMAE 2014,SMAE2014:ACEITES_Y_GRASAS_CON_PROTEINAS:162
Nuez de la india con almendras,,608.3333,17.5,21.6667,53.3333,0,0,,,SMAE 2014,SMAE2014:ACEITES_Y_GRASAS_CON_PROTEINAS:59
Nuez de la india sin sal,,600,17.2727,24.5455,47.2727,0,0,pieza,1.57,SMAE 2014,SMAE2014:ACEITES_Y_GRASAS_CON_PROTEINAS:163
Nuez de la india sin sal,,600,17.2727,24.5455,47.2727,0,0,pieza,1.57,SMAE 2014,SMAE2014:ACEITES_Y_GRASAS_CON_PROTEINAS:60
Nuez de la india sin sal en mitades,,600,17.5,28.3333,49.1667,0,0,mitades,0.8,SMAE 2014,SMAE2014:ACEITES_Y_GRASAS_CON_PROTEINAS:164
Nuez de la india sin sal en mitades,,600,17.5,28.3333,49.1667,0,0,mitades,0.8,SMAE 2014,SMAE2014:ACEITES_Y_GRASAS_CON_PROTEINAS:61
Nuez de la india tostada sin sal,,561.5385,14.6154,32.3077,45.3846,0,0,pieza,1.63,SMAE 2014,SMAE2014:ACEITES_Y_GRASAS_CON_PROTEINAS:165
Nuez de la india tostada sin sal,,561.5385,14.6154,32.3077,45.3846,0,0,pieza,1.63,SMAE 2014,SMAE2014:ACEITES_Y_GRASAS_CON_PROTEINAS:62
Nuez de macadamia deshidratada,,730,9,14,77,0,0,pieza,2.5,SMAE 2014,SMAE2014:ACEITES_Y_GRASAS_CON_PROTEINAS:166
Nuez de macadamia deshidratada,,730,9,14,77,0,0,pieza,2.5,SMAE 2014,SMAE2014:ACEITES_Y_GRASAS_CON_PROTEINAS:63
Nuez deshidratada,,744.4444,10,14.4444,77.7778,0,0,pieza,3,SMAE 2014,SMAE2014:ACEITES_Y_GRASAS_CON_PROTEINAS:167
Nuez deshidratada,,744.4444,10,14.4444,77.7778,0,0,pieza,3,SMAE 2014,SMAE2014:ACEITES_Y_GRASAS_CON_PROTEINAS:64
Nuez en mitades,,740,10,14,77,0,0,mitades,1.43,SMAE 2014,SMAE2014:ACEITES_Y_GRASAS_CON_PROTEINAS:168
Nuez en mitades,,740,10,14,77,0,0,mitades,1.43,SMAE 2014,SMAE2014:ACEITES_Y_GRASAS_CON_PROTEINAS:65
Nuez entera,,744.4444,10,14.4444,77.7778,0,0,pieza,3,SMAE 2014,SMAE2014:ACEITES_Y_GRASAS_CON_PROTEINAS:169
Nuez entera,,744.4444,10,14.4444,77.7778,0,0,pieza,3,SMAE 2014,SMAE2014:ACEITES_Y_GRASAS_CON_PROTEINAS:66
Nuez garapiñada,,533.3333,14.1667,25,46.6667,0,0,taza,16,SMAE 2014,SMAE2014:ACEITES_Y_GRASAS_CON_PROTEINAS:170
Nuez garapiñada,,533.3333,14.1667,25,46.6667,0,0,taza,16,SMAE 2014,SMAE2014:ACEITES_Y_GRASAS_CON_PROTEINAS:67
Nuez moscada,,500,5,50,35,0,0,cucharadita,2,SMAE 2014,SMAE2014:ALIMENTOS_LIBRES_EN_ENERGIA:147
Nuez moscada molida,,500,5,50,35,0,0,cucharadita,2,SMAE 2014,SMAE2014:ALIMENTOS_LIBRES_EN_ENERGIA:148
Nuez picada,,710,10,14,74,0,0,,,SMAE 2014,SMAE2014:ACEITES_Y_GRASAS_CON_PROTEINAS:171
Nuez picada,,710,10,14,74,0,0,,,SMAE 2014,SMAE2014:ACEITES_Y_GRASAS_CON_PROTEINAS:68
Nuez tostada,,744.4444,10,14.4444,77.7778,0,0,pieza,3,SMAE 2014,SMAE2014:ACEITES_Y_GRASAS_CON_PROTEINAS:172
Nuez tostada,,744.4444,10,14.4444,77.7778,0,0,pieza,3,SMAE 2014,SMAE2014:ACEITES_Y_GRASAS_CON_PROTEINAS:69
Nugget de pollo,,297.0588,15.2941,14.1176,19.7059,0,0,pieza,17,SMAE 2014,SMAE2014:A_O_A_ALTO_EN_GRASA:50
Nugget de queso,,244.186,10.4651,23.2558,12.7907,0,0,pieza,14.33,SMAE 2014,SMAE2014:A_O_A_ALTO_EN_GRASA:51
Nugget de soya,,288.2353,14.1176,15.5882,18.8235,0,0,pieza,17,SMAE 2014,SMAE2014:A_O_A_ALTO_EN_GRASA:52
Nutra sweet,,0,0,0,0,0,0,sobre,1,SMAE 2014,SMAE2014:ALIMENTOS_LIBRES_EN_ENERGIA:149
Nutritas variedad de sabores,,394.1176,8.2353,72.3529,8.2353,2.9412,0,bolsita,34,SMAE 2014,SMAE2014:CEREALES_SIN_GRASA:235
Ñame,,76.7442,2.2093,17.5581,0.1163,0.4651,0,,,SMAE 2014,SMAE2014:CEREALES_SIN_GRASA:236
Obelas de cajeta,,428.5714,10,75.7143,10,0,0,pieza chica,7,SMAE 2014,SMAE2014:AZUCARES_SIN_GRASA:88
Oporto,,161.1111,0,13,0,0,0,ml,1,SMAE 2014,SMAE2014:BEBIDAS_ALCOHOLICAS:23
Orange crush diet,,5.618,0,1.4045,0,0,0,lata,356,SMAE 2014,SMAE2014:ALIMENTOS_LIBRES_EN_ENERGIA:150
Orégano,,300,10,65,10,0,0,cucharadita,2,SMAE 2014,SMAE2014:ALIMENTOS_LIBRES_EN_ENERGIA:151
Orégano molido,,250,10,50,10,0,0,cucharadita,2,SMAE 2014,SMAE2014:ALIMENTOS_LIBRES_EN_ENERGIA:152
Orégano troceado,,300,10,65,10,0,0,cucharadita,2,SMAE 2014,SMAE2014:ALIMENTOS_LIBRES_EN_ENERGIA:153
Oreja,,476.4706,5.8824,56.4706,25.8824,1.1765,0,pieza,51,SMAE 2014,SMAE2014:CEREALES_CON_GRASA:118
Orejas de cerdo,,235.7143,22.5,0.7143,15.3571,0,0,pieza,112,SMAE 2014,SMAE2014:A_O_A_MODERADOS_EN_GRASA:39
Orejas de pan dulce,,476.4706,5.8824,56.4706,25.8824,1.1765,0,pieza,51,SMAE 2014,SMAE2014:CEREALES_CON_GRASA:119
Orejones de chabacano,,236,3.2,61.2,0.4,7.2,0,pieza,3.57,SMAE 2014,SMAE2014:FRUTAS:129
Orejones de durazno,,238.4615,3.4615,61.1538,0.7692,8.0769,0,pieza,13,SMAE 2014,SMAE2014:FRUTAS:130
Orejones de manzana,,239.1304,0.8696,64.3478,0.4348,8.6957,0,pieza,2.56,SMAE 2014,SMAE2014:FRUTAS:131
Orejones de pera,,261.1111,1.6667,69.4444,0.5556,7.2222,0,pieza,18,SMAE 2014,SMAE2014:FRUTAS:132
Ostión ahumado,,198.1818,8.9091,11.6364,12.5455,0,0,,,SMAE 2014,SMAE2014:A_O_A_ALTO_EN_GRASA:53
Ostión cocido,,162.8571,18.8571,10,4.5714,0,0,,,SMAE 2014,SMAE2014:A_O_A_BAJO_EN_GRASA:83
Ostión crudo,,81.3333,9.4667,4.9333,2.2667,0,0,,,SMAE 2014,SMAE2014:A_O_A_BAJO_EN_GRASA:84
Ostión cultivado,,59.5238,5.2381,5.4762,1.5873,0,0,pieza,14,SMAE 2014,SMAE2014:A_O_A_BAJO_EN_GRASA:85
Ostión cultivado cocido,,79.5455,6.9318,7.2727,2.1591,0,0,pieza,9.78,SMAE 2014,SMAE2014:A_O_A_BAJO_EN_GRASA:86
Ostión empanizado,,198.1818,8.9091,11.6364,12.5455,0,0,,,SMAE 2014,SMAE2014:A_O_A_ALTO_EN_GRASA:54
Ostión en jugo,,81.4286,9.4286,5,2.2857,0,0,,,SMAE 2014,SMAE2014:A_O_A_BAJO_EN_GRASA:87
Ostión enlatado,,69,7.1,3.9,2.5,0,0,,,SMAE 2014,SMAE2014:A_O_A_BAJO_EN_GRASA:88
Palanqueta de amaranto,,360,16,83,8.5,3,0,pieza,40,SMAE 2014,SMAE2014:CEREALES_SIN_GRASA:237
Palanqueta de cacahuate,,520,15.3333,46.6667,33.3333,0,0,pieza,45,SMAE 2014,SMAE2014:AZUCARES_CON_GRASA:63
Paleta de caramelo,,366.6667,0,98.3333,0,0,0,pieza,6,SMAE 2014,SMAE2014:AZUCARES_SIN_GRASA:89
Paleta helada de agua,,78.8462,0,19.2308,0.1923,0,0,pieza,52,SMAE 2014,SMAE2014:AZUCARES_SIN_GRASA:90
Paleta helada de café con cubierta de chocolate y almendras,,352.381,4.7619,26.1905,25.2381,0,0,pieza,105,SMAE 2014,SMAE2014:AZUCARES_CON_GRASA:64
Paleta helada de chocolate cubierta con chocolate,,342.8571,4.7619,28.0952,23.3333,0,0,pieza,105,SMAE 2014,SMAE2014:AZUCARES_CON_GRASA:65
Paleta helada de crema con café cubierta de chocolate y almendras,,352.381,4.7619,26.1905,25.2381,0,0,pieza,105,SMAE 2014,SMAE2014:AZUCARES_CON_GRASA:66
Paleta helada de fruta,,82.6087,1.3043,20.2174,0.2174,0,0,pieza,92,SMAE 2014,SMAE2014:AZUCARES_SIN_GRASA:91
Paleta helada de fruta sin azúcar,,23.5294,0.5882,6.2745,0.1961,0,0,pieza,51,SMAE 2014,SMAE2014:AZUCARES_SIN_GRASA:92
Paleta helada de vainilla cubierta con chocolate,,345.8333,4.5833,28.75,23.75,0,0,pieza,96,SMAE 2014,SMAE2014:AZUCARES_CON_GRASA:67
Paleta helada de vainilla cubierta con chocolate y almendras,,347.8261,4.3478,25.2174,25.2174,0,0,pieza,92,SMAE 2014,SMAE2014:AZUCARES_CON_GRASA:68
Paleta helada de yogur sabor coco,,134.2857,2,26,2.5714,0,0,pieza,70,SMAE 2014,SMAE2014:AZUCARES_SIN_GRASA:93
Palitos de pan,,411.1111,12.2222,68.3333,9.4444,2.7778,0,pieza,6,SMAE 2014,SMAE2014:CEREALES_SIN_GRASA:239
Palitos de pescado congelados,,276.1905,15.7143,24.0476,12.619,0,0,pieza,28,SMAE 2014,SMAE2014:A_O_A_ALTO_EN_GRASA:55
"Palmito, enlatado",,90.9091,2.4242,4.5455,0.6061,2.4242,0,pieza,33,SMAE 2014,SMAE2014:VERDURAS:120
Paloma,,291.4286,18.2857,0,23.4286,0,0,,,SMAE 2014,SMAE2014:A_O_A_ALTO_EN_GRASA:56
Palomitas,,388.8889,19.4444,77.7778,0,19.4444,0,taza,7.2,SMAE 2014,SMAE2014:CEREALES_SIN_GRASA:240
Palomitas acarameladas,,422.2222,3.8889,77.2222,12.7778,5,0,taza,36,SMAE 2014,SMAE2014:CEREALES_SIN_GRASA:241
Palomitas acarameladas sin grasa,,363.1579,8.9474,52.6316,0,0,0,taza,25.33,SMAE 2014,SMAE2014:CEREALES_SIN_GRASA:242
Palomitas con queso,,523.8095,9.5238,51.4286,33.3333,10,0,taza,28,SMAE 2014,SMAE2014:CEREALES_CON_GRASA:120
Palomitas fat free,,388.8889,19.4444,77.7778,0,19.4444,0,taza,7.2,SMAE 2014,SMAE2014:CEREALES_SIN_GRASA:243
Palomitas garapiñadas,,433.3333,3.8095,79.0476,12.8571,5.2381,0,taza,28,SMAE 2014,SMAE2014:CEREALES_CON_GRASA:121
Palomitas naturales,,388.8889,19.4444,77.7778,0,19.4444,0,taza,7.2,SMAE 2014,SMAE2014:CEREALES_SIN_GRASA:244
Palomitas sin grasa,,388.8889,19.4444,77.7778,0,19.4444,0,taza,7.2,SMAE 2014,SMAE2014:CEREALES_SIN_GRASA:245
Pam,,880,0,0,100,0,0,disp.de un segundo,1,SMAE 2014,SMAE2014:ACEITES_Y_GRASAS:116
Pambazo,,268,10,50,4,6,0,pieza,50,SMAE 2014,SMAE2014:CEREALES_SIN_GRASA:246
Pámpano,,166.6667,18.7879,0,9.3939,0,0,,,SMAE 2014,SMAE2014:A_O_A_BAJO_EN_GRASA:89
Pámpano cocido,,212,23.6,0,12,0,0,,,SMAE 2014,SMAE2014:A_O_A_BAJO_EN_GRASA:90
Pámpano fileteado,,171.4286,19.1429,0,9.4286,0,0,,,SMAE 2014,SMAE2014:A_O_A_BAJO_EN_GRASA:91
Pan 5 granos,,248,9.6,38.4,8.4,6.4,0,rebanada,25,SMAE 2014,SMAE2014:CEREALES_SIN_GRASA:247
Pan 7 granos,,250,10,46.5385,3.8462,6.5385,0,rebanada,26,SMAE 2014,SMAE2014:CEREALES_SIN_GRASA:248
Pan ácimo,,285,6.5,55.5,5,2.5,0,pieza,60,SMAE 2014,SMAE2014:CEREALES_SIN_GRASA:249
Pan árabe,,270,9,55,1,2,0,pieza,60,SMAE 2014,SMAE2014:CEREALES_SIN_GRASA:250
Pan árabe integral,,266.6667,10,7.619,2.8571,7.619,0,pieza,63,SMAE 2014,SMAE2014:CEREALES_SIN_GRASA:251
Pan bagel dulce,,278.2609,10,56.087,1.7391,2.1739,0,pieza,69,SMAE 2014,SMAE2014:CEREALES_SIN_GRASA:252
Pan bagel integral,,260.8696,10.8696,54.3478,1.3043,3.4783,0,pieza,69,SMAE 2014,SMAE2014:CEREALES_SIN_GRASA:253
Pan bagel salado,,278.2609,10.8696,54.3478,1.7391,2.1739,0,pieza,69,SMAE 2014,SMAE2014:CEREALES_SIN_GRASA:254
Pan baguette,,266.6667,8.1481,49.6296,3.7037,2.2222,0,pieza,189,SMAE 2014,SMAE2014:CEREALES_SIN_GRASA:255
Pan birote,,304.5455,9.5455,64.0909,0,0.4545,0,pieza,66,SMAE 2014,SMAE2014:CEREALES_SIN_GRASA:256
Pan blanco,,262.963,8.1481,50.3704,2.963,1.8519,0,rebanada,27,SMAE 2014,SMAE2014:CEREALES_SIN_GRASA:257
Pan centeno,,258.3333,8.3333,48.3333,3.3333,5.8333,0,rebanada,32,SMAE 2014,SMAE2014:CEREALES_SIN_GRASA:258
pan con salvado,,248.1481,8.8889,47.7778,3.3333,4.0741,0,rebanada,36,SMAE 2014,SMAE2014:CEREALES_SIN_GRASA:259
Pan de 5 granos,,248,9.6,38.4,8.4,6.4,0,rebanada,25,SMAE 2014,SMAE2014:CEREALES_SIN_GRASA:260
Pan de 7 granos,,250,10,46.5385,3.8462,6.5385,0,rebanada,26,SMAE 2014,SMAE2014:CEREALES_SIN_GRASA:261
Pan de ajo,,332.1429,7.1429,43.9286,13.9286,3.5714,0,pieza,28,SMAE 2014,SMAE2014:CEREALES_CON_GRASA:122
Pan de ajo con queso,,350,8.9286,40.3571,17.5,3.5714,0,pieza,28,SMAE 2014,SMAE2014:CEREALES_CON_GRASA:123
Pan de avena,,236.6667,10.3333,39.6667,4.3333,4.3333,0,rebanada,30,SMAE 2014,SMAE2014:CEREALES_SIN_GRASA:262
Pan de caja,,262.963,8.1481,50.3704,2.963,1.8519,0,rebanada,27,SMAE 2014,SMAE2014:CEREALES_SIN_GRASA:263
Pan de caja integral,,268,9.6,50.4,4,4.4,0,rebanada,25,SMAE 2014,SMAE2014:CEREALES_SIN_GRASA:264
Pan de centeno y comino,,275,8.5,55,2.5,1.5,0,rebanada,20,SMAE 2014,SMAE2014:CEREALES_SIN_GRASA:265
Pan de centeno y trigo,,260.7143,9.2857,53.5714,0.7143,0.3571,0,rebanada,28,SMAE 2014,SMAE2014:CEREALES_SIN_GRASA:266
Pan de girasol integral,,228,8.4,38.8,5.6,4.4,0,pieza,25,SMAE 2014,SMAE2014:CEREALES_SIN_GRASA:267
Pan de hambueguesas chico,,257.6923,9.6154,49.6154,4.2308,2.6923,0,pieza,52,SMAE 2014,SMAE2014:CEREALES_SIN_GRASA:268
Pan de hot dog,,250,9.0909,47.7273,4.5455,2.2727,0,pieza,44,SMAE 2014,SMAE2014:CEREALES_SIN_GRASA:269
Pan de hot dog con ajonjoli,,250,9.0909,47.7273,4.5455,2.2727,0,pieza,44,SMAE 2014,SMAE2014:CEREALES_SIN_GRASA:270
pan de jengibre,,288,3.6,47.6,8.8,0,0,rebanada,25,SMAE 2014,SMAE2014:CEREALES_SIN_GRASA:271
Pan de jenjibre,,357.1429,3.9286,49.2857,16.4286,0,0,rebanada,28,SMAE 2014,SMAE2014:CEREALES_CON_GRASA:125
Pan de miel y avena,,253.5714,10.7143,45.3571,3.9286,3.2143,0,rebanada,28,SMAE 2014,SMAE2014:CEREALES_SIN_GRASA:272
Pan de muesli,,335.7143,8.9286,47.1429,12.8571,5,0,rebanada,28,SMAE 2014,SMAE2014:CEREALES_CON_GRASA:126
Pan de plátano,,323.8095,4.2857,54.7619,10.4762,0.9524,0,rebanada,28,SMAE 2014,SMAE2014:CEREALES_SIN_GRASA:273
Pan de trigo con arroz,,280.9524,6.6667,48.5714,7.1429,0,0,rebanada,28,SMAE 2014,SMAE2014:CEREALES_SIN_GRASA:274
"Pan dulce, orejas",,476.4706,5.8824,56.4706,25.8824,1.1765,0,pieza,51,SMAE 2014,SMAE2014:CEREALES_CON_GRASA:124
Pan integral,,268,9.6,50.4,4,4.4,0,rebanada,25,SMAE 2014,SMAE2014:CEREALES_SIN_GRASA:275
Pan melba,,400,12,76,4,6,0,pieza,5,SMAE 2014,SMAE2014:CEREALES_SIN_GRASA:277
Pan molido,,412.5,13.125,73.75,6.25,1.875,0,cucharadita,2,SMAE 2014,SMAE2014:CEREALES_SIN_GRASA:278
Pan negro,,265.3846,8.0769,58.4615,1.9231,1.1538,0,rebanada,26,SMAE 2014,SMAE2014:CEREALES_SIN_GRASA:279
Pan negro con trigo,,260,8,58.4,2,1.2,0,rebanada,25,SMAE 2014,SMAE2014:CEREALES_SIN_GRASA:280
Pan o crepas con azúcar,,325,0,58.3333,8.3333,0,0,pieza,30,SMAE 2014,SMAE2014:PLATILLOS_POSTRES:22
Pan para hambuerguesa chico,,257.6923,9.6154,49.6154,4.2308,2.6923,0,pieza,52,SMAE 2014,SMAE2014:CEREALES_SIN_GRASA:281
Pan para hambuerguesa grande,,260,9.6,50,4.4,2.4,0,pieza,75,SMAE 2014,SMAE2014:CEREALES_SIN_GRASA:282
Pan para pambazo,,268,10,50,4,6,0,pieza,50,SMAE 2014,SMAE2014:CEREALES_SIN_GRASA:283
"Pan tipo ""english miffin""",,231.0345,7.5862,45.1724,1.7241,2.7586,0,pieza,58,SMAE 2014,SMAE2014:CEREALES_SIN_GRASA:284
Pan tipo media noche,,250,9.0909,47.7273,4.5455,2.2727,0,pieza,44,SMAE 2014,SMAE2014:CEREALES_SIN_GRASA:285
Pan tipo muffin con mantequilla,,302.7027,7.8378,48.6486,9.1892,0,0,pieza,111,SMAE 2014,SMAE2014:CEREALES_CON_GRASA:127
Pan tipo muffin de fruta,,382.1429,4.6429,53.5714,16.0714,1.0714,0,pieza,112,SMAE 2014,SMAE2014:CEREALES_CON_GRASA:128
pan tipo muffin de maíz,,389.1892,5.9459,51.3514,8.3784,3.2432,0,pieza,111,SMAE 2014,SMAE2014:CEREALES_CON_GRASA:129
Pan tipo muffin integral,,272.973,7.027,48.6486,7.5676,4.5946,0,pieza,111,SMAE 2014,SMAE2014:CEREALES_CON_GRASA:130
Pan tostado,,426.6667,10.6667,78.6667,8,0.6667,0,rebanada,15,SMAE 2014,SMAE2014:CEREALES_SIN_GRASA:286
Pancita de puerco,,157.1429,16.5714,0,9.7143,0,0,,,SMAE 2014,SMAE2014:A_O_A_BAJO_EN_GRASA:92
Pancita de res,,93.0233,14.4186,0,3.9535,0,0,,,SMAE 2014,SMAE2014:A_O_A_MUY_BAJOS_EN_GRASA:165
Panditas,,313.3333,6,72.6667,0,0,0,bolsa,45,SMAE 2014,SMAE2014:AZUCARES_SIN_GRASA:94
Panqué,,420,6.5,49,21.5,1,0,rebanada,40,SMAE 2014,SMAE2014:CEREALES_CON_GRASA:131
Panqué con mantequilla,,420,6.5,49,21.5,0,0,rebanada,40,SMAE 2014,SMAE2014:CEREALES_CON_GRASA:132
Panqué de guayaba,,231.25,0,40.625,6.25,0,0,pieza,26.67,SMAE 2014,SMAE2014:PLATILLOS_POSTRES:32
Panqué de nata,,421.7391,6.087,46.5217,24.3478,0,0,rebanada,46,SMAE 2014,SMAE2014:CEREALES_CON_GRASA:133
Panqué de salvado,,295,4,34,14,3,0,rebanada,40,SMAE 2014,SMAE2014:CEREALES_CON_GRASA:134
Panqué fat-free,,284,5.6,61.2,1.2,1.2,0,rebanada,50,SMAE 2014,SMAE2014:CEREALES_SIN_GRASA:287
Panquecito cubierto de chocolate,,358.3333,4.5833,59.1667,12.5,0,0,pieza,48,SMAE 2014,SMAE2014:CEREALES_CON_GRASA:135
Panquecito cubierto de vainilla,,360.6061,3.3333,62.4242,11.5152,0,0,pieza,66,SMAE 2014,SMAE2014:CEREALES_CON_GRASA:136
Panquecito de vainilla,,360.6061,3.3333,62.4242,11.5152,0,0,pieza,66,SMAE 2014,SMAE2014:CEREALES_CON_GRASA:137
Papa al horno con cáscara,,93.5897,1.9231,21.5385,0.1282,1.5385,0,pieza,156,SMAE 2014,SMAE2014:CEREALES_SIN_GRASA:288
Papa al horno sin cáscara,,93.5897,2.0513,21.5385,0.1282,1.5385,0,pieza,156,SMAE 2014,SMAE2014:CEREALES_SIN_GRASA:289
Papa cocida,,86.7647,1.9118,20.1471,0.1471,1.7647,0,pieza,136,SMAE 2014,SMAE2014:CEREALES_SIN_GRASA:290
Papa cocida sin cascara,,85.2941,1.7647,20.1471,0.1471,1.7647,0,pieza,136,SMAE 2014,SMAE2014:CEREALES_SIN_GRASA:291
Papa con vinagreta,,150,0,22.5,5,0,0,taza,200,SMAE 2014,SMAE2014:PLATILLOS_GUARNICIONES:60
Papa congelada para freir,,200,3.2,31.2,7.6,3.2,0,,,SMAE 2014,SMAE2014:CEREALES_CON_GRASA:138
Papa de agua,,91.0256,3.3333,19.8718,0.2564,0.5128,0,pieza,78,SMAE 2014,SMAE2014:CEREALES_SIN_GRASA:292
Papa de cambray,,76.5957,1.5957,17.5532,0.1064,0.5319,0,pieza,18.8,SMAE 2014,SMAE2014:CEREALES_SIN_GRASA:293
Papa hash brown,,256.4103,3.0769,35.1282,12.5641,3.0769,0,taza,156,SMAE 2014,SMAE2014:CEREALES_CON_GRASA:139
Papa hervida con piel,,86.7647,1.9118,20.1471,0.1471,1.7647,0,pieza,136,SMAE 2014,SMAE2014:CEREALES_SIN_GRASA:294
Papa hervida pelada,,85.2941,1.7647,20.1471,0.1471,1.7647,0,pieza,136,SMAE 2014,SMAE2014:CEREALES_SIN_GRASA:295
Papa picada,,68.5714,1.7143,15.619,0.0952,2.381,0,taza,140,SMAE 2014,SMAE2014:CEREALES_SIN_GRASA:296
Papa roja cruda,,70.5882,1.8824,15.8824,0.1176,1.6471,0,pieza,170,SMAE 2014,SMAE2014:CEREALES_SIN_GRASA:297
Papa sal,,535,5,55,33,5,0,,,SMAE 2014,SMAE2014:CEREALES_CON_GRASA:140
Papaloquite crudo,,22.2222,1.7593,2.8704,0.2778,0.9259,0,taza,54,SMAE 2014,SMAE2014:VERDURAS:121
Papas a la francesa,,98.8095,0,14.2857,3.5714,0,0,taza,210,SMAE 2014,SMAE2014:PLATILLOS_SOPAS:59
Papas fritas,,555.5556,6.1111,51.1111,38.3333,3.3333,0,pieza,3,SMAE 2014,SMAE2014:CEREALES_CON_GRASA:141
Papas fritas a la francesa,,560,6,51,38.5,3.5,0,pieza,5,SMAE 2014,SMAE2014:CEREALES_CON_GRASA:142
Papas fritas bajas en grasa,,500,5.7143,64.7619,25.7143,3.8095,0,pieza,3,SMAE 2014,SMAE2014:CEREALES_CON_GRASA:143
Papas fritas con crema ácida y cebolla,,544.4444,6.6667,51.1111,37.2222,1.1111,0,pieza,3,SMAE 2014,SMAE2014:CEREALES_CON_GRASA:144
papas fritas con queso,,550,7.2222,50.5556,37.2222,3.3333,0,pieza,3,SMAE 2014,SMAE2014:CEREALES_CON_GRASA:145
Papas fritas en juliana,,333.3333,3.6667,39.6667,18.6667,3.3333,0,pieza,5,SMAE 2014,SMAE2014:CEREALES_CON_GRASA:146
Papas fritas light,,526.3158,5.7895,62.6316,29.4737,5.2632,0,pieza,1.9,SMAE 2014,SMAE2014:CEREALES_CON_GRASA:147
Papas fritas reducidas en grasa,,470,5.5,61,24,3.5,0,bolsa individual,26.67,SMAE 2014,SMAE2014:CEREALES_CON_GRASA:148
Papas guisadas o en vinagre,,150,0,22.5,5,0,0,taza,200,SMAE 2014,SMAE2014:PLATILLOS_GUARNICIONES:59
Papas hojuelas para puré,,355,8.5,81,0.5,6.5,0,,,SMAE 2014,SMAE2014:CEREALES_SIN_GRASA:298
Papas sabritas,,52.3077,0.4103,5.3333,3.2821,0.4103,0,,,SMAE 2014,SMAE2014:CEREALES_CON_GRASA:149
Papaya hawaiana,,39.4737,0.614,9.8246,0.1754,1.8421,0,pieza pequeña,228,SMAE 2014,SMAE2014:FRUTAS:133
Papaya picada,,39.2857,0.5714,9.7857,0.0714,1.7857,0,taza,140,SMAE 2014,SMAE2014:FRUTAS:134
Papilla de arroz,,394.1176,8.2353,82.9412,2.9412,6.4706,0,taza,34,SMAE 2014,SMAE2014:CEREALES_SIN_GRASA:299
Papilla de arroz deshidratada,,393.3333,7.3333,77.3333,4.6667,0.6667,0,,,SMAE 2014,SMAE2014:CEREALES_SIN_GRASA:300
Papilla de avena deshidratada,,373.3333,6.6667,80,1.3333,0.6667,0,,,SMAE 2014,SMAE2014:CEREALES_SIN_GRASA:301
Papilla de chabacano con tapioca,,62.2449,0.3061,17.2449,0,1.5306,0,frasco,130.67,SMAE 2014,SMAE2014:FRUTAS:135
Papilla de ciruela con tapioca,,69.3878,0.6122,18.5714,0.102,2.6531,0,frasco,130.67,SMAE 2014,SMAE2014:FRUTAS:136
Papilla de durazno,,64.2857,0.9184,14.3878,0.3061,1.3265,0,frasco,130.67,SMAE 2014,SMAE2014:FRUTAS:137
Papilla de frutas mixtas,,60.2041,0.2041,16.3265,0,0,0,frasco,130.67,SMAE 2014,SMAE2014:FRUTAS:138
Papilla de guayaba y papaya con tapioca,,62.2449,0.2041,16.9388,0.102,0,0,frasco,130.67,SMAE 2014,SMAE2014:FRUTAS:139
Papilla de macarrones con pollo,,505,20.5,73,14.5,3,0,frasco,13.33,SMAE 2014,SMAE2014:CEREALES_CON_GRASA:150
Papilla de maíz deshidratada,,342.8571,8.5714,79.0476,0.9524,5.2381,0,sobre,28,SMAE 2014,SMAE2014:CEREALES_SIN_GRASA:302
Papilla de mango con tapioca,,69.4118,0.3529,18.9412,0.2353,1.0588,0,frasco,127.5,SMAE 2014,SMAE2014:FRUTAS:140
Papilla de manzana,,71.7647,0.3529,19.5294,0,0,0,frasco,127.5,SMAE 2014,SMAE2014:FRUTAS:141
Papilla de manzana y chabacano,,46.9231,0.2308,12.3846,0.2308,1.7692,0,frasco,130,SMAE 2014,SMAE2014:FRUTAS:142
Papilla de pera,,57.1429,0.3061,13.5714,0.102,1.2245,0,frasco,130.67,SMAE 2014,SMAE2014:FRUTAS:143
Papilla de pera y piña,,43.8462,0.3077,11.3846,0.2308,2.6154,0,frasco,130,SMAE 2014,SMAE2014:FRUTAS:144
Papilla de platano y piña con tapioca,,67.3469,0.2041,18.2653,0.102,1.6327,0,frasco,130.67,SMAE 2014,SMAE2014:FRUTAS:145
Papilla de verduras mixtas,,44.186,1.1628,9.5349,0,1.3953,0,frasco,129,SMAE 2014,SMAE2014:VERDURAS:122
Paprika,,300,15,55,15,0,0,cucharadita,2,SMAE 2014,SMAE2014:ALIMENTOS_LIBRES_EN_ENERGIA:154
Pargo,,102.7778,20.8333,0,1.9444,0,0,,,SMAE 2014,SMAE2014:A_O_A_MUY_BAJOS_EN_GRASA:166
Pargo fileteado,,102.8571,21.1429,0,2,0,0,,,SMAE 2014,SMAE2014:A_O_A_MUY_BAJOS_EN_GRASA:167
Pasas,,295,2.5,78.5,0.5,7,0,pieza,2,SMAE 2014,SMAE2014:FRUTAS:146
Pasitas,,295,2.5,78.5,0.5,7,0,pieza,2,SMAE 2014,SMAE2014:FRUTAS:147
Pasitas con chocolate,,390.9091,4.5455,68.1818,14.5455,0,0,pieza,1,SMAE 2014,SMAE2014:AZUCARES_SIN_GRASA:95
Pasitas en semilla,,300,3,79,0.5,3.5,0,pieza,2,SMAE 2014,SMAE2014:FRUTAS:148
Pasta a la putanesca,,89.7436,0,16.4103,1.2821,0,0,taza,195,SMAE 2014,SMAE2014:PLATILLOS_SOPAS:48
Pasta ángel,,260.7143,6.0714,58.5714,0.7143,1.4286,0,rebanada,28,SMAE 2014,SMAE2014:CEREALES_SIN_GRASA:318
Pasta cocida,,130,5.3333,23.3333,1.8333,0,0,taza,120,SMAE 2014,SMAE2014:CEREALES_SIN_GRASA:303
Pasta con huevo,,380,12.6667,73.3333,4,0,0,taza,45,SMAE 2014,SMAE2014:CEREALES_SIN_GRASA:304
Pasta cruda para sopa,,340,9.5,73,0.5,2,0,,,SMAE 2014,SMAE2014:CEREALES_SIN_GRASA:305
Pasta de almendras,,476.9231,9.2308,50,29.2308,0,0,cucharadita,3.25,SMAE 2014,SMAE2014:ACEITES_Y_GRASAS_CON_PROTEINAS:173
Pasta de almendras,,476.9231,9.2308,50,29.2308,0,0,cucharadita,3.25,SMAE 2014,SMAE2014:ACEITES_Y_GRASAS_CON_PROTEINAS:70
Pasta de anchoas,,200,20,4.2857,11.4286,0,0,cucharada,7,SMAE 2014,SMAE2014:A_O_A_BAJO_EN_GRASA:93
Pasta de cacahuate,,561.5385,26.9231,16.9231,47.6923,0,0,cucharadita,2.6,SMAE 2014,SMAE2014:ACEITES_Y_GRASAS_CON_PROTEINAS:174
Pasta de cacahuate,,561.5385,26.9231,16.9231,47.6923,0,0,cucharadita,2.6,SMAE 2014,SMAE2014:ACEITES_Y_GRASAS_CON_PROTEINAS:71
Pasta de cacahucate desgrasada,,422.2222,29.4444,27.2222,24.4444,0,0,cucharadita,2.57,SMAE 2014,SMAE2014:ACEITES_Y_GRASAS_CON_PROTEINAS:175
Pasta de cacahucate desgrasada,,422.2222,29.4444,27.2222,24.4444,0,0,cucharadita,2.57,SMAE 2014,SMAE2014:ACEITES_Y_GRASAS_CON_PROTEINAS:72
Pasta de camarón,,180,20.6667,1.6667,9.3333,0,0,,,SMAE 2014,SMAE2014:A_O_A_BAJO_EN_GRASA:94
Pasta de codito,,370,12.5,75,1,0.5,0,taza,40,SMAE 2014,SMAE2014:CEREALES_SIN_GRASA:306
Pasta de estrellitas,,363.1579,12.1053,74.2105,1.0526,0.5263,0,taza,76,SMAE 2014,SMAE2014:CEREALES_SIN_GRASA:307
Pasta de hojaldre,,540,5.5,38,41,1.5,0,,,SMAE 2014,SMAE2014:CEREALES_CON_GRASA:151
Pasta de jitomate,,89.7436,0,16.4103,1.2821,0,0,taza,195,SMAE 2014,SMAE2014:PLATILLOS_SOPAS:49
Pasta de lagrimitas,,363.1579,12.1053,74.2105,1.0526,0.5263,0,taza,76,SMAE 2014,SMAE2014:CEREALES_SIN_GRASA:308
Pasta de langosta,,185.7143,21.4286,1.4286,10,0,0,cucharada,7,SMAE 2014,SMAE2014:A_O_A_BAJO_EN_GRASA:95
Pasta de letras,,363.1579,12.1053,74.2105,1.0526,0.5263,0,taza,76,SMAE 2014,SMAE2014:CEREALES_SIN_GRASA:309
Pasta de moño,,370,12.5,75,1,0.5,0,taza,40,SMAE 2014,SMAE2014:CEREALES_SIN_GRASA:310
Pasta de municiones,,363.1579,12.1053,74.2105,1.0526,0.5263,0,taza,76,SMAE 2014,SMAE2014:CEREALES_SIN_GRASA:311
Pasta de trigo cocida,,130,5.3333,23.3333,1.8333,0,0,taza,120,SMAE 2014,SMAE2014:CEREALES_SIN_GRASA:312
